2025-12-18T00:00:20.061+05:30  INFO 12284 --- [customer-status-service] [DiscoveryClient-InstanceInfoReplicator-%d] com.netflix.discovery.DiscoveryClient    : DiscoveryClient_CUSTOMER-STATUS-SERVICE/host.docker.internal:customer-status-service:8090: registering service...
2025-12-18T00:00:20.075+05:30 DEBUG 12284 --- [customer-status-service] [DiscoveryClient-InstanceInfoReplicator-%d] o.s.web.client.RestTemplate              : HTTP POST http://localhost:8761/apps/CUSTOMER-STATUS-SERVICE
2025-12-18T00:00:20.076+05:30 DEBUG 12284 --- [customer-status-service] [DiscoveryClient-InstanceInfoReplicator-%d] o.s.web.client.RestTemplate              : Accept=[application/json, application/*+json]
2025-12-18T00:00:20.110+05:30 DEBUG 12284 --- [customer-status-service] [DiscoveryClient-InstanceInfoReplicator-%d] o.s.web.client.RestTemplate              : Writing [InstanceInfo [instanceId = host.docker.internal:customer-status-service:8090, appName = CUSTOMER-STATUS-SERVICE, hostName = host.docker.internal, status = UP, ipAddr = 192.168.1.4, port = 8090, securePort = 443, dataCenterInfo = com.netflix.appinfo.MyDataCenterInfo@56b66cc6] as "application/json"
2025-12-18T00:00:20.136+05:30 DEBUG 12284 --- [customer-status-service] [DiscoveryClient-InstanceInfoReplicator-%d] o.s.web.client.RestTemplate              : Response 404 NOT_FOUND
2025-12-18T00:00:20.136+05:30  INFO 12284 --- [customer-status-service] [DiscoveryClient-InstanceInfoReplicator-%d] com.netflix.discovery.DiscoveryClient    : DiscoveryClient_CUSTOMER-STATUS-SERVICE/host.docker.internal:customer-status-service:8090 - registration status: 404
2025-12-18T00:00:20.141+05:30 DEBUG 12284 --- [customer-status-service] [DiscoveryClient-HeartbeatExecutor-%d] o.s.web.client.RestTemplate              : HTTP PUT http://localhost:8761/apps/CUSTOMER-STATUS-SERVICE/host.docker.internal:customer-status-service:8090?status=UP&lastDirtyTimestamp=1765996190113
2025-12-18T00:00:20.141+05:30 DEBUG 12284 --- [customer-status-service] [DiscoveryClient-HeartbeatExecutor-%d] o.s.web.client.RestTemplate              : Accept=[application/json, application/*+json]
2025-12-18T00:00:20.150+05:30 DEBUG 12284 --- [customer-status-service] [DiscoveryClient-HeartbeatExecutor-%d] o.s.web.client.RestTemplate              : Response 404 NOT_FOUND
2025-12-18T00:00:20.150+05:30  INFO 12284 --- [customer-status-service] [DiscoveryClient-HeartbeatExecutor-%d] com.netflix.discovery.DiscoveryClient    : DiscoveryClient_CUSTOMER-STATUS-SERVICE/host.docker.internal:customer-status-service:8090 - Re-registering apps/CUSTOMER-STATUS-SERVICE
2025-12-18T00:00:20.150+05:30  INFO 12284 --- [customer-status-service] [DiscoveryClient-HeartbeatExecutor-%d] com.netflix.discovery.DiscoveryClient    : DiscoveryClient_CUSTOMER-STATUS-SERVICE/host.docker.internal:customer-status-service:8090: registering service...
2025-12-18T00:00:20.150+05:30 DEBUG 12284 --- [customer-status-service] [DiscoveryClient-HeartbeatExecutor-%d] o.s.web.client.RestTemplate              : HTTP POST http://localhost:8761/apps/CUSTOMER-STATUS-SERVICE
2025-12-18T00:00:20.150+05:30 DEBUG 12284 --- [customer-status-service] [DiscoveryClient-HeartbeatExecutor-%d] o.s.web.client.RestTemplate              : Accept=[application/json, application/*+json]
2025-12-18T00:00:20.157+05:30 DEBUG 12284 --- [customer-status-service] [DiscoveryClient-HeartbeatExecutor-%d] o.s.web.client.RestTemplate              : Writing [InstanceInfo [instanceId = host.docker.internal:customer-status-service:8090, appName = CUSTOMER-STATUS-SERVICE, hostName = host.docker.internal, status = UP, ipAddr = 192.168.1.4, port = 8090, securePort = 443, dataCenterInfo = com.netflix.appinfo.MyDataCenterInfo@56b66cc6] as "application/json"
2025-12-18T00:00:20.165+05:30 DEBUG 12284 --- [customer-status-service] [DiscoveryClient-HeartbeatExecutor-%d] o.s.web.client.RestTemplate              : Response 404 NOT_FOUND
2025-12-18T00:00:20.165+05:30  INFO 12284 --- [customer-status-service] [DiscoveryClient-HeartbeatExecutor-%d] com.netflix.discovery.DiscoveryClient    : DiscoveryClient_CUSTOMER-STATUS-SERVICE/host.docker.internal:customer-status-service:8090 - registration status: 404
2025-12-18T00:00:20.221+05:30  INFO 12284 --- [customer-status-service] [DiscoveryClient-CacheRefreshExecutor-%d] com.netflix.discovery.DiscoveryClient    : Disable delta property : false
2025-12-18T00:00:20.221+05:30  INFO 12284 --- [customer-status-service] [DiscoveryClient-CacheRefreshExecutor-%d] com.netflix.discovery.DiscoveryClient    : Single vip registry refresh property : null
2025-12-18T00:00:20.221+05:30  INFO 12284 --- [customer-status-service] [DiscoveryClient-CacheRefreshExecutor-%d] com.netflix.discovery.DiscoveryClient    : Force full registry fetch : false
2025-12-18T00:00:20.221+05:30  INFO 12284 --- [customer-status-service] [DiscoveryClient-CacheRefreshExecutor-%d] com.netflix.discovery.DiscoveryClient    : Application is null : false
2025-12-18T00:00:20.221+05:30  INFO 12284 --- [customer-status-service] [DiscoveryClient-CacheRefreshExecutor-%d] com.netflix.discovery.DiscoveryClient    : Registered Applications size is zero : true
2025-12-18T00:00:20.221+05:30  INFO 12284 --- [customer-status-service] [DiscoveryClient-CacheRefreshExecutor-%d] com.netflix.discovery.DiscoveryClient    : Application version is -1: true
2025-12-18T00:00:20.221+05:30  INFO 12284 --- [customer-status-service] [DiscoveryClient-CacheRefreshExecutor-%d] com.netflix.discovery.DiscoveryClient    : Getting all instance registry info from the eureka server
2025-12-18T00:00:20.233+05:30 DEBUG 12284 --- [customer-status-service] [DiscoveryClient-CacheRefreshExecutor-%d] o.s.web.client.RestTemplate              : HTTP GET http://localhost:8761/apps/
2025-12-18T00:00:20.240+05:30 DEBUG 12284 --- [customer-status-service] [DiscoveryClient-CacheRefreshExecutor-%d] o.s.web.client.RestTemplate              : Accept=[application/json, application/*+json]
2025-12-18T00:00:20.260+05:30 DEBUG 12284 --- [customer-status-service] [DiscoveryClient-CacheRefreshExecutor-%d] o.s.web.client.RestTemplate              : Response 404 NOT_FOUND
2025-12-18T00:00:20.261+05:30  WARN 12284 --- [customer-status-service] [DiscoveryClient-CacheRefreshExecutor-%d] c.n.d.s.t.d.RetryableEurekaHttpClient    : Request execution failure with status code 404; retrying on another server if available
2025-12-18T00:00:20.261+05:30  INFO 12284 --- [customer-status-service] [DiscoveryClient-CacheRefreshExecutor-%d] com.netflix.discovery.DiscoveryClient    : DiscoveryClient_CUSTOMER-STATUS-SERVICE/host.docker.internal:customer-status-service:8090 - was unable to refresh its cache! This periodic background refresh will be retried in 30 seconds. status = Cannot execute request on any known server stacktrace = com.netflix.discovery.shared.transport.TransportException: Cannot execute request on any known server
	at com.netflix.discovery.shared.transport.decorator.RetryableEurekaHttpClient.execute(RetryableEurekaHttpClient.java:112)
	at com.netflix.discovery.shared.transport.decorator.EurekaHttpClientDecorator.getApplications(EurekaHttpClientDecorator.java:134)
	at com.netflix.discovery.shared.transport.decorator.EurekaHttpClientDecorator$6.execute(EurekaHttpClientDecorator.java:137)
	at com.netflix.discovery.shared.transport.decorator.SessionedEurekaHttpClient.execute(SessionedEurekaHttpClient.java:76)
	at com.netflix.discovery.shared.transport.decorator.EurekaHttpClientDecorator.getApplications(EurekaHttpClientDecorator.java:134)
	at com.netflix.discovery.DiscoveryClient.getAndStoreFullRegistry(DiscoveryClient.java:1046)
	at com.netflix.discovery.DiscoveryClient.fetchRegistry(DiscoveryClient.java:961)
	at com.netflix.discovery.DiscoveryClient.refreshRegistry(DiscoveryClient.java:1473)
	at com.netflix.discovery.DiscoveryClient$CacheRefreshThread.run(DiscoveryClient.java:1441)
	at java.base/java.util.concurrent.Executors$RunnableAdapter.call(Executors.java:572)
	at java.base/java.util.concurrent.FutureTask.run(FutureTask.java:317)
	at java.base/java.util.concurrent.ThreadPoolExecutor.runWorker(ThreadPoolExecutor.java:1144)
	at java.base/java.util.concurrent.ThreadPoolExecutor$Worker.run(ThreadPoolExecutor.java:642)
	at java.base/java.lang.Thread.run(Thread.java:1583)

2025-12-18T00:00:50.155+05:30  INFO 12284 --- [customer-status-service] [DiscoveryClient-InstanceInfoReplicator-%d] com.netflix.discovery.DiscoveryClient    : DiscoveryClient_CUSTOMER-STATUS-SERVICE/host.docker.internal:customer-status-service:8090: registering service...
2025-12-18T00:00:50.157+05:30 DEBUG 12284 --- [customer-status-service] [DiscoveryClient-InstanceInfoReplicator-%d] o.s.web.client.RestTemplate              : HTTP POST http://localhost:8761/apps/CUSTOMER-STATUS-SERVICE
2025-12-18T00:00:50.157+05:30 DEBUG 12284 --- [customer-status-service] [DiscoveryClient-InstanceInfoReplicator-%d] o.s.web.client.RestTemplate              : Accept=[application/json, application/*+json]
2025-12-18T00:00:50.157+05:30 DEBUG 12284 --- [customer-status-service] [DiscoveryClient-InstanceInfoReplicator-%d] o.s.web.client.RestTemplate              : Writing [InstanceInfo [instanceId = host.docker.internal:customer-status-service:8090, appName = CUSTOMER-STATUS-SERVICE, hostName = host.docker.internal, status = UP, ipAddr = 192.168.1.4, port = 8090, securePort = 443, dataCenterInfo = com.netflix.appinfo.MyDataCenterInfo@56b66cc6] as "application/json"
2025-12-18T00:00:50.171+05:30 DEBUG 12284 --- [customer-status-service] [DiscoveryClient-HeartbeatExecutor-%d] o.s.web.client.RestTemplate              : HTTP PUT http://localhost:8761/apps/CUSTOMER-STATUS-SERVICE/host.docker.internal:customer-status-service:8090?status=UP&lastDirtyTimestamp=1765996220150
2025-12-18T00:00:50.173+05:30 DEBUG 12284 --- [customer-status-service] [DiscoveryClient-HeartbeatExecutor-%d] o.s.web.client.RestTemplate              : Accept=[application/json, application/*+json]
2025-12-18T00:00:50.185+05:30 DEBUG 12284 --- [customer-status-service] [DiscoveryClient-InstanceInfoReplicator-%d] o.s.web.client.RestTemplate              : Response 404 NOT_FOUND
2025-12-18T00:00:50.185+05:30  INFO 12284 --- [customer-status-service] [DiscoveryClient-InstanceInfoReplicator-%d] com.netflix.discovery.DiscoveryClient    : DiscoveryClient_CUSTOMER-STATUS-SERVICE/host.docker.internal:customer-status-service:8090 - registration status: 404
2025-12-18T00:00:50.187+05:30 DEBUG 12284 --- [customer-status-service] [DiscoveryClient-HeartbeatExecutor-%d] o.s.web.client.RestTemplate              : Response 404 NOT_FOUND
2025-12-18T00:00:50.187+05:30  INFO 12284 --- [customer-status-service] [DiscoveryClient-HeartbeatExecutor-%d] com.netflix.discovery.DiscoveryClient    : DiscoveryClient_CUSTOMER-STATUS-SERVICE/host.docker.internal:customer-status-service:8090 - Re-registering apps/CUSTOMER-STATUS-SERVICE
2025-12-18T00:00:50.187+05:30  INFO 12284 --- [customer-status-service] [DiscoveryClient-HeartbeatExecutor-%d] com.netflix.discovery.DiscoveryClient    : DiscoveryClient_CUSTOMER-STATUS-SERVICE/host.docker.internal:customer-status-service:8090: registering service...
2025-12-18T00:00:50.187+05:30 DEBUG 12284 --- [customer-status-service] [DiscoveryClient-HeartbeatExecutor-%d] o.s.web.client.RestTemplate              : HTTP POST http://localhost:8761/apps/CUSTOMER-STATUS-SERVICE
2025-12-18T00:00:50.187+05:30 DEBUG 12284 --- [customer-status-service] [DiscoveryClient-HeartbeatExecutor-%d] o.s.web.client.RestTemplate              : Accept=[application/json, application/*+json]
2025-12-18T00:00:50.187+05:30 DEBUG 12284 --- [customer-status-service] [DiscoveryClient-HeartbeatExecutor-%d] o.s.web.client.RestTemplate              : Writing [InstanceInfo [instanceId = host.docker.internal:customer-status-service:8090, appName = CUSTOMER-STATUS-SERVICE, hostName = host.docker.internal, status = UP, ipAddr = 192.168.1.4, port = 8090, securePort = 443, dataCenterInfo = com.netflix.appinfo.MyDataCenterInfo@56b66cc6] as "application/json"
2025-12-18T00:00:50.194+05:30 DEBUG 12284 --- [customer-status-service] [DiscoveryClient-HeartbeatExecutor-%d] o.s.web.client.RestTemplate              : Response 404 NOT_FOUND
2025-12-18T00:00:50.194+05:30  INFO 12284 --- [customer-status-service] [DiscoveryClient-HeartbeatExecutor-%d] com.netflix.discovery.DiscoveryClient    : DiscoveryClient_CUSTOMER-STATUS-SERVICE/host.docker.internal:customer-status-service:8090 - registration status: 404
2025-12-18T00:00:50.269+05:30  INFO 12284 --- [customer-status-service] [DiscoveryClient-CacheRefreshExecutor-%d] com.netflix.discovery.DiscoveryClient    : Disable delta property : false
2025-12-18T00:00:50.269+05:30  INFO 12284 --- [customer-status-service] [DiscoveryClient-CacheRefreshExecutor-%d] com.netflix.discovery.DiscoveryClient    : Single vip registry refresh property : null
2025-12-18T00:00:50.270+05:30  INFO 12284 --- [customer-status-service] [DiscoveryClient-CacheRefreshExecutor-%d] com.netflix.discovery.DiscoveryClient    : Force full registry fetch : false
2025-12-18T00:00:50.270+05:30  INFO 12284 --- [customer-status-service] [DiscoveryClient-CacheRefreshExecutor-%d] com.netflix.discovery.DiscoveryClient    : Application is null : false
2025-12-18T00:00:50.270+05:30  INFO 12284 --- [customer-status-service] [DiscoveryClient-CacheRefreshExecutor-%d] com.netflix.discovery.DiscoveryClient    : Registered Applications size is zero : true
2025-12-18T00:00:50.270+05:30  INFO 12284 --- [customer-status-service] [DiscoveryClient-CacheRefreshExecutor-%d] com.netflix.discovery.DiscoveryClient    : Application version is -1: true
2025-12-18T00:00:50.270+05:30  INFO 12284 --- [customer-status-service] [DiscoveryClient-CacheRefreshExecutor-%d] com.netflix.discovery.DiscoveryClient    : Getting all instance registry info from the eureka server
2025-12-18T00:00:50.279+05:30 DEBUG 12284 --- [customer-status-service] [DiscoveryClient-CacheRefreshExecutor-%d] o.s.web.client.RestTemplate              : HTTP GET http://localhost:8761/apps/
2025-12-18T00:00:50.292+05:30 DEBUG 12284 --- [customer-status-service] [DiscoveryClient-CacheRefreshExecutor-%d] o.s.web.client.RestTemplate              : Accept=[application/json, application/*+json]
2025-12-18T00:00:50.308+05:30 DEBUG 12284 --- [customer-status-service] [DiscoveryClient-CacheRefreshExecutor-%d] o.s.web.client.RestTemplate              : Response 404 NOT_FOUND
2025-12-18T00:00:50.308+05:30  WARN 12284 --- [customer-status-service] [DiscoveryClient-CacheRefreshExecutor-%d] c.n.d.s.t.d.RetryableEurekaHttpClient    : Request execution failure with status code 404; retrying on another server if available
2025-12-18T00:00:50.308+05:30  INFO 12284 --- [customer-status-service] [DiscoveryClient-CacheRefreshExecutor-%d] com.netflix.discovery.DiscoveryClient    : DiscoveryClient_CUSTOMER-STATUS-SERVICE/host.docker.internal:customer-status-service:8090 - was unable to refresh its cache! This periodic background refresh will be retried in 30 seconds. status = Cannot execute request on any known server stacktrace = com.netflix.discovery.shared.transport.TransportException: Cannot execute request on any known server
	at com.netflix.discovery.shared.transport.decorator.RetryableEurekaHttpClient.execute(RetryableEurekaHttpClient.java:112)
	at com.netflix.discovery.shared.transport.decorator.EurekaHttpClientDecorator.getApplications(EurekaHttpClientDecorator.java:134)
	at com.netflix.discovery.shared.transport.decorator.EurekaHttpClientDecorator$6.execute(EurekaHttpClientDecorator.java:137)
	at com.netflix.discovery.shared.transport.decorator.SessionedEurekaHttpClient.execute(SessionedEurekaHttpClient.java:76)
	at com.netflix.discovery.shared.transport.decorator.EurekaHttpClientDecorator.getApplications(EurekaHttpClientDecorator.java:134)
	at com.netflix.discovery.DiscoveryClient.getAndStoreFullRegistry(DiscoveryClient.java:1046)
	at com.netflix.discovery.DiscoveryClient.fetchRegistry(DiscoveryClient.java:961)
	at com.netflix.discovery.DiscoveryClient.refreshRegistry(DiscoveryClient.java:1473)
	at com.netflix.discovery.DiscoveryClient$CacheRefreshThread.run(DiscoveryClient.java:1441)
	at java.base/java.util.concurrent.Executors$RunnableAdapter.call(Executors.java:572)
	at java.base/java.util.concurrent.FutureTask.run(FutureTask.java:317)
	at java.base/java.util.concurrent.ThreadPoolExecutor.runWorker(ThreadPoolExecutor.java:1144)
	at java.base/java.util.concurrent.ThreadPoolExecutor$Worker.run(ThreadPoolExecutor.java:642)
	at java.base/java.lang.Thread.run(Thread.java:1583)

2025-12-18T00:01:20.197+05:30  INFO 12284 --- [customer-status-service] [DiscoveryClient-InstanceInfoReplicator-%d] com.netflix.discovery.DiscoveryClient    : DiscoveryClient_CUSTOMER-STATUS-SERVICE/host.docker.internal:customer-status-service:8090: registering service...
2025-12-18T00:01:20.197+05:30 DEBUG 12284 --- [customer-status-service] [DiscoveryClient-InstanceInfoReplicator-%d] o.s.web.client.RestTemplate              : HTTP POST http://localhost:8761/apps/CUSTOMER-STATUS-SERVICE
2025-12-18T00:01:20.200+05:30 DEBUG 12284 --- [customer-status-service] [DiscoveryClient-InstanceInfoReplicator-%d] o.s.web.client.RestTemplate              : Accept=[application/json, application/*+json]
2025-12-18T00:01:20.202+05:30 DEBUG 12284 --- [customer-status-service] [DiscoveryClient-InstanceInfoReplicator-%d] o.s.web.client.RestTemplate              : Writing [InstanceInfo [instanceId = host.docker.internal:customer-status-service:8090, appName = CUSTOMER-STATUS-SERVICE, hostName = host.docker.internal, status = UP, ipAddr = 192.168.1.4, port = 8090, securePort = 443, dataCenterInfo = com.netflix.appinfo.MyDataCenterInfo@56b66cc6] as "application/json"
2025-12-18T00:01:20.213+05:30 DEBUG 12284 --- [customer-status-service] [DiscoveryClient-HeartbeatExecutor-%d] o.s.web.client.RestTemplate              : HTTP PUT http://localhost:8761/apps/CUSTOMER-STATUS-SERVICE/host.docker.internal:customer-status-service:8090?status=UP&lastDirtyTimestamp=1765996250187
2025-12-18T00:01:20.213+05:30 DEBUG 12284 --- [customer-status-service] [DiscoveryClient-HeartbeatExecutor-%d] o.s.web.client.RestTemplate              : Accept=[application/json, application/*+json]
2025-12-18T00:01:20.227+05:30 DEBUG 12284 --- [customer-status-service] [DiscoveryClient-InstanceInfoReplicator-%d] o.s.web.client.RestTemplate              : Response 404 NOT_FOUND
2025-12-18T00:01:20.227+05:30  INFO 12284 --- [customer-status-service] [DiscoveryClient-InstanceInfoReplicator-%d] com.netflix.discovery.DiscoveryClient    : DiscoveryClient_CUSTOMER-STATUS-SERVICE/host.docker.internal:customer-status-service:8090 - registration status: 404
2025-12-18T00:01:20.233+05:30 DEBUG 12284 --- [customer-status-service] [DiscoveryClient-HeartbeatExecutor-%d] o.s.web.client.RestTemplate              : Response 404 NOT_FOUND
2025-12-18T00:01:20.238+05:30  INFO 12284 --- [customer-status-service] [DiscoveryClient-HeartbeatExecutor-%d] com.netflix.discovery.DiscoveryClient    : DiscoveryClient_CUSTOMER-STATUS-SERVICE/host.docker.internal:customer-status-service:8090 - Re-registering apps/CUSTOMER-STATUS-SERVICE
2025-12-18T00:01:20.238+05:30  INFO 12284 --- [customer-status-service] [DiscoveryClient-HeartbeatExecutor-%d] com.netflix.discovery.DiscoveryClient    : DiscoveryClient_CUSTOMER-STATUS-SERVICE/host.docker.internal:customer-status-service:8090: registering service...
2025-12-18T00:01:20.238+05:30 DEBUG 12284 --- [customer-status-service] [DiscoveryClient-HeartbeatExecutor-%d] o.s.web.client.RestTemplate              : HTTP POST http://localhost:8761/apps/CUSTOMER-STATUS-SERVICE
2025-12-18T00:01:20.238+05:30 DEBUG 12284 --- [customer-status-service] [DiscoveryClient-HeartbeatExecutor-%d] o.s.web.client.RestTemplate              : Accept=[application/json, application/*+json]
2025-12-18T00:01:20.238+05:30 DEBUG 12284 --- [customer-status-service] [DiscoveryClient-HeartbeatExecutor-%d] o.s.web.client.RestTemplate              : Writing [InstanceInfo [instanceId = host.docker.internal:customer-status-service:8090, appName = CUSTOMER-STATUS-SERVICE, hostName = host.docker.internal, status = UP, ipAddr = 192.168.1.4, port = 8090, securePort = 443, dataCenterInfo = com.netflix.appinfo.MyDataCenterInfo@56b66cc6] as "application/json"
2025-12-18T00:01:20.247+05:30 DEBUG 12284 --- [customer-status-service] [DiscoveryClient-HeartbeatExecutor-%d] o.s.web.client.RestTemplate              : Response 404 NOT_FOUND
2025-12-18T00:01:20.247+05:30  INFO 12284 --- [customer-status-service] [DiscoveryClient-HeartbeatExecutor-%d] com.netflix.discovery.DiscoveryClient    : DiscoveryClient_CUSTOMER-STATUS-SERVICE/host.docker.internal:customer-status-service:8090 - registration status: 404
2025-12-18T00:01:20.324+05:30  INFO 12284 --- [customer-status-service] [DiscoveryClient-CacheRefreshExecutor-%d] com.netflix.discovery.DiscoveryClient    : Disable delta property : false
2025-12-18T00:01:20.326+05:30  INFO 12284 --- [customer-status-service] [DiscoveryClient-CacheRefreshExecutor-%d] com.netflix.discovery.DiscoveryClient    : Single vip registry refresh property : null
2025-12-18T00:01:20.326+05:30  INFO 12284 --- [customer-status-service] [DiscoveryClient-CacheRefreshExecutor-%d] com.netflix.discovery.DiscoveryClient    : Force full registry fetch : false
2025-12-18T00:01:20.326+05:30  INFO 12284 --- [customer-status-service] [DiscoveryClient-CacheRefreshExecutor-%d] com.netflix.discovery.DiscoveryClient    : Application is null : false
2025-12-18T00:01:20.326+05:30  INFO 12284 --- [customer-status-service] [DiscoveryClient-CacheRefreshExecutor-%d] com.netflix.discovery.DiscoveryClient    : Registered Applications size is zero : true
2025-12-18T00:01:20.326+05:30  INFO 12284 --- [customer-status-service] [DiscoveryClient-CacheRefreshExecutor-%d] com.netflix.discovery.DiscoveryClient    : Application version is -1: true
2025-12-18T00:01:20.326+05:30  INFO 12284 --- [customer-status-service] [DiscoveryClient-CacheRefreshExecutor-%d] com.netflix.discovery.DiscoveryClient    : Getting all instance registry info from the eureka server
2025-12-18T00:01:20.334+05:30 DEBUG 12284 --- [customer-status-service] [DiscoveryClient-CacheRefreshExecutor-%d] o.s.web.client.RestTemplate              : HTTP GET http://localhost:8761/apps/
2025-12-18T00:01:20.346+05:30 DEBUG 12284 --- [customer-status-service] [DiscoveryClient-CacheRefreshExecutor-%d] o.s.web.client.RestTemplate              : Accept=[application/json, application/*+json]
2025-12-18T00:01:20.362+05:30 DEBUG 12284 --- [customer-status-service] [DiscoveryClient-CacheRefreshExecutor-%d] o.s.web.client.RestTemplate              : Response 404 NOT_FOUND
2025-12-18T00:01:20.364+05:30  WARN 12284 --- [customer-status-service] [DiscoveryClient-CacheRefreshExecutor-%d] c.n.d.s.t.d.RetryableEurekaHttpClient    : Request execution failure with status code 404; retrying on another server if available
2025-12-18T00:01:20.364+05:30  INFO 12284 --- [customer-status-service] [DiscoveryClient-CacheRefreshExecutor-%d] com.netflix.discovery.DiscoveryClient    : DiscoveryClient_CUSTOMER-STATUS-SERVICE/host.docker.internal:customer-status-service:8090 - was unable to refresh its cache! This periodic background refresh will be retried in 30 seconds. status = Cannot execute request on any known server stacktrace = com.netflix.discovery.shared.transport.TransportException: Cannot execute request on any known server
	at com.netflix.discovery.shared.transport.decorator.RetryableEurekaHttpClient.execute(RetryableEurekaHttpClient.java:112)
	at com.netflix.discovery.shared.transport.decorator.EurekaHttpClientDecorator.getApplications(EurekaHttpClientDecorator.java:134)
	at com.netflix.discovery.shared.transport.decorator.EurekaHttpClientDecorator$6.execute(EurekaHttpClientDecorator.java:137)
	at com.netflix.discovery.shared.transport.decorator.SessionedEurekaHttpClient.execute(SessionedEurekaHttpClient.java:76)
	at com.netflix.discovery.shared.transport.decorator.EurekaHttpClientDecorator.getApplications(EurekaHttpClientDecorator.java:134)
	at com.netflix.discovery.DiscoveryClient.getAndStoreFullRegistry(DiscoveryClient.java:1046)
	at com.netflix.discovery.DiscoveryClient.fetchRegistry(DiscoveryClient.java:961)
	at com.netflix.discovery.DiscoveryClient.refreshRegistry(DiscoveryClient.java:1473)
	at com.netflix.discovery.DiscoveryClient$CacheRefreshThread.run(DiscoveryClient.java:1441)
	at java.base/java.util.concurrent.Executors$RunnableAdapter.call(Executors.java:572)
	at java.base/java.util.concurrent.FutureTask.run(FutureTask.java:317)
	at java.base/java.util.concurrent.ThreadPoolExecutor.runWorker(ThreadPoolExecutor.java:1144)
	at java.base/java.util.concurrent.ThreadPoolExecutor$Worker.run(ThreadPoolExecutor.java:642)
	at java.base/java.lang.Thread.run(Thread.java:1583)

2025-12-18T00:01:50.233+05:30  INFO 12284 --- [customer-status-service] [DiscoveryClient-InstanceInfoReplicator-%d] com.netflix.discovery.DiscoveryClient    : DiscoveryClient_CUSTOMER-STATUS-SERVICE/host.docker.internal:customer-status-service:8090: registering service...
2025-12-18T00:01:50.235+05:30 DEBUG 12284 --- [customer-status-service] [DiscoveryClient-InstanceInfoReplicator-%d] o.s.web.client.RestTemplate              : HTTP POST http://localhost:8761/apps/CUSTOMER-STATUS-SERVICE
2025-12-18T00:01:50.235+05:30 DEBUG 12284 --- [customer-status-service] [DiscoveryClient-InstanceInfoReplicator-%d] o.s.web.client.RestTemplate              : Accept=[application/json, application/*+json]
2025-12-18T00:01:50.235+05:30 DEBUG 12284 --- [customer-status-service] [DiscoveryClient-InstanceInfoReplicator-%d] o.s.web.client.RestTemplate              : Writing [InstanceInfo [instanceId = host.docker.internal:customer-status-service:8090, appName = CUSTOMER-STATUS-SERVICE, hostName = host.docker.internal, status = UP, ipAddr = 192.168.1.4, port = 8090, securePort = 443, dataCenterInfo = com.netflix.appinfo.MyDataCenterInfo@56b66cc6] as "application/json"
2025-12-18T00:01:50.251+05:30 DEBUG 12284 --- [customer-status-service] [DiscoveryClient-InstanceInfoReplicator-%d] o.s.web.client.RestTemplate              : Response 404 NOT_FOUND
2025-12-18T00:01:50.251+05:30  INFO 12284 --- [customer-status-service] [DiscoveryClient-InstanceInfoReplicator-%d] com.netflix.discovery.DiscoveryClient    : DiscoveryClient_CUSTOMER-STATUS-SERVICE/host.docker.internal:customer-status-service:8090 - registration status: 404
2025-12-18T00:01:50.257+05:30 DEBUG 12284 --- [customer-status-service] [DiscoveryClient-HeartbeatExecutor-%d] o.s.web.client.RestTemplate              : HTTP PUT http://localhost:8761/apps/CUSTOMER-STATUS-SERVICE/host.docker.internal:customer-status-service:8090?status=UP&lastDirtyTimestamp=1765996280238
2025-12-18T00:01:50.257+05:30 DEBUG 12284 --- [customer-status-service] [DiscoveryClient-HeartbeatExecutor-%d] o.s.web.client.RestTemplate              : Accept=[application/json, application/*+json]
2025-12-18T00:01:50.266+05:30 DEBUG 12284 --- [customer-status-service] [DiscoveryClient-HeartbeatExecutor-%d] o.s.web.client.RestTemplate              : Response 404 NOT_FOUND
2025-12-18T00:01:50.266+05:30  INFO 12284 --- [customer-status-service] [DiscoveryClient-HeartbeatExecutor-%d] com.netflix.discovery.DiscoveryClient    : DiscoveryClient_CUSTOMER-STATUS-SERVICE/host.docker.internal:customer-status-service:8090 - Re-registering apps/CUSTOMER-STATUS-SERVICE
2025-12-18T00:01:50.266+05:30  INFO 12284 --- [customer-status-service] [DiscoveryClient-HeartbeatExecutor-%d] com.netflix.discovery.DiscoveryClient    : DiscoveryClient_CUSTOMER-STATUS-SERVICE/host.docker.internal:customer-status-service:8090: registering service...
2025-12-18T00:01:50.266+05:30 DEBUG 12284 --- [customer-status-service] [DiscoveryClient-HeartbeatExecutor-%d] o.s.web.client.RestTemplate              : HTTP POST http://localhost:8761/apps/CUSTOMER-STATUS-SERVICE
2025-12-18T00:01:50.266+05:30 DEBUG 12284 --- [customer-status-service] [DiscoveryClient-HeartbeatExecutor-%d] o.s.web.client.RestTemplate              : Accept=[application/json, application/*+json]
2025-12-18T00:01:50.266+05:30 DEBUG 12284 --- [customer-status-service] [DiscoveryClient-HeartbeatExecutor-%d] o.s.web.client.RestTemplate              : Writing [InstanceInfo [instanceId = host.docker.internal:customer-status-service:8090, appName = CUSTOMER-STATUS-SERVICE, hostName = host.docker.internal, status = UP, ipAddr = 192.168.1.4, port = 8090, securePort = 443, dataCenterInfo = com.netflix.appinfo.MyDataCenterInfo@56b66cc6] as "application/json"
2025-12-18T00:01:50.282+05:30 DEBUG 12284 --- [customer-status-service] [DiscoveryClient-HeartbeatExecutor-%d] o.s.web.client.RestTemplate              : Response 404 NOT_FOUND
2025-12-18T00:01:50.284+05:30  INFO 12284 --- [customer-status-service] [DiscoveryClient-HeartbeatExecutor-%d] com.netflix.discovery.DiscoveryClient    : DiscoveryClient_CUSTOMER-STATUS-SERVICE/host.docker.internal:customer-status-service:8090 - registration status: 404
2025-12-18T00:01:50.374+05:30  INFO 12284 --- [customer-status-service] [DiscoveryClient-CacheRefreshExecutor-%d] com.netflix.discovery.DiscoveryClient    : Disable delta property : false
2025-12-18T00:01:50.374+05:30  INFO 12284 --- [customer-status-service] [DiscoveryClient-CacheRefreshExecutor-%d] com.netflix.discovery.DiscoveryClient    : Single vip registry refresh property : null
2025-12-18T00:01:50.374+05:30  INFO 12284 --- [customer-status-service] [DiscoveryClient-CacheRefreshExecutor-%d] com.netflix.discovery.DiscoveryClient    : Force full registry fetch : false
2025-12-18T00:01:50.374+05:30  INFO 12284 --- [customer-status-service] [DiscoveryClient-CacheRefreshExecutor-%d] com.netflix.discovery.DiscoveryClient    : Application is null : false
2025-12-18T00:01:50.374+05:30  INFO 12284 --- [customer-status-service] [DiscoveryClient-CacheRefreshExecutor-%d] com.netflix.discovery.DiscoveryClient    : Registered Applications size is zero : true
2025-12-18T00:01:50.374+05:30  INFO 12284 --- [customer-status-service] [DiscoveryClient-CacheRefreshExecutor-%d] com.netflix.discovery.DiscoveryClient    : Application version is -1: true
2025-12-18T00:01:50.374+05:30  INFO 12284 --- [customer-status-service] [DiscoveryClient-CacheRefreshExecutor-%d] com.netflix.discovery.DiscoveryClient    : Getting all instance registry info from the eureka server
2025-12-18T00:01:50.383+05:30 DEBUG 12284 --- [customer-status-service] [DiscoveryClient-CacheRefreshExecutor-%d] o.s.web.client.RestTemplate              : HTTP GET http://localhost:8761/apps/
2025-12-18T00:01:50.402+05:30 DEBUG 12284 --- [customer-status-service] [DiscoveryClient-CacheRefreshExecutor-%d] o.s.web.client.RestTemplate              : Accept=[application/json, application/*+json]
2025-12-18T00:01:50.424+05:30 DEBUG 12284 --- [customer-status-service] [DiscoveryClient-CacheRefreshExecutor-%d] o.s.web.client.RestTemplate              : Response 404 NOT_FOUND
2025-12-18T00:01:50.425+05:30  WARN 12284 --- [customer-status-service] [DiscoveryClient-CacheRefreshExecutor-%d] c.n.d.s.t.d.RetryableEurekaHttpClient    : Request execution failure with status code 404; retrying on another server if available
2025-12-18T00:01:50.426+05:30  INFO 12284 --- [customer-status-service] [DiscoveryClient-CacheRefreshExecutor-%d] com.netflix.discovery.DiscoveryClient    : DiscoveryClient_CUSTOMER-STATUS-SERVICE/host.docker.internal:customer-status-service:8090 - was unable to refresh its cache! This periodic background refresh will be retried in 30 seconds. status = Cannot execute request on any known server stacktrace = com.netflix.discovery.shared.transport.TransportException: Cannot execute request on any known server
	at com.netflix.discovery.shared.transport.decorator.RetryableEurekaHttpClient.execute(RetryableEurekaHttpClient.java:112)
	at com.netflix.discovery.shared.transport.decorator.EurekaHttpClientDecorator.getApplications(EurekaHttpClientDecorator.java:134)
	at com.netflix.discovery.shared.transport.decorator.EurekaHttpClientDecorator$6.execute(EurekaHttpClientDecorator.java:137)
	at com.netflix.discovery.shared.transport.decorator.SessionedEurekaHttpClient.execute(SessionedEurekaHttpClient.java:76)
	at com.netflix.discovery.shared.transport.decorator.EurekaHttpClientDecorator.getApplications(EurekaHttpClientDecorator.java:134)
	at com.netflix.discovery.DiscoveryClient.getAndStoreFullRegistry(DiscoveryClient.java:1046)
	at com.netflix.discovery.DiscoveryClient.fetchRegistry(DiscoveryClient.java:961)
	at com.netflix.discovery.DiscoveryClient.refreshRegistry(DiscoveryClient.java:1473)
	at com.netflix.discovery.DiscoveryClient$CacheRefreshThread.run(DiscoveryClient.java:1441)
	at java.base/java.util.concurrent.Executors$RunnableAdapter.call(Executors.java:572)
	at java.base/java.util.concurrent.FutureTask.run(FutureTask.java:317)
	at java.base/java.util.concurrent.ThreadPoolExecutor.runWorker(ThreadPoolExecutor.java:1144)
	at java.base/java.util.concurrent.ThreadPoolExecutor$Worker.run(ThreadPoolExecutor.java:642)
	at java.base/java.lang.Thread.run(Thread.java:1583)

2025-12-18T00:02:20.266+05:30  INFO 12284 --- [customer-status-service] [DiscoveryClient-InstanceInfoReplicator-%d] com.netflix.discovery.DiscoveryClient    : DiscoveryClient_CUSTOMER-STATUS-SERVICE/host.docker.internal:customer-status-service:8090: registering service...
2025-12-18T00:02:20.269+05:30 DEBUG 12284 --- [customer-status-service] [DiscoveryClient-InstanceInfoReplicator-%d] o.s.web.client.RestTemplate              : HTTP POST http://localhost:8761/apps/CUSTOMER-STATUS-SERVICE
2025-12-18T00:02:20.269+05:30 DEBUG 12284 --- [customer-status-service] [DiscoveryClient-InstanceInfoReplicator-%d] o.s.web.client.RestTemplate              : Accept=[application/json, application/*+json]
2025-12-18T00:02:20.269+05:30 DEBUG 12284 --- [customer-status-service] [DiscoveryClient-InstanceInfoReplicator-%d] o.s.web.client.RestTemplate              : Writing [InstanceInfo [instanceId = host.docker.internal:customer-status-service:8090, appName = CUSTOMER-STATUS-SERVICE, hostName = host.docker.internal, status = UP, ipAddr = 192.168.1.4, port = 8090, securePort = 443, dataCenterInfo = com.netflix.appinfo.MyDataCenterInfo@56b66cc6] as "application/json"
2025-12-18T00:02:20.291+05:30 DEBUG 12284 --- [customer-status-service] [DiscoveryClient-HeartbeatExecutor-%d] o.s.web.client.RestTemplate              : HTTP PUT http://localhost:8761/apps/CUSTOMER-STATUS-SERVICE/host.docker.internal:customer-status-service:8090?status=UP&lastDirtyTimestamp=1765996310266
2025-12-18T00:02:20.291+05:30 DEBUG 12284 --- [customer-status-service] [DiscoveryClient-HeartbeatExecutor-%d] o.s.web.client.RestTemplate              : Accept=[application/json, application/*+json]
2025-12-18T00:02:20.291+05:30 DEBUG 12284 --- [customer-status-service] [DiscoveryClient-InstanceInfoReplicator-%d] o.s.web.client.RestTemplate              : Response 404 NOT_FOUND
2025-12-18T00:02:20.291+05:30  INFO 12284 --- [customer-status-service] [DiscoveryClient-InstanceInfoReplicator-%d] com.netflix.discovery.DiscoveryClient    : DiscoveryClient_CUSTOMER-STATUS-SERVICE/host.docker.internal:customer-status-service:8090 - registration status: 404
2025-12-18T00:02:20.308+05:30 DEBUG 12284 --- [customer-status-service] [DiscoveryClient-HeartbeatExecutor-%d] o.s.web.client.RestTemplate              : Response 404 NOT_FOUND
2025-12-18T00:02:20.308+05:30  INFO 12284 --- [customer-status-service] [DiscoveryClient-HeartbeatExecutor-%d] com.netflix.discovery.DiscoveryClient    : DiscoveryClient_CUSTOMER-STATUS-SERVICE/host.docker.internal:customer-status-service:8090 - Re-registering apps/CUSTOMER-STATUS-SERVICE
2025-12-18T00:02:20.308+05:30  INFO 12284 --- [customer-status-service] [DiscoveryClient-HeartbeatExecutor-%d] com.netflix.discovery.DiscoveryClient    : DiscoveryClient_CUSTOMER-STATUS-SERVICE/host.docker.internal:customer-status-service:8090: registering service...
2025-12-18T00:02:20.308+05:30 DEBUG 12284 --- [customer-status-service] [DiscoveryClient-HeartbeatExecutor-%d] o.s.web.client.RestTemplate              : HTTP POST http://localhost:8761/apps/CUSTOMER-STATUS-SERVICE
2025-12-18T00:02:20.308+05:30 DEBUG 12284 --- [customer-status-service] [DiscoveryClient-HeartbeatExecutor-%d] o.s.web.client.RestTemplate              : Accept=[application/json, application/*+json]
2025-12-18T00:02:20.308+05:30 DEBUG 12284 --- [customer-status-service] [DiscoveryClient-HeartbeatExecutor-%d] o.s.web.client.RestTemplate              : Writing [InstanceInfo [instanceId = host.docker.internal:customer-status-service:8090, appName = CUSTOMER-STATUS-SERVICE, hostName = host.docker.internal, status = UP, ipAddr = 192.168.1.4, port = 8090, securePort = 443, dataCenterInfo = com.netflix.appinfo.MyDataCenterInfo@56b66cc6] as "application/json"
2025-12-18T00:02:20.316+05:30 DEBUG 12284 --- [customer-status-service] [DiscoveryClient-HeartbeatExecutor-%d] o.s.web.client.RestTemplate              : Response 404 NOT_FOUND
2025-12-18T00:02:20.316+05:30  INFO 12284 --- [customer-status-service] [DiscoveryClient-HeartbeatExecutor-%d] com.netflix.discovery.DiscoveryClient    : DiscoveryClient_CUSTOMER-STATUS-SERVICE/host.docker.internal:customer-status-service:8090 - registration status: 404
2025-12-18T00:02:20.449+05:30  INFO 12284 --- [customer-status-service] [DiscoveryClient-CacheRefreshExecutor-%d] com.netflix.discovery.DiscoveryClient    : Disable delta property : false
2025-12-18T00:02:20.449+05:30  INFO 12284 --- [customer-status-service] [DiscoveryClient-CacheRefreshExecutor-%d] com.netflix.discovery.DiscoveryClient    : Single vip registry refresh property : null
2025-12-18T00:02:20.449+05:30  INFO 12284 --- [customer-status-service] [DiscoveryClient-CacheRefreshExecutor-%d] com.netflix.discovery.DiscoveryClient    : Force full registry fetch : false
2025-12-18T00:02:20.449+05:30  INFO 12284 --- [customer-status-service] [DiscoveryClient-CacheRefreshExecutor-%d] com.netflix.discovery.DiscoveryClient    : Application is null : false
2025-12-18T00:02:20.449+05:30  INFO 12284 --- [customer-status-service] [DiscoveryClient-CacheRefreshExecutor-%d] com.netflix.discovery.DiscoveryClient    : Registered Applications size is zero : true
2025-12-18T00:02:20.449+05:30  INFO 12284 --- [customer-status-service] [DiscoveryClient-CacheRefreshExecutor-%d] com.netflix.discovery.DiscoveryClient    : Application version is -1: true
2025-12-18T00:02:20.449+05:30  INFO 12284 --- [customer-status-service] [DiscoveryClient-CacheRefreshExecutor-%d] com.netflix.discovery.DiscoveryClient    : Getting all instance registry info from the eureka server
2025-12-18T00:02:20.457+05:30 DEBUG 12284 --- [customer-status-service] [DiscoveryClient-CacheRefreshExecutor-%d] o.s.web.client.RestTemplate              : HTTP GET http://localhost:8761/apps/
2025-12-18T00:02:20.474+05:30 DEBUG 12284 --- [customer-status-service] [DiscoveryClient-CacheRefreshExecutor-%d] o.s.web.client.RestTemplate              : Accept=[application/json, application/*+json]
2025-12-18T00:02:20.490+05:30 DEBUG 12284 --- [customer-status-service] [DiscoveryClient-CacheRefreshExecutor-%d] o.s.web.client.RestTemplate              : Response 404 NOT_FOUND
2025-12-18T00:02:20.490+05:30  WARN 12284 --- [customer-status-service] [DiscoveryClient-CacheRefreshExecutor-%d] c.n.d.s.t.d.RetryableEurekaHttpClient    : Request execution failure with status code 404; retrying on another server if available
2025-12-18T00:02:20.490+05:30  INFO 12284 --- [customer-status-service] [DiscoveryClient-CacheRefreshExecutor-%d] com.netflix.discovery.DiscoveryClient    : DiscoveryClient_CUSTOMER-STATUS-SERVICE/host.docker.internal:customer-status-service:8090 - was unable to refresh its cache! This periodic background refresh will be retried in 30 seconds. status = Cannot execute request on any known server stacktrace = com.netflix.discovery.shared.transport.TransportException: Cannot execute request on any known server
	at com.netflix.discovery.shared.transport.decorator.RetryableEurekaHttpClient.execute(RetryableEurekaHttpClient.java:112)
	at com.netflix.discovery.shared.transport.decorator.EurekaHttpClientDecorator.getApplications(EurekaHttpClientDecorator.java:134)
	at com.netflix.discovery.shared.transport.decorator.EurekaHttpClientDecorator$6.execute(EurekaHttpClientDecorator.java:137)
	at com.netflix.discovery.shared.transport.decorator.SessionedEurekaHttpClient.execute(SessionedEurekaHttpClient.java:76)
	at com.netflix.discovery.shared.transport.decorator.EurekaHttpClientDecorator.getApplications(EurekaHttpClientDecorator.java:134)
	at com.netflix.discovery.DiscoveryClient.getAndStoreFullRegistry(DiscoveryClient.java:1046)
	at com.netflix.discovery.DiscoveryClient.fetchRegistry(DiscoveryClient.java:961)
	at com.netflix.discovery.DiscoveryClient.refreshRegistry(DiscoveryClient.java:1473)
	at com.netflix.discovery.DiscoveryClient$CacheRefreshThread.run(DiscoveryClient.java:1441)
	at java.base/java.util.concurrent.Executors$RunnableAdapter.call(Executors.java:572)
	at java.base/java.util.concurrent.FutureTask.run(FutureTask.java:317)
	at java.base/java.util.concurrent.ThreadPoolExecutor.runWorker(ThreadPoolExecutor.java:1144)
	at java.base/java.util.concurrent.ThreadPoolExecutor$Worker.run(ThreadPoolExecutor.java:642)
	at java.base/java.lang.Thread.run(Thread.java:1583)

2025-12-18T00:02:50.311+05:30  INFO 12284 --- [customer-status-service] [DiscoveryClient-InstanceInfoReplicator-%d] com.netflix.discovery.DiscoveryClient    : DiscoveryClient_CUSTOMER-STATUS-SERVICE/host.docker.internal:customer-status-service:8090: registering service...
2025-12-18T00:02:50.313+05:30 DEBUG 12284 --- [customer-status-service] [DiscoveryClient-InstanceInfoReplicator-%d] o.s.web.client.RestTemplate              : HTTP POST http://localhost:8761/apps/CUSTOMER-STATUS-SERVICE
2025-12-18T00:02:50.316+05:30 DEBUG 12284 --- [customer-status-service] [DiscoveryClient-InstanceInfoReplicator-%d] o.s.web.client.RestTemplate              : Accept=[application/json, application/*+json]
2025-12-18T00:02:50.316+05:30 DEBUG 12284 --- [customer-status-service] [DiscoveryClient-InstanceInfoReplicator-%d] o.s.web.client.RestTemplate              : Writing [InstanceInfo [instanceId = host.docker.internal:customer-status-service:8090, appName = CUSTOMER-STATUS-SERVICE, hostName = host.docker.internal, status = UP, ipAddr = 192.168.1.4, port = 8090, securePort = 443, dataCenterInfo = com.netflix.appinfo.MyDataCenterInfo@56b66cc6] as "application/json"
2025-12-18T00:02:50.326+05:30 DEBUG 12284 --- [customer-status-service] [DiscoveryClient-HeartbeatExecutor-%d] o.s.web.client.RestTemplate              : HTTP PUT http://localhost:8761/apps/CUSTOMER-STATUS-SERVICE/host.docker.internal:customer-status-service:8090?status=UP&lastDirtyTimestamp=1765996340308
2025-12-18T00:02:50.326+05:30 DEBUG 12284 --- [customer-status-service] [DiscoveryClient-HeartbeatExecutor-%d] o.s.web.client.RestTemplate              : Accept=[application/json, application/*+json]
2025-12-18T00:02:50.340+05:30 DEBUG 12284 --- [customer-status-service] [DiscoveryClient-InstanceInfoReplicator-%d] o.s.web.client.RestTemplate              : Response 404 NOT_FOUND
2025-12-18T00:02:50.342+05:30  INFO 12284 --- [customer-status-service] [DiscoveryClient-InstanceInfoReplicator-%d] com.netflix.discovery.DiscoveryClient    : DiscoveryClient_CUSTOMER-STATUS-SERVICE/host.docker.internal:customer-status-service:8090 - registration status: 404
2025-12-18T00:02:50.349+05:30 DEBUG 12284 --- [customer-status-service] [DiscoveryClient-HeartbeatExecutor-%d] o.s.web.client.RestTemplate              : Response 404 NOT_FOUND
2025-12-18T00:02:50.349+05:30  INFO 12284 --- [customer-status-service] [DiscoveryClient-HeartbeatExecutor-%d] com.netflix.discovery.DiscoveryClient    : DiscoveryClient_CUSTOMER-STATUS-SERVICE/host.docker.internal:customer-status-service:8090 - Re-registering apps/CUSTOMER-STATUS-SERVICE
2025-12-18T00:02:50.351+05:30  INFO 12284 --- [customer-status-service] [DiscoveryClient-HeartbeatExecutor-%d] com.netflix.discovery.DiscoveryClient    : DiscoveryClient_CUSTOMER-STATUS-SERVICE/host.docker.internal:customer-status-service:8090: registering service...
2025-12-18T00:02:50.351+05:30 DEBUG 12284 --- [customer-status-service] [DiscoveryClient-HeartbeatExecutor-%d] o.s.web.client.RestTemplate              : HTTP POST http://localhost:8761/apps/CUSTOMER-STATUS-SERVICE
2025-12-18T00:02:50.353+05:30 DEBUG 12284 --- [customer-status-service] [DiscoveryClient-HeartbeatExecutor-%d] o.s.web.client.RestTemplate              : Accept=[application/json, application/*+json]
2025-12-18T00:02:50.353+05:30 DEBUG 12284 --- [customer-status-service] [DiscoveryClient-HeartbeatExecutor-%d] o.s.web.client.RestTemplate              : Writing [InstanceInfo [instanceId = host.docker.internal:customer-status-service:8090, appName = CUSTOMER-STATUS-SERVICE, hostName = host.docker.internal, status = UP, ipAddr = 192.168.1.4, port = 8090, securePort = 443, dataCenterInfo = com.netflix.appinfo.MyDataCenterInfo@56b66cc6] as "application/json"
2025-12-18T00:02:50.361+05:30 DEBUG 12284 --- [customer-status-service] [DiscoveryClient-HeartbeatExecutor-%d] o.s.web.client.RestTemplate              : Response 404 NOT_FOUND
2025-12-18T00:02:50.365+05:30  INFO 12284 --- [customer-status-service] [DiscoveryClient-HeartbeatExecutor-%d] com.netflix.discovery.DiscoveryClient    : DiscoveryClient_CUSTOMER-STATUS-SERVICE/host.docker.internal:customer-status-service:8090 - registration status: 404
2025-12-18T00:02:50.497+05:30  INFO 12284 --- [customer-status-service] [DiscoveryClient-CacheRefreshExecutor-%d] com.netflix.discovery.DiscoveryClient    : Disable delta property : false
2025-12-18T00:02:50.497+05:30  INFO 12284 --- [customer-status-service] [DiscoveryClient-CacheRefreshExecutor-%d] com.netflix.discovery.DiscoveryClient    : Single vip registry refresh property : null
2025-12-18T00:02:50.497+05:30  INFO 12284 --- [customer-status-service] [DiscoveryClient-CacheRefreshExecutor-%d] com.netflix.discovery.DiscoveryClient    : Force full registry fetch : false
2025-12-18T00:02:50.497+05:30  INFO 12284 --- [customer-status-service] [DiscoveryClient-CacheRefreshExecutor-%d] com.netflix.discovery.DiscoveryClient    : Application is null : false
2025-12-18T00:02:50.497+05:30  INFO 12284 --- [customer-status-service] [DiscoveryClient-CacheRefreshExecutor-%d] com.netflix.discovery.DiscoveryClient    : Registered Applications size is zero : true
2025-12-18T00:02:50.497+05:30  INFO 12284 --- [customer-status-service] [DiscoveryClient-CacheRefreshExecutor-%d] com.netflix.discovery.DiscoveryClient    : Application version is -1: true
2025-12-18T00:02:50.497+05:30  INFO 12284 --- [customer-status-service] [DiscoveryClient-CacheRefreshExecutor-%d] com.netflix.discovery.DiscoveryClient    : Getting all instance registry info from the eureka server
2025-12-18T00:02:50.509+05:30 DEBUG 12284 --- [customer-status-service] [DiscoveryClient-CacheRefreshExecutor-%d] o.s.web.client.RestTemplate              : HTTP GET http://localhost:8761/apps/
2025-12-18T00:02:50.521+05:30 DEBUG 12284 --- [customer-status-service] [DiscoveryClient-CacheRefreshExecutor-%d] o.s.web.client.RestTemplate              : Accept=[application/json, application/*+json]
2025-12-18T00:02:50.536+05:30 DEBUG 12284 --- [customer-status-service] [DiscoveryClient-CacheRefreshExecutor-%d] o.s.web.client.RestTemplate              : Response 404 NOT_FOUND
2025-12-18T00:02:50.538+05:30  WARN 12284 --- [customer-status-service] [DiscoveryClient-CacheRefreshExecutor-%d] c.n.d.s.t.d.RetryableEurekaHttpClient    : Request execution failure with status code 404; retrying on another server if available
2025-12-18T00:02:50.538+05:30  INFO 12284 --- [customer-status-service] [DiscoveryClient-CacheRefreshExecutor-%d] com.netflix.discovery.DiscoveryClient    : DiscoveryClient_CUSTOMER-STATUS-SERVICE/host.docker.internal:customer-status-service:8090 - was unable to refresh its cache! This periodic background refresh will be retried in 30 seconds. status = Cannot execute request on any known server stacktrace = com.netflix.discovery.shared.transport.TransportException: Cannot execute request on any known server
	at com.netflix.discovery.shared.transport.decorator.RetryableEurekaHttpClient.execute(RetryableEurekaHttpClient.java:112)
	at com.netflix.discovery.shared.transport.decorator.EurekaHttpClientDecorator.getApplications(EurekaHttpClientDecorator.java:134)
	at com.netflix.discovery.shared.transport.decorator.EurekaHttpClientDecorator$6.execute(EurekaHttpClientDecorator.java:137)
	at com.netflix.discovery.shared.transport.decorator.SessionedEurekaHttpClient.execute(SessionedEurekaHttpClient.java:76)
	at com.netflix.discovery.shared.transport.decorator.EurekaHttpClientDecorator.getApplications(EurekaHttpClientDecorator.java:134)
	at com.netflix.discovery.DiscoveryClient.getAndStoreFullRegistry(DiscoveryClient.java:1046)
	at com.netflix.discovery.DiscoveryClient.fetchRegistry(DiscoveryClient.java:961)
	at com.netflix.discovery.DiscoveryClient.refreshRegistry(DiscoveryClient.java:1473)
	at com.netflix.discovery.DiscoveryClient$CacheRefreshThread.run(DiscoveryClient.java:1441)
	at java.base/java.util.concurrent.Executors$RunnableAdapter.call(Executors.java:572)
	at java.base/java.util.concurrent.FutureTask.run(FutureTask.java:317)
	at java.base/java.util.concurrent.ThreadPoolExecutor.runWorker(ThreadPoolExecutor.java:1144)
	at java.base/java.util.concurrent.ThreadPoolExecutor$Worker.run(ThreadPoolExecutor.java:642)
	at java.base/java.lang.Thread.run(Thread.java:1583)

2025-12-18T00:03:20.358+05:30  INFO 12284 --- [customer-status-service] [DiscoveryClient-InstanceInfoReplicator-%d] com.netflix.discovery.DiscoveryClient    : DiscoveryClient_CUSTOMER-STATUS-SERVICE/host.docker.internal:customer-status-service:8090: registering service...
2025-12-18T00:03:20.358+05:30 DEBUG 12284 --- [customer-status-service] [DiscoveryClient-InstanceInfoReplicator-%d] o.s.web.client.RestTemplate              : HTTP POST http://localhost:8761/apps/CUSTOMER-STATUS-SERVICE
2025-12-18T00:03:20.358+05:30 DEBUG 12284 --- [customer-status-service] [DiscoveryClient-InstanceInfoReplicator-%d] o.s.web.client.RestTemplate              : Accept=[application/json, application/*+json]
2025-12-18T00:03:20.358+05:30 DEBUG 12284 --- [customer-status-service] [DiscoveryClient-InstanceInfoReplicator-%d] o.s.web.client.RestTemplate              : Writing [InstanceInfo [instanceId = host.docker.internal:customer-status-service:8090, appName = CUSTOMER-STATUS-SERVICE, hostName = host.docker.internal, status = UP, ipAddr = 192.168.1.4, port = 8090, securePort = 443, dataCenterInfo = com.netflix.appinfo.MyDataCenterInfo@56b66cc6] as "application/json"
2025-12-18T00:03:20.374+05:30 DEBUG 12284 --- [customer-status-service] [DiscoveryClient-HeartbeatExecutor-%d] o.s.web.client.RestTemplate              : HTTP PUT http://localhost:8761/apps/CUSTOMER-STATUS-SERVICE/host.docker.internal:customer-status-service:8090?status=UP&lastDirtyTimestamp=1765996370349
2025-12-18T00:03:20.374+05:30 DEBUG 12284 --- [customer-status-service] [DiscoveryClient-HeartbeatExecutor-%d] o.s.web.client.RestTemplate              : Accept=[application/json, application/*+json]
2025-12-18T00:03:20.374+05:30 DEBUG 12284 --- [customer-status-service] [DiscoveryClient-InstanceInfoReplicator-%d] o.s.web.client.RestTemplate              : Response 404 NOT_FOUND
2025-12-18T00:03:20.374+05:30  INFO 12284 --- [customer-status-service] [DiscoveryClient-InstanceInfoReplicator-%d] com.netflix.discovery.DiscoveryClient    : DiscoveryClient_CUSTOMER-STATUS-SERVICE/host.docker.internal:customer-status-service:8090 - registration status: 404
2025-12-18T00:03:20.390+05:30 DEBUG 12284 --- [customer-status-service] [DiscoveryClient-HeartbeatExecutor-%d] o.s.web.client.RestTemplate              : Response 404 NOT_FOUND
2025-12-18T00:03:20.390+05:30  INFO 12284 --- [customer-status-service] [DiscoveryClient-HeartbeatExecutor-%d] com.netflix.discovery.DiscoveryClient    : DiscoveryClient_CUSTOMER-STATUS-SERVICE/host.docker.internal:customer-status-service:8090 - Re-registering apps/CUSTOMER-STATUS-SERVICE
2025-12-18T00:03:20.390+05:30  INFO 12284 --- [customer-status-service] [DiscoveryClient-HeartbeatExecutor-%d] com.netflix.discovery.DiscoveryClient    : DiscoveryClient_CUSTOMER-STATUS-SERVICE/host.docker.internal:customer-status-service:8090: registering service...
2025-12-18T00:03:20.390+05:30 DEBUG 12284 --- [customer-status-service] [DiscoveryClient-HeartbeatExecutor-%d] o.s.web.client.RestTemplate              : HTTP POST http://localhost:8761/apps/CUSTOMER-STATUS-SERVICE
2025-12-18T00:03:20.390+05:30 DEBUG 12284 --- [customer-status-service] [DiscoveryClient-HeartbeatExecutor-%d] o.s.web.client.RestTemplate              : Accept=[application/json, application/*+json]
2025-12-18T00:03:20.390+05:30 DEBUG 12284 --- [customer-status-service] [DiscoveryClient-HeartbeatExecutor-%d] o.s.web.client.RestTemplate              : Writing [InstanceInfo [instanceId = host.docker.internal:customer-status-service:8090, appName = CUSTOMER-STATUS-SERVICE, hostName = host.docker.internal, status = UP, ipAddr = 192.168.1.4, port = 8090, securePort = 443, dataCenterInfo = com.netflix.appinfo.MyDataCenterInfo@56b66cc6] as "application/json"
2025-12-18T00:03:20.406+05:30 DEBUG 12284 --- [customer-status-service] [DiscoveryClient-HeartbeatExecutor-%d] o.s.web.client.RestTemplate              : Response 404 NOT_FOUND
2025-12-18T00:03:20.406+05:30  INFO 12284 --- [customer-status-service] [DiscoveryClient-HeartbeatExecutor-%d] com.netflix.discovery.DiscoveryClient    : DiscoveryClient_CUSTOMER-STATUS-SERVICE/host.docker.internal:customer-status-service:8090 - registration status: 404
2025-12-18T00:03:20.551+05:30  INFO 12284 --- [customer-status-service] [DiscoveryClient-CacheRefreshExecutor-%d] com.netflix.discovery.DiscoveryClient    : Disable delta property : false
2025-12-18T00:03:20.552+05:30  INFO 12284 --- [customer-status-service] [DiscoveryClient-CacheRefreshExecutor-%d] com.netflix.discovery.DiscoveryClient    : Single vip registry refresh property : null
2025-12-18T00:03:20.552+05:30  INFO 12284 --- [customer-status-service] [DiscoveryClient-CacheRefreshExecutor-%d] com.netflix.discovery.DiscoveryClient    : Force full registry fetch : false
2025-12-18T00:03:20.554+05:30  INFO 12284 --- [customer-status-service] [DiscoveryClient-CacheRefreshExecutor-%d] com.netflix.discovery.DiscoveryClient    : Application is null : false
2025-12-18T00:03:20.554+05:30  INFO 12284 --- [customer-status-service] [DiscoveryClient-CacheRefreshExecutor-%d] com.netflix.discovery.DiscoveryClient    : Registered Applications size is zero : true
2025-12-18T00:03:20.554+05:30  INFO 12284 --- [customer-status-service] [DiscoveryClient-CacheRefreshExecutor-%d] com.netflix.discovery.DiscoveryClient    : Application version is -1: true
2025-12-18T00:03:20.554+05:30  INFO 12284 --- [customer-status-service] [DiscoveryClient-CacheRefreshExecutor-%d] com.netflix.discovery.DiscoveryClient    : Getting all instance registry info from the eureka server
2025-12-18T00:03:20.563+05:30 DEBUG 12284 --- [customer-status-service] [DiscoveryClient-CacheRefreshExecutor-%d] o.s.web.client.RestTemplate              : HTTP GET http://localhost:8761/apps/
2025-12-18T00:03:20.574+05:30 DEBUG 12284 --- [customer-status-service] [DiscoveryClient-CacheRefreshExecutor-%d] o.s.web.client.RestTemplate              : Accept=[application/json, application/*+json]
2025-12-18T00:03:20.594+05:30 DEBUG 12284 --- [customer-status-service] [DiscoveryClient-CacheRefreshExecutor-%d] o.s.web.client.RestTemplate              : Response 404 NOT_FOUND
2025-12-18T00:03:20.596+05:30  WARN 12284 --- [customer-status-service] [DiscoveryClient-CacheRefreshExecutor-%d] c.n.d.s.t.d.RetryableEurekaHttpClient    : Request execution failure with status code 404; retrying on another server if available
2025-12-18T00:03:20.596+05:30  INFO 12284 --- [customer-status-service] [DiscoveryClient-CacheRefreshExecutor-%d] com.netflix.discovery.DiscoveryClient    : DiscoveryClient_CUSTOMER-STATUS-SERVICE/host.docker.internal:customer-status-service:8090 - was unable to refresh its cache! This periodic background refresh will be retried in 30 seconds. status = Cannot execute request on any known server stacktrace = com.netflix.discovery.shared.transport.TransportException: Cannot execute request on any known server
	at com.netflix.discovery.shared.transport.decorator.RetryableEurekaHttpClient.execute(RetryableEurekaHttpClient.java:112)
	at com.netflix.discovery.shared.transport.decorator.EurekaHttpClientDecorator.getApplications(EurekaHttpClientDecorator.java:134)
	at com.netflix.discovery.shared.transport.decorator.EurekaHttpClientDecorator$6.execute(EurekaHttpClientDecorator.java:137)
	at com.netflix.discovery.shared.transport.decorator.SessionedEurekaHttpClient.execute(SessionedEurekaHttpClient.java:76)
	at com.netflix.discovery.shared.transport.decorator.EurekaHttpClientDecorator.getApplications(EurekaHttpClientDecorator.java:134)
	at com.netflix.discovery.DiscoveryClient.getAndStoreFullRegistry(DiscoveryClient.java:1046)
	at com.netflix.discovery.DiscoveryClient.fetchRegistry(DiscoveryClient.java:961)
	at com.netflix.discovery.DiscoveryClient.refreshRegistry(DiscoveryClient.java:1473)
	at com.netflix.discovery.DiscoveryClient$CacheRefreshThread.run(DiscoveryClient.java:1441)
	at java.base/java.util.concurrent.Executors$RunnableAdapter.call(Executors.java:572)
	at java.base/java.util.concurrent.FutureTask.run(FutureTask.java:317)
	at java.base/java.util.concurrent.ThreadPoolExecutor.runWorker(ThreadPoolExecutor.java:1144)
	at java.base/java.util.concurrent.ThreadPoolExecutor$Worker.run(ThreadPoolExecutor.java:642)
	at java.base/java.lang.Thread.run(Thread.java:1583)

2025-12-18T00:03:48.610+05:30  INFO 12284 --- [customer-status-service] [AsyncResolver-bootstrap-executor-%d] c.n.d.s.r.aws.ConfigClusterResolver      : Resolving eureka endpoints via configuration
2025-12-18T00:03:50.386+05:30  INFO 12284 --- [customer-status-service] [DiscoveryClient-InstanceInfoReplicator-%d] com.netflix.discovery.DiscoveryClient    : DiscoveryClient_CUSTOMER-STATUS-SERVICE/host.docker.internal:customer-status-service:8090: registering service...
2025-12-18T00:03:50.387+05:30 DEBUG 12284 --- [customer-status-service] [DiscoveryClient-InstanceInfoReplicator-%d] o.s.web.client.RestTemplate              : HTTP POST http://localhost:8761/apps/CUSTOMER-STATUS-SERVICE
2025-12-18T00:03:50.389+05:30 DEBUG 12284 --- [customer-status-service] [DiscoveryClient-InstanceInfoReplicator-%d] o.s.web.client.RestTemplate              : Accept=[application/json, application/*+json]
2025-12-18T00:03:50.389+05:30 DEBUG 12284 --- [customer-status-service] [DiscoveryClient-InstanceInfoReplicator-%d] o.s.web.client.RestTemplate              : Writing [InstanceInfo [instanceId = host.docker.internal:customer-status-service:8090, appName = CUSTOMER-STATUS-SERVICE, hostName = host.docker.internal, status = UP, ipAddr = 192.168.1.4, port = 8090, securePort = 443, dataCenterInfo = com.netflix.appinfo.MyDataCenterInfo@56b66cc6] as "application/json"
2025-12-18T00:03:50.411+05:30 DEBUG 12284 --- [customer-status-service] [DiscoveryClient-InstanceInfoReplicator-%d] o.s.web.client.RestTemplate              : Response 404 NOT_FOUND
2025-12-18T00:03:50.411+05:30  INFO 12284 --- [customer-status-service] [DiscoveryClient-InstanceInfoReplicator-%d] com.netflix.discovery.DiscoveryClient    : DiscoveryClient_CUSTOMER-STATUS-SERVICE/host.docker.internal:customer-status-service:8090 - registration status: 404
2025-12-18T00:03:50.417+05:30 DEBUG 12284 --- [customer-status-service] [DiscoveryClient-HeartbeatExecutor-%d] o.s.web.client.RestTemplate              : HTTP PUT http://localhost:8761/apps/CUSTOMER-STATUS-SERVICE/host.docker.internal:customer-status-service:8090?status=UP&lastDirtyTimestamp=1765996400390
2025-12-18T00:03:50.419+05:30 DEBUG 12284 --- [customer-status-service] [DiscoveryClient-HeartbeatExecutor-%d] o.s.web.client.RestTemplate              : Accept=[application/json, application/*+json]
2025-12-18T00:03:50.429+05:30 DEBUG 12284 --- [customer-status-service] [DiscoveryClient-HeartbeatExecutor-%d] o.s.web.client.RestTemplate              : Response 404 NOT_FOUND
2025-12-18T00:03:50.429+05:30  INFO 12284 --- [customer-status-service] [DiscoveryClient-HeartbeatExecutor-%d] com.netflix.discovery.DiscoveryClient    : DiscoveryClient_CUSTOMER-STATUS-SERVICE/host.docker.internal:customer-status-service:8090 - Re-registering apps/CUSTOMER-STATUS-SERVICE
2025-12-18T00:03:50.429+05:30  INFO 12284 --- [customer-status-service] [DiscoveryClient-HeartbeatExecutor-%d] com.netflix.discovery.DiscoveryClient    : DiscoveryClient_CUSTOMER-STATUS-SERVICE/host.docker.internal:customer-status-service:8090: registering service...
2025-12-18T00:03:50.429+05:30 DEBUG 12284 --- [customer-status-service] [DiscoveryClient-HeartbeatExecutor-%d] o.s.web.client.RestTemplate              : HTTP POST http://localhost:8761/apps/CUSTOMER-STATUS-SERVICE
2025-12-18T00:03:50.431+05:30 DEBUG 12284 --- [customer-status-service] [DiscoveryClient-HeartbeatExecutor-%d] o.s.web.client.RestTemplate              : Accept=[application/json, application/*+json]
2025-12-18T00:03:50.431+05:30 DEBUG 12284 --- [customer-status-service] [DiscoveryClient-HeartbeatExecutor-%d] o.s.web.client.RestTemplate              : Writing [InstanceInfo [instanceId = host.docker.internal:customer-status-service:8090, appName = CUSTOMER-STATUS-SERVICE, hostName = host.docker.internal, status = UP, ipAddr = 192.168.1.4, port = 8090, securePort = 443, dataCenterInfo = com.netflix.appinfo.MyDataCenterInfo@56b66cc6] as "application/json"
2025-12-18T00:03:50.441+05:30 DEBUG 12284 --- [customer-status-service] [DiscoveryClient-HeartbeatExecutor-%d] o.s.web.client.RestTemplate              : Response 404 NOT_FOUND
2025-12-18T00:03:50.441+05:30  INFO 12284 --- [customer-status-service] [DiscoveryClient-HeartbeatExecutor-%d] com.netflix.discovery.DiscoveryClient    : DiscoveryClient_CUSTOMER-STATUS-SERVICE/host.docker.internal:customer-status-service:8090 - registration status: 404
2025-12-18T00:03:50.601+05:30  INFO 12284 --- [customer-status-service] [DiscoveryClient-CacheRefreshExecutor-%d] com.netflix.discovery.DiscoveryClient    : Disable delta property : false
2025-12-18T00:03:50.601+05:30  INFO 12284 --- [customer-status-service] [DiscoveryClient-CacheRefreshExecutor-%d] com.netflix.discovery.DiscoveryClient    : Single vip registry refresh property : null
2025-12-18T00:03:50.601+05:30  INFO 12284 --- [customer-status-service] [DiscoveryClient-CacheRefreshExecutor-%d] com.netflix.discovery.DiscoveryClient    : Force full registry fetch : false
2025-12-18T00:03:50.601+05:30  INFO 12284 --- [customer-status-service] [DiscoveryClient-CacheRefreshExecutor-%d] com.netflix.discovery.DiscoveryClient    : Application is null : false
2025-12-18T00:03:50.601+05:30  INFO 12284 --- [customer-status-service] [DiscoveryClient-CacheRefreshExecutor-%d] com.netflix.discovery.DiscoveryClient    : Registered Applications size is zero : true
2025-12-18T00:03:50.601+05:30  INFO 12284 --- [customer-status-service] [DiscoveryClient-CacheRefreshExecutor-%d] com.netflix.discovery.DiscoveryClient    : Application version is -1: true
2025-12-18T00:03:50.601+05:30  INFO 12284 --- [customer-status-service] [DiscoveryClient-CacheRefreshExecutor-%d] com.netflix.discovery.DiscoveryClient    : Getting all instance registry info from the eureka server
2025-12-18T00:03:50.612+05:30 DEBUG 12284 --- [customer-status-service] [DiscoveryClient-CacheRefreshExecutor-%d] o.s.web.client.RestTemplate              : HTTP GET http://localhost:8761/apps/
2025-12-18T00:03:50.625+05:30 DEBUG 12284 --- [customer-status-service] [DiscoveryClient-CacheRefreshExecutor-%d] o.s.web.client.RestTemplate              : Accept=[application/json, application/*+json]
2025-12-18T00:03:50.637+05:30 DEBUG 12284 --- [customer-status-service] [DiscoveryClient-CacheRefreshExecutor-%d] o.s.web.client.RestTemplate              : Response 404 NOT_FOUND
2025-12-18T00:03:50.642+05:30  WARN 12284 --- [customer-status-service] [DiscoveryClient-CacheRefreshExecutor-%d] c.n.d.s.t.d.RetryableEurekaHttpClient    : Request execution failure with status code 404; retrying on another server if available
2025-12-18T00:03:50.642+05:30  INFO 12284 --- [customer-status-service] [DiscoveryClient-CacheRefreshExecutor-%d] com.netflix.discovery.DiscoveryClient    : DiscoveryClient_CUSTOMER-STATUS-SERVICE/host.docker.internal:customer-status-service:8090 - was unable to refresh its cache! This periodic background refresh will be retried in 30 seconds. status = Cannot execute request on any known server stacktrace = com.netflix.discovery.shared.transport.TransportException: Cannot execute request on any known server
	at com.netflix.discovery.shared.transport.decorator.RetryableEurekaHttpClient.execute(RetryableEurekaHttpClient.java:112)
	at com.netflix.discovery.shared.transport.decorator.EurekaHttpClientDecorator.getApplications(EurekaHttpClientDecorator.java:134)
	at com.netflix.discovery.shared.transport.decorator.EurekaHttpClientDecorator$6.execute(EurekaHttpClientDecorator.java:137)
	at com.netflix.discovery.shared.transport.decorator.SessionedEurekaHttpClient.execute(SessionedEurekaHttpClient.java:76)
	at com.netflix.discovery.shared.transport.decorator.EurekaHttpClientDecorator.getApplications(EurekaHttpClientDecorator.java:134)
	at com.netflix.discovery.DiscoveryClient.getAndStoreFullRegistry(DiscoveryClient.java:1046)
	at com.netflix.discovery.DiscoveryClient.fetchRegistry(DiscoveryClient.java:961)
	at com.netflix.discovery.DiscoveryClient.refreshRegistry(DiscoveryClient.java:1473)
	at com.netflix.discovery.DiscoveryClient$CacheRefreshThread.run(DiscoveryClient.java:1441)
	at java.base/java.util.concurrent.Executors$RunnableAdapter.call(Executors.java:572)
	at java.base/java.util.concurrent.FutureTask.run(FutureTask.java:317)
	at java.base/java.util.concurrent.ThreadPoolExecutor.runWorker(ThreadPoolExecutor.java:1144)
	at java.base/java.util.concurrent.ThreadPoolExecutor$Worker.run(ThreadPoolExecutor.java:642)
	at java.base/java.lang.Thread.run(Thread.java:1583)

2025-12-18T00:04:20.416+05:30  INFO 12284 --- [customer-status-service] [DiscoveryClient-InstanceInfoReplicator-%d] com.netflix.discovery.DiscoveryClient    : DiscoveryClient_CUSTOMER-STATUS-SERVICE/host.docker.internal:customer-status-service:8090: registering service...
2025-12-18T00:04:20.418+05:30 DEBUG 12284 --- [customer-status-service] [DiscoveryClient-InstanceInfoReplicator-%d] o.s.web.client.RestTemplate              : HTTP POST http://localhost:8761/apps/CUSTOMER-STATUS-SERVICE
2025-12-18T00:04:20.418+05:30 DEBUG 12284 --- [customer-status-service] [DiscoveryClient-InstanceInfoReplicator-%d] o.s.web.client.RestTemplate              : Accept=[application/json, application/*+json]
2025-12-18T00:04:20.418+05:30 DEBUG 12284 --- [customer-status-service] [DiscoveryClient-InstanceInfoReplicator-%d] o.s.web.client.RestTemplate              : Writing [InstanceInfo [instanceId = host.docker.internal:customer-status-service:8090, appName = CUSTOMER-STATUS-SERVICE, hostName = host.docker.internal, status = UP, ipAddr = 192.168.1.4, port = 8090, securePort = 443, dataCenterInfo = com.netflix.appinfo.MyDataCenterInfo@56b66cc6] as "application/json"
2025-12-18T00:04:20.441+05:30 DEBUG 12284 --- [customer-status-service] [DiscoveryClient-InstanceInfoReplicator-%d] o.s.web.client.RestTemplate              : Response 404 NOT_FOUND
2025-12-18T00:04:20.441+05:30  INFO 12284 --- [customer-status-service] [DiscoveryClient-InstanceInfoReplicator-%d] com.netflix.discovery.DiscoveryClient    : DiscoveryClient_CUSTOMER-STATUS-SERVICE/host.docker.internal:customer-status-service:8090 - registration status: 404
2025-12-18T00:04:20.446+05:30 DEBUG 12284 --- [customer-status-service] [DiscoveryClient-HeartbeatExecutor-%d] o.s.web.client.RestTemplate              : HTTP PUT http://localhost:8761/apps/CUSTOMER-STATUS-SERVICE/host.docker.internal:customer-status-service:8090?status=UP&lastDirtyTimestamp=1765996430429
2025-12-18T00:04:20.446+05:30 DEBUG 12284 --- [customer-status-service] [DiscoveryClient-HeartbeatExecutor-%d] o.s.web.client.RestTemplate              : Accept=[application/json, application/*+json]
2025-12-18T00:04:20.454+05:30 DEBUG 12284 --- [customer-status-service] [DiscoveryClient-HeartbeatExecutor-%d] o.s.web.client.RestTemplate              : Response 404 NOT_FOUND
2025-12-18T00:04:20.454+05:30  INFO 12284 --- [customer-status-service] [DiscoveryClient-HeartbeatExecutor-%d] com.netflix.discovery.DiscoveryClient    : DiscoveryClient_CUSTOMER-STATUS-SERVICE/host.docker.internal:customer-status-service:8090 - Re-registering apps/CUSTOMER-STATUS-SERVICE
2025-12-18T00:04:20.454+05:30  INFO 12284 --- [customer-status-service] [DiscoveryClient-HeartbeatExecutor-%d] com.netflix.discovery.DiscoveryClient    : DiscoveryClient_CUSTOMER-STATUS-SERVICE/host.docker.internal:customer-status-service:8090: registering service...
2025-12-18T00:04:20.454+05:30 DEBUG 12284 --- [customer-status-service] [DiscoveryClient-HeartbeatExecutor-%d] o.s.web.client.RestTemplate              : HTTP POST http://localhost:8761/apps/CUSTOMER-STATUS-SERVICE
2025-12-18T00:04:20.456+05:30 DEBUG 12284 --- [customer-status-service] [DiscoveryClient-HeartbeatExecutor-%d] o.s.web.client.RestTemplate              : Accept=[application/json, application/*+json]
2025-12-18T00:04:20.456+05:30 DEBUG 12284 --- [customer-status-service] [DiscoveryClient-HeartbeatExecutor-%d] o.s.web.client.RestTemplate              : Writing [InstanceInfo [instanceId = host.docker.internal:customer-status-service:8090, appName = CUSTOMER-STATUS-SERVICE, hostName = host.docker.internal, status = UP, ipAddr = 192.168.1.4, port = 8090, securePort = 443, dataCenterInfo = com.netflix.appinfo.MyDataCenterInfo@56b66cc6] as "application/json"
2025-12-18T00:04:20.458+05:30 DEBUG 12284 --- [customer-status-service] [DiscoveryClient-HeartbeatExecutor-%d] o.s.web.client.RestTemplate              : Response 404 NOT_FOUND
2025-12-18T00:04:20.458+05:30  INFO 12284 --- [customer-status-service] [DiscoveryClient-HeartbeatExecutor-%d] com.netflix.discovery.DiscoveryClient    : DiscoveryClient_CUSTOMER-STATUS-SERVICE/host.docker.internal:customer-status-service:8090 - registration status: 404
2025-12-18T00:04:20.658+05:30  INFO 12284 --- [customer-status-service] [DiscoveryClient-CacheRefreshExecutor-%d] com.netflix.discovery.DiscoveryClient    : Disable delta property : false
2025-12-18T00:04:20.658+05:30  INFO 12284 --- [customer-status-service] [DiscoveryClient-CacheRefreshExecutor-%d] com.netflix.discovery.DiscoveryClient    : Single vip registry refresh property : null
2025-12-18T00:04:20.658+05:30  INFO 12284 --- [customer-status-service] [DiscoveryClient-CacheRefreshExecutor-%d] com.netflix.discovery.DiscoveryClient    : Force full registry fetch : false
2025-12-18T00:04:20.658+05:30  INFO 12284 --- [customer-status-service] [DiscoveryClient-CacheRefreshExecutor-%d] com.netflix.discovery.DiscoveryClient    : Application is null : false
2025-12-18T00:04:20.658+05:30  INFO 12284 --- [customer-status-service] [DiscoveryClient-CacheRefreshExecutor-%d] com.netflix.discovery.DiscoveryClient    : Registered Applications size is zero : true
2025-12-18T00:04:20.658+05:30  INFO 12284 --- [customer-status-service] [DiscoveryClient-CacheRefreshExecutor-%d] com.netflix.discovery.DiscoveryClient    : Application version is -1: true
2025-12-18T00:04:20.658+05:30  INFO 12284 --- [customer-status-service] [DiscoveryClient-CacheRefreshExecutor-%d] com.netflix.discovery.DiscoveryClient    : Getting all instance registry info from the eureka server
2025-12-18T00:04:20.666+05:30 DEBUG 12284 --- [customer-status-service] [DiscoveryClient-CacheRefreshExecutor-%d] o.s.web.client.RestTemplate              : HTTP GET http://localhost:8761/apps/
2025-12-18T00:04:20.678+05:30 DEBUG 12284 --- [customer-status-service] [DiscoveryClient-CacheRefreshExecutor-%d] o.s.web.client.RestTemplate              : Accept=[application/json, application/*+json]
2025-12-18T00:04:20.694+05:30 DEBUG 12284 --- [customer-status-service] [DiscoveryClient-CacheRefreshExecutor-%d] o.s.web.client.RestTemplate              : Response 404 NOT_FOUND
2025-12-18T00:04:20.694+05:30  WARN 12284 --- [customer-status-service] [DiscoveryClient-CacheRefreshExecutor-%d] c.n.d.s.t.d.RetryableEurekaHttpClient    : Request execution failure with status code 404; retrying on another server if available
2025-12-18T00:04:20.694+05:30  INFO 12284 --- [customer-status-service] [DiscoveryClient-CacheRefreshExecutor-%d] com.netflix.discovery.DiscoveryClient    : DiscoveryClient_CUSTOMER-STATUS-SERVICE/host.docker.internal:customer-status-service:8090 - was unable to refresh its cache! This periodic background refresh will be retried in 30 seconds. status = Cannot execute request on any known server stacktrace = com.netflix.discovery.shared.transport.TransportException: Cannot execute request on any known server
	at com.netflix.discovery.shared.transport.decorator.RetryableEurekaHttpClient.execute(RetryableEurekaHttpClient.java:112)
	at com.netflix.discovery.shared.transport.decorator.EurekaHttpClientDecorator.getApplications(EurekaHttpClientDecorator.java:134)
	at com.netflix.discovery.shared.transport.decorator.EurekaHttpClientDecorator$6.execute(EurekaHttpClientDecorator.java:137)
	at com.netflix.discovery.shared.transport.decorator.SessionedEurekaHttpClient.execute(SessionedEurekaHttpClient.java:76)
	at com.netflix.discovery.shared.transport.decorator.EurekaHttpClientDecorator.getApplications(EurekaHttpClientDecorator.java:134)
	at com.netflix.discovery.DiscoveryClient.getAndStoreFullRegistry(DiscoveryClient.java:1046)
	at com.netflix.discovery.DiscoveryClient.fetchRegistry(DiscoveryClient.java:961)
	at com.netflix.discovery.DiscoveryClient.refreshRegistry(DiscoveryClient.java:1473)
	at com.netflix.discovery.DiscoveryClient$CacheRefreshThread.run(DiscoveryClient.java:1441)
	at java.base/java.util.concurrent.Executors$RunnableAdapter.call(Executors.java:572)
	at java.base/java.util.concurrent.FutureTask.run(FutureTask.java:317)
	at java.base/java.util.concurrent.ThreadPoolExecutor.runWorker(ThreadPoolExecutor.java:1144)
	at java.base/java.util.concurrent.ThreadPoolExecutor$Worker.run(ThreadPoolExecutor.java:642)
	at java.base/java.lang.Thread.run(Thread.java:1583)

2025-12-18T00:04:50.448+05:30  INFO 12284 --- [customer-status-service] [DiscoveryClient-InstanceInfoReplicator-%d] com.netflix.discovery.DiscoveryClient    : DiscoveryClient_CUSTOMER-STATUS-SERVICE/host.docker.internal:customer-status-service:8090: registering service...
2025-12-18T00:04:50.450+05:30 DEBUG 12284 --- [customer-status-service] [DiscoveryClient-InstanceInfoReplicator-%d] o.s.web.client.RestTemplate              : HTTP POST http://localhost:8761/apps/CUSTOMER-STATUS-SERVICE
2025-12-18T00:04:50.455+05:30 DEBUG 12284 --- [customer-status-service] [DiscoveryClient-InstanceInfoReplicator-%d] o.s.web.client.RestTemplate              : Accept=[application/json, application/*+json]
2025-12-18T00:04:50.455+05:30 DEBUG 12284 --- [customer-status-service] [DiscoveryClient-InstanceInfoReplicator-%d] o.s.web.client.RestTemplate              : Writing [InstanceInfo [instanceId = host.docker.internal:customer-status-service:8090, appName = CUSTOMER-STATUS-SERVICE, hostName = host.docker.internal, status = UP, ipAddr = 192.168.1.4, port = 8090, securePort = 443, dataCenterInfo = com.netflix.appinfo.MyDataCenterInfo@56b66cc6] as "application/json"
2025-12-18T00:04:50.467+05:30 DEBUG 12284 --- [customer-status-service] [DiscoveryClient-HeartbeatExecutor-%d] o.s.web.client.RestTemplate              : HTTP PUT http://localhost:8761/apps/CUSTOMER-STATUS-SERVICE/host.docker.internal:customer-status-service:8090?status=UP&lastDirtyTimestamp=1765996460454
2025-12-18T00:04:50.467+05:30 DEBUG 12284 --- [customer-status-service] [DiscoveryClient-HeartbeatExecutor-%d] o.s.web.client.RestTemplate              : Accept=[application/json, application/*+json]
2025-12-18T00:04:50.474+05:30 DEBUG 12284 --- [customer-status-service] [DiscoveryClient-InstanceInfoReplicator-%d] o.s.web.client.RestTemplate              : Response 404 NOT_FOUND
2025-12-18T00:04:50.474+05:30  INFO 12284 --- [customer-status-service] [DiscoveryClient-InstanceInfoReplicator-%d] com.netflix.discovery.DiscoveryClient    : DiscoveryClient_CUSTOMER-STATUS-SERVICE/host.docker.internal:customer-status-service:8090 - registration status: 404
2025-12-18T00:04:50.478+05:30 DEBUG 12284 --- [customer-status-service] [DiscoveryClient-HeartbeatExecutor-%d] o.s.web.client.RestTemplate              : Response 404 NOT_FOUND
2025-12-18T00:04:50.478+05:30  INFO 12284 --- [customer-status-service] [DiscoveryClient-HeartbeatExecutor-%d] com.netflix.discovery.DiscoveryClient    : DiscoveryClient_CUSTOMER-STATUS-SERVICE/host.docker.internal:customer-status-service:8090 - Re-registering apps/CUSTOMER-STATUS-SERVICE
2025-12-18T00:04:50.478+05:30  INFO 12284 --- [customer-status-service] [DiscoveryClient-HeartbeatExecutor-%d] com.netflix.discovery.DiscoveryClient    : DiscoveryClient_CUSTOMER-STATUS-SERVICE/host.docker.internal:customer-status-service:8090: registering service...
2025-12-18T00:04:50.480+05:30 DEBUG 12284 --- [customer-status-service] [DiscoveryClient-HeartbeatExecutor-%d] o.s.web.client.RestTemplate              : HTTP POST http://localhost:8761/apps/CUSTOMER-STATUS-SERVICE
2025-12-18T00:04:50.480+05:30 DEBUG 12284 --- [customer-status-service] [DiscoveryClient-HeartbeatExecutor-%d] o.s.web.client.RestTemplate              : Accept=[application/json, application/*+json]
2025-12-18T00:04:50.480+05:30 DEBUG 12284 --- [customer-status-service] [DiscoveryClient-HeartbeatExecutor-%d] o.s.web.client.RestTemplate              : Writing [InstanceInfo [instanceId = host.docker.internal:customer-status-service:8090, appName = CUSTOMER-STATUS-SERVICE, hostName = host.docker.internal, status = UP, ipAddr = 192.168.1.4, port = 8090, securePort = 443, dataCenterInfo = com.netflix.appinfo.MyDataCenterInfo@56b66cc6] as "application/json"
2025-12-18T00:04:50.488+05:30 DEBUG 12284 --- [customer-status-service] [DiscoveryClient-HeartbeatExecutor-%d] o.s.web.client.RestTemplate              : Response 404 NOT_FOUND
2025-12-18T00:04:50.488+05:30  INFO 12284 --- [customer-status-service] [DiscoveryClient-HeartbeatExecutor-%d] com.netflix.discovery.DiscoveryClient    : DiscoveryClient_CUSTOMER-STATUS-SERVICE/host.docker.internal:customer-status-service:8090 - registration status: 404
2025-12-18T00:04:50.702+05:30  INFO 12284 --- [customer-status-service] [DiscoveryClient-CacheRefreshExecutor-%d] com.netflix.discovery.DiscoveryClient    : Disable delta property : false
2025-12-18T00:04:50.702+05:30  INFO 12284 --- [customer-status-service] [DiscoveryClient-CacheRefreshExecutor-%d] com.netflix.discovery.DiscoveryClient    : Single vip registry refresh property : null
2025-12-18T00:04:50.702+05:30  INFO 12284 --- [customer-status-service] [DiscoveryClient-CacheRefreshExecutor-%d] com.netflix.discovery.DiscoveryClient    : Force full registry fetch : false
2025-12-18T00:04:50.702+05:30  INFO 12284 --- [customer-status-service] [DiscoveryClient-CacheRefreshExecutor-%d] com.netflix.discovery.DiscoveryClient    : Application is null : false
2025-12-18T00:04:50.702+05:30  INFO 12284 --- [customer-status-service] [DiscoveryClient-CacheRefreshExecutor-%d] com.netflix.discovery.DiscoveryClient    : Registered Applications size is zero : true
2025-12-18T00:04:50.702+05:30  INFO 12284 --- [customer-status-service] [DiscoveryClient-CacheRefreshExecutor-%d] com.netflix.discovery.DiscoveryClient    : Application version is -1: true
2025-12-18T00:04:50.702+05:30  INFO 12284 --- [customer-status-service] [DiscoveryClient-CacheRefreshExecutor-%d] com.netflix.discovery.DiscoveryClient    : Getting all instance registry info from the eureka server
2025-12-18T00:04:50.711+05:30 DEBUG 12284 --- [customer-status-service] [DiscoveryClient-CacheRefreshExecutor-%d] o.s.web.client.RestTemplate              : HTTP GET http://localhost:8761/apps/
2025-12-18T00:04:50.724+05:30 DEBUG 12284 --- [customer-status-service] [DiscoveryClient-CacheRefreshExecutor-%d] o.s.web.client.RestTemplate              : Accept=[application/json, application/*+json]
2025-12-18T00:04:50.741+05:30 DEBUG 12284 --- [customer-status-service] [DiscoveryClient-CacheRefreshExecutor-%d] o.s.web.client.RestTemplate              : Response 404 NOT_FOUND
2025-12-18T00:04:50.743+05:30  WARN 12284 --- [customer-status-service] [DiscoveryClient-CacheRefreshExecutor-%d] c.n.d.s.t.d.RetryableEurekaHttpClient    : Request execution failure with status code 404; retrying on another server if available
2025-12-18T00:04:50.743+05:30  INFO 12284 --- [customer-status-service] [DiscoveryClient-CacheRefreshExecutor-%d] com.netflix.discovery.DiscoveryClient    : DiscoveryClient_CUSTOMER-STATUS-SERVICE/host.docker.internal:customer-status-service:8090 - was unable to refresh its cache! This periodic background refresh will be retried in 30 seconds. status = Cannot execute request on any known server stacktrace = com.netflix.discovery.shared.transport.TransportException: Cannot execute request on any known server
	at com.netflix.discovery.shared.transport.decorator.RetryableEurekaHttpClient.execute(RetryableEurekaHttpClient.java:112)
	at com.netflix.discovery.shared.transport.decorator.EurekaHttpClientDecorator.getApplications(EurekaHttpClientDecorator.java:134)
	at com.netflix.discovery.shared.transport.decorator.EurekaHttpClientDecorator$6.execute(EurekaHttpClientDecorator.java:137)
	at com.netflix.discovery.shared.transport.decorator.SessionedEurekaHttpClient.execute(SessionedEurekaHttpClient.java:76)
	at com.netflix.discovery.shared.transport.decorator.EurekaHttpClientDecorator.getApplications(EurekaHttpClientDecorator.java:134)
	at com.netflix.discovery.DiscoveryClient.getAndStoreFullRegistry(DiscoveryClient.java:1046)
	at com.netflix.discovery.DiscoveryClient.fetchRegistry(DiscoveryClient.java:961)
	at com.netflix.discovery.DiscoveryClient.refreshRegistry(DiscoveryClient.java:1473)
	at com.netflix.discovery.DiscoveryClient$CacheRefreshThread.run(DiscoveryClient.java:1441)
	at java.base/java.util.concurrent.Executors$RunnableAdapter.call(Executors.java:572)
	at java.base/java.util.concurrent.FutureTask.run(FutureTask.java:317)
	at java.base/java.util.concurrent.ThreadPoolExecutor.runWorker(ThreadPoolExecutor.java:1144)
	at java.base/java.util.concurrent.ThreadPoolExecutor$Worker.run(ThreadPoolExecutor.java:642)
	at java.base/java.lang.Thread.run(Thread.java:1583)

2025-12-18T00:05:20.489+05:30  INFO 12284 --- [customer-status-service] [DiscoveryClient-InstanceInfoReplicator-%d] com.netflix.discovery.DiscoveryClient    : DiscoveryClient_CUSTOMER-STATUS-SERVICE/host.docker.internal:customer-status-service:8090: registering service...
2025-12-18T00:05:20.491+05:30 DEBUG 12284 --- [customer-status-service] [DiscoveryClient-InstanceInfoReplicator-%d] o.s.web.client.RestTemplate              : HTTP POST http://localhost:8761/apps/CUSTOMER-STATUS-SERVICE
2025-12-18T00:05:20.492+05:30 DEBUG 12284 --- [customer-status-service] [DiscoveryClient-InstanceInfoReplicator-%d] o.s.web.client.RestTemplate              : Accept=[application/json, application/*+json]
2025-12-18T00:05:20.492+05:30 DEBUG 12284 --- [customer-status-service] [DiscoveryClient-InstanceInfoReplicator-%d] o.s.web.client.RestTemplate              : Writing [InstanceInfo [instanceId = host.docker.internal:customer-status-service:8090, appName = CUSTOMER-STATUS-SERVICE, hostName = host.docker.internal, status = UP, ipAddr = 192.168.1.4, port = 8090, securePort = 443, dataCenterInfo = com.netflix.appinfo.MyDataCenterInfo@56b66cc6] as "application/json"
2025-12-18T00:05:20.505+05:30 DEBUG 12284 --- [customer-status-service] [DiscoveryClient-HeartbeatExecutor-%d] o.s.web.client.RestTemplate              : HTTP PUT http://localhost:8761/apps/CUSTOMER-STATUS-SERVICE/host.docker.internal:customer-status-service:8090?status=UP&lastDirtyTimestamp=1765996490478
2025-12-18T00:05:20.506+05:30 DEBUG 12284 --- [customer-status-service] [DiscoveryClient-HeartbeatExecutor-%d] o.s.web.client.RestTemplate              : Accept=[application/json, application/*+json]
2025-12-18T00:05:20.513+05:30 DEBUG 12284 --- [customer-status-service] [DiscoveryClient-InstanceInfoReplicator-%d] o.s.web.client.RestTemplate              : Response 404 NOT_FOUND
2025-12-18T00:05:20.513+05:30  INFO 12284 --- [customer-status-service] [DiscoveryClient-InstanceInfoReplicator-%d] com.netflix.discovery.DiscoveryClient    : DiscoveryClient_CUSTOMER-STATUS-SERVICE/host.docker.internal:customer-status-service:8090 - registration status: 404
2025-12-18T00:05:20.524+05:30 DEBUG 12284 --- [customer-status-service] [DiscoveryClient-HeartbeatExecutor-%d] o.s.web.client.RestTemplate              : Response 404 NOT_FOUND
2025-12-18T00:05:20.525+05:30  INFO 12284 --- [customer-status-service] [DiscoveryClient-HeartbeatExecutor-%d] com.netflix.discovery.DiscoveryClient    : DiscoveryClient_CUSTOMER-STATUS-SERVICE/host.docker.internal:customer-status-service:8090 - Re-registering apps/CUSTOMER-STATUS-SERVICE
2025-12-18T00:05:20.525+05:30  INFO 12284 --- [customer-status-service] [DiscoveryClient-HeartbeatExecutor-%d] com.netflix.discovery.DiscoveryClient    : DiscoveryClient_CUSTOMER-STATUS-SERVICE/host.docker.internal:customer-status-service:8090: registering service...
2025-12-18T00:05:20.525+05:30 DEBUG 12284 --- [customer-status-service] [DiscoveryClient-HeartbeatExecutor-%d] o.s.web.client.RestTemplate              : HTTP POST http://localhost:8761/apps/CUSTOMER-STATUS-SERVICE
2025-12-18T00:05:20.526+05:30 DEBUG 12284 --- [customer-status-service] [DiscoveryClient-HeartbeatExecutor-%d] o.s.web.client.RestTemplate              : Accept=[application/json, application/*+json]
2025-12-18T00:05:20.526+05:30 DEBUG 12284 --- [customer-status-service] [DiscoveryClient-HeartbeatExecutor-%d] o.s.web.client.RestTemplate              : Writing [InstanceInfo [instanceId = host.docker.internal:customer-status-service:8090, appName = CUSTOMER-STATUS-SERVICE, hostName = host.docker.internal, status = UP, ipAddr = 192.168.1.4, port = 8090, securePort = 443, dataCenterInfo = com.netflix.appinfo.MyDataCenterInfo@56b66cc6] as "application/json"
2025-12-18T00:05:20.531+05:30 DEBUG 12284 --- [customer-status-service] [DiscoveryClient-HeartbeatExecutor-%d] o.s.web.client.RestTemplate              : Response 404 NOT_FOUND
2025-12-18T00:05:20.531+05:30  INFO 12284 --- [customer-status-service] [DiscoveryClient-HeartbeatExecutor-%d] com.netflix.discovery.DiscoveryClient    : DiscoveryClient_CUSTOMER-STATUS-SERVICE/host.docker.internal:customer-status-service:8090 - registration status: 404
2025-12-18T00:05:20.757+05:30  INFO 12284 --- [customer-status-service] [DiscoveryClient-CacheRefreshExecutor-%d] com.netflix.discovery.DiscoveryClient    : Disable delta property : false
2025-12-18T00:05:20.757+05:30  INFO 12284 --- [customer-status-service] [DiscoveryClient-CacheRefreshExecutor-%d] com.netflix.discovery.DiscoveryClient    : Single vip registry refresh property : null
2025-12-18T00:05:20.757+05:30  INFO 12284 --- [customer-status-service] [DiscoveryClient-CacheRefreshExecutor-%d] com.netflix.discovery.DiscoveryClient    : Force full registry fetch : false
2025-12-18T00:05:20.757+05:30  INFO 12284 --- [customer-status-service] [DiscoveryClient-CacheRefreshExecutor-%d] com.netflix.discovery.DiscoveryClient    : Application is null : false
2025-12-18T00:05:20.757+05:30  INFO 12284 --- [customer-status-service] [DiscoveryClient-CacheRefreshExecutor-%d] com.netflix.discovery.DiscoveryClient    : Registered Applications size is zero : true
2025-12-18T00:05:20.757+05:30  INFO 12284 --- [customer-status-service] [DiscoveryClient-CacheRefreshExecutor-%d] com.netflix.discovery.DiscoveryClient    : Application version is -1: true
2025-12-18T00:05:20.757+05:30  INFO 12284 --- [customer-status-service] [DiscoveryClient-CacheRefreshExecutor-%d] com.netflix.discovery.DiscoveryClient    : Getting all instance registry info from the eureka server
2025-12-18T00:05:20.765+05:30 DEBUG 12284 --- [customer-status-service] [DiscoveryClient-CacheRefreshExecutor-%d] o.s.web.client.RestTemplate              : HTTP GET http://localhost:8761/apps/
2025-12-18T00:05:20.772+05:30 DEBUG 12284 --- [customer-status-service] [DiscoveryClient-CacheRefreshExecutor-%d] o.s.web.client.RestTemplate              : Accept=[application/json, application/*+json]
2025-12-18T00:05:20.782+05:30 DEBUG 12284 --- [customer-status-service] [DiscoveryClient-CacheRefreshExecutor-%d] o.s.web.client.RestTemplate              : Response 404 NOT_FOUND
2025-12-18T00:05:20.782+05:30  WARN 12284 --- [customer-status-service] [DiscoveryClient-CacheRefreshExecutor-%d] c.n.d.s.t.d.RetryableEurekaHttpClient    : Request execution failure with status code 404; retrying on another server if available
2025-12-18T00:05:20.783+05:30  INFO 12284 --- [customer-status-service] [DiscoveryClient-CacheRefreshExecutor-%d] com.netflix.discovery.DiscoveryClient    : DiscoveryClient_CUSTOMER-STATUS-SERVICE/host.docker.internal:customer-status-service:8090 - was unable to refresh its cache! This periodic background refresh will be retried in 30 seconds. status = Cannot execute request on any known server stacktrace = com.netflix.discovery.shared.transport.TransportException: Cannot execute request on any known server
	at com.netflix.discovery.shared.transport.decorator.RetryableEurekaHttpClient.execute(RetryableEurekaHttpClient.java:112)
	at com.netflix.discovery.shared.transport.decorator.EurekaHttpClientDecorator.getApplications(EurekaHttpClientDecorator.java:134)
	at com.netflix.discovery.shared.transport.decorator.EurekaHttpClientDecorator$6.execute(EurekaHttpClientDecorator.java:137)
	at com.netflix.discovery.shared.transport.decorator.SessionedEurekaHttpClient.execute(SessionedEurekaHttpClient.java:76)
	at com.netflix.discovery.shared.transport.decorator.EurekaHttpClientDecorator.getApplications(EurekaHttpClientDecorator.java:134)
	at com.netflix.discovery.DiscoveryClient.getAndStoreFullRegistry(DiscoveryClient.java:1046)
	at com.netflix.discovery.DiscoveryClient.fetchRegistry(DiscoveryClient.java:961)
	at com.netflix.discovery.DiscoveryClient.refreshRegistry(DiscoveryClient.java:1473)
	at com.netflix.discovery.DiscoveryClient$CacheRefreshThread.run(DiscoveryClient.java:1441)
	at java.base/java.util.concurrent.Executors$RunnableAdapter.call(Executors.java:572)
	at java.base/java.util.concurrent.FutureTask.run(FutureTask.java:317)
	at java.base/java.util.concurrent.ThreadPoolExecutor.runWorker(ThreadPoolExecutor.java:1144)
	at java.base/java.util.concurrent.ThreadPoolExecutor$Worker.run(ThreadPoolExecutor.java:642)
	at java.base/java.lang.Thread.run(Thread.java:1583)

2025-12-18T00:05:50.517+05:30  INFO 12284 --- [customer-status-service] [DiscoveryClient-InstanceInfoReplicator-%d] com.netflix.discovery.DiscoveryClient    : DiscoveryClient_CUSTOMER-STATUS-SERVICE/host.docker.internal:customer-status-service:8090: registering service...
2025-12-18T00:05:50.518+05:30 DEBUG 12284 --- [customer-status-service] [DiscoveryClient-InstanceInfoReplicator-%d] o.s.web.client.RestTemplate              : HTTP POST http://localhost:8761/apps/CUSTOMER-STATUS-SERVICE
2025-12-18T00:05:50.519+05:30 DEBUG 12284 --- [customer-status-service] [DiscoveryClient-InstanceInfoReplicator-%d] o.s.web.client.RestTemplate              : Accept=[application/json, application/*+json]
2025-12-18T00:05:50.520+05:30 DEBUG 12284 --- [customer-status-service] [DiscoveryClient-InstanceInfoReplicator-%d] o.s.web.client.RestTemplate              : Writing [InstanceInfo [instanceId = host.docker.internal:customer-status-service:8090, appName = CUSTOMER-STATUS-SERVICE, hostName = host.docker.internal, status = UP, ipAddr = 192.168.1.4, port = 8090, securePort = 443, dataCenterInfo = com.netflix.appinfo.MyDataCenterInfo@56b66cc6] as "application/json"
2025-12-18T00:05:50.542+05:30 DEBUG 12284 --- [customer-status-service] [DiscoveryClient-InstanceInfoReplicator-%d] o.s.web.client.RestTemplate              : Response 404 NOT_FOUND
2025-12-18T00:05:50.542+05:30  INFO 12284 --- [customer-status-service] [DiscoveryClient-InstanceInfoReplicator-%d] com.netflix.discovery.DiscoveryClient    : DiscoveryClient_CUSTOMER-STATUS-SERVICE/host.docker.internal:customer-status-service:8090 - registration status: 404
2025-12-18T00:05:50.549+05:30 DEBUG 12284 --- [customer-status-service] [DiscoveryClient-HeartbeatExecutor-%d] o.s.web.client.RestTemplate              : HTTP PUT http://localhost:8761/apps/CUSTOMER-STATUS-SERVICE/host.docker.internal:customer-status-service:8090?status=UP&lastDirtyTimestamp=1765996520525
2025-12-18T00:05:50.550+05:30 DEBUG 12284 --- [customer-status-service] [DiscoveryClient-HeartbeatExecutor-%d] o.s.web.client.RestTemplate              : Accept=[application/json, application/*+json]
2025-12-18T00:05:50.561+05:30 DEBUG 12284 --- [customer-status-service] [DiscoveryClient-HeartbeatExecutor-%d] o.s.web.client.RestTemplate              : Response 404 NOT_FOUND
2025-12-18T00:05:50.561+05:30  INFO 12284 --- [customer-status-service] [DiscoveryClient-HeartbeatExecutor-%d] com.netflix.discovery.DiscoveryClient    : DiscoveryClient_CUSTOMER-STATUS-SERVICE/host.docker.internal:customer-status-service:8090 - Re-registering apps/CUSTOMER-STATUS-SERVICE
2025-12-18T00:05:50.562+05:30  INFO 12284 --- [customer-status-service] [DiscoveryClient-HeartbeatExecutor-%d] com.netflix.discovery.DiscoveryClient    : DiscoveryClient_CUSTOMER-STATUS-SERVICE/host.docker.internal:customer-status-service:8090: registering service...
2025-12-18T00:05:50.562+05:30 DEBUG 12284 --- [customer-status-service] [DiscoveryClient-HeartbeatExecutor-%d] o.s.web.client.RestTemplate              : HTTP POST http://localhost:8761/apps/CUSTOMER-STATUS-SERVICE
2025-12-18T00:05:50.563+05:30 DEBUG 12284 --- [customer-status-service] [DiscoveryClient-HeartbeatExecutor-%d] o.s.web.client.RestTemplate              : Accept=[application/json, application/*+json]
2025-12-18T00:05:50.564+05:30 DEBUG 12284 --- [customer-status-service] [DiscoveryClient-HeartbeatExecutor-%d] o.s.web.client.RestTemplate              : Writing [InstanceInfo [instanceId = host.docker.internal:customer-status-service:8090, appName = CUSTOMER-STATUS-SERVICE, hostName = host.docker.internal, status = UP, ipAddr = 192.168.1.4, port = 8090, securePort = 443, dataCenterInfo = com.netflix.appinfo.MyDataCenterInfo@56b66cc6] as "application/json"
2025-12-18T00:05:50.570+05:30 DEBUG 12284 --- [customer-status-service] [DiscoveryClient-HeartbeatExecutor-%d] o.s.web.client.RestTemplate              : Response 404 NOT_FOUND
2025-12-18T00:05:50.572+05:30  INFO 12284 --- [customer-status-service] [DiscoveryClient-HeartbeatExecutor-%d] com.netflix.discovery.DiscoveryClient    : DiscoveryClient_CUSTOMER-STATUS-SERVICE/host.docker.internal:customer-status-service:8090 - registration status: 404
2025-12-18T00:05:50.798+05:30  INFO 12284 --- [customer-status-service] [DiscoveryClient-CacheRefreshExecutor-%d] com.netflix.discovery.DiscoveryClient    : Disable delta property : false
2025-12-18T00:05:50.798+05:30  INFO 12284 --- [customer-status-service] [DiscoveryClient-CacheRefreshExecutor-%d] com.netflix.discovery.DiscoveryClient    : Single vip registry refresh property : null
2025-12-18T00:05:50.799+05:30  INFO 12284 --- [customer-status-service] [DiscoveryClient-CacheRefreshExecutor-%d] com.netflix.discovery.DiscoveryClient    : Force full registry fetch : false
2025-12-18T00:05:50.799+05:30  INFO 12284 --- [customer-status-service] [DiscoveryClient-CacheRefreshExecutor-%d] com.netflix.discovery.DiscoveryClient    : Application is null : false
2025-12-18T00:05:50.799+05:30  INFO 12284 --- [customer-status-service] [DiscoveryClient-CacheRefreshExecutor-%d] com.netflix.discovery.DiscoveryClient    : Registered Applications size is zero : true
2025-12-18T00:05:50.799+05:30  INFO 12284 --- [customer-status-service] [DiscoveryClient-CacheRefreshExecutor-%d] com.netflix.discovery.DiscoveryClient    : Application version is -1: true
2025-12-18T00:05:50.799+05:30  INFO 12284 --- [customer-status-service] [DiscoveryClient-CacheRefreshExecutor-%d] com.netflix.discovery.DiscoveryClient    : Getting all instance registry info from the eureka server
2025-12-18T00:05:50.808+05:30 DEBUG 12284 --- [customer-status-service] [DiscoveryClient-CacheRefreshExecutor-%d] o.s.web.client.RestTemplate              : HTTP GET http://localhost:8761/apps/
2025-12-18T00:05:50.814+05:30 DEBUG 12284 --- [customer-status-service] [DiscoveryClient-CacheRefreshExecutor-%d] o.s.web.client.RestTemplate              : Accept=[application/json, application/*+json]
2025-12-18T00:05:50.829+05:30 DEBUG 12284 --- [customer-status-service] [DiscoveryClient-CacheRefreshExecutor-%d] o.s.web.client.RestTemplate              : Response 404 NOT_FOUND
2025-12-18T00:05:50.829+05:30  WARN 12284 --- [customer-status-service] [DiscoveryClient-CacheRefreshExecutor-%d] c.n.d.s.t.d.RetryableEurekaHttpClient    : Request execution failure with status code 404; retrying on another server if available
2025-12-18T00:05:50.830+05:30  INFO 12284 --- [customer-status-service] [DiscoveryClient-CacheRefreshExecutor-%d] com.netflix.discovery.DiscoveryClient    : DiscoveryClient_CUSTOMER-STATUS-SERVICE/host.docker.internal:customer-status-service:8090 - was unable to refresh its cache! This periodic background refresh will be retried in 30 seconds. status = Cannot execute request on any known server stacktrace = com.netflix.discovery.shared.transport.TransportException: Cannot execute request on any known server
	at com.netflix.discovery.shared.transport.decorator.RetryableEurekaHttpClient.execute(RetryableEurekaHttpClient.java:112)
	at com.netflix.discovery.shared.transport.decorator.EurekaHttpClientDecorator.getApplications(EurekaHttpClientDecorator.java:134)
	at com.netflix.discovery.shared.transport.decorator.EurekaHttpClientDecorator$6.execute(EurekaHttpClientDecorator.java:137)
	at com.netflix.discovery.shared.transport.decorator.SessionedEurekaHttpClient.execute(SessionedEurekaHttpClient.java:76)
	at com.netflix.discovery.shared.transport.decorator.EurekaHttpClientDecorator.getApplications(EurekaHttpClientDecorator.java:134)
	at com.netflix.discovery.DiscoveryClient.getAndStoreFullRegistry(DiscoveryClient.java:1046)
	at com.netflix.discovery.DiscoveryClient.fetchRegistry(DiscoveryClient.java:961)
	at com.netflix.discovery.DiscoveryClient.refreshRegistry(DiscoveryClient.java:1473)
	at com.netflix.discovery.DiscoveryClient$CacheRefreshThread.run(DiscoveryClient.java:1441)
	at java.base/java.util.concurrent.Executors$RunnableAdapter.call(Executors.java:572)
	at java.base/java.util.concurrent.FutureTask.run(FutureTask.java:317)
	at java.base/java.util.concurrent.ThreadPoolExecutor.runWorker(ThreadPoolExecutor.java:1144)
	at java.base/java.util.concurrent.ThreadPoolExecutor$Worker.run(ThreadPoolExecutor.java:642)
	at java.base/java.lang.Thread.run(Thread.java:1583)

2025-12-18T00:06:20.553+05:30  INFO 12284 --- [customer-status-service] [DiscoveryClient-InstanceInfoReplicator-%d] com.netflix.discovery.DiscoveryClient    : DiscoveryClient_CUSTOMER-STATUS-SERVICE/host.docker.internal:customer-status-service:8090: registering service...
2025-12-18T00:06:20.562+05:30 DEBUG 12284 --- [customer-status-service] [DiscoveryClient-InstanceInfoReplicator-%d] o.s.web.client.RestTemplate              : HTTP POST http://localhost:8761/apps/CUSTOMER-STATUS-SERVICE
2025-12-18T00:06:20.563+05:30 DEBUG 12284 --- [customer-status-service] [DiscoveryClient-InstanceInfoReplicator-%d] o.s.web.client.RestTemplate              : Accept=[application/json, application/*+json]
2025-12-18T00:06:20.568+05:30 DEBUG 12284 --- [customer-status-service] [DiscoveryClient-InstanceInfoReplicator-%d] o.s.web.client.RestTemplate              : Writing [InstanceInfo [instanceId = host.docker.internal:customer-status-service:8090, appName = CUSTOMER-STATUS-SERVICE, hostName = host.docker.internal, status = UP, ipAddr = 192.168.1.4, port = 8090, securePort = 443, dataCenterInfo = com.netflix.appinfo.MyDataCenterInfo@56b66cc6] as "application/json"
2025-12-18T00:06:20.581+05:30 DEBUG 12284 --- [customer-status-service] [DiscoveryClient-InstanceInfoReplicator-%d] o.s.web.client.RestTemplate              : Response 404 NOT_FOUND
2025-12-18T00:06:20.581+05:30  INFO 12284 --- [customer-status-service] [DiscoveryClient-InstanceInfoReplicator-%d] com.netflix.discovery.DiscoveryClient    : DiscoveryClient_CUSTOMER-STATUS-SERVICE/host.docker.internal:customer-status-service:8090 - registration status: 404
2025-12-18T00:06:20.585+05:30 DEBUG 12284 --- [customer-status-service] [DiscoveryClient-HeartbeatExecutor-%d] o.s.web.client.RestTemplate              : HTTP PUT http://localhost:8761/apps/CUSTOMER-STATUS-SERVICE/host.docker.internal:customer-status-service:8090?status=UP&lastDirtyTimestamp=1765996550562
2025-12-18T00:06:20.591+05:30 DEBUG 12284 --- [customer-status-service] [DiscoveryClient-HeartbeatExecutor-%d] o.s.web.client.RestTemplate              : Accept=[application/json, application/*+json]
2025-12-18T00:06:20.599+05:30 DEBUG 12284 --- [customer-status-service] [DiscoveryClient-HeartbeatExecutor-%d] o.s.web.client.RestTemplate              : Response 404 NOT_FOUND
2025-12-18T00:06:20.600+05:30  INFO 12284 --- [customer-status-service] [DiscoveryClient-HeartbeatExecutor-%d] com.netflix.discovery.DiscoveryClient    : DiscoveryClient_CUSTOMER-STATUS-SERVICE/host.docker.internal:customer-status-service:8090 - Re-registering apps/CUSTOMER-STATUS-SERVICE
2025-12-18T00:06:20.600+05:30  INFO 12284 --- [customer-status-service] [DiscoveryClient-HeartbeatExecutor-%d] com.netflix.discovery.DiscoveryClient    : DiscoveryClient_CUSTOMER-STATUS-SERVICE/host.docker.internal:customer-status-service:8090: registering service...
2025-12-18T00:06:20.601+05:30 DEBUG 12284 --- [customer-status-service] [DiscoveryClient-HeartbeatExecutor-%d] o.s.web.client.RestTemplate              : HTTP POST http://localhost:8761/apps/CUSTOMER-STATUS-SERVICE
2025-12-18T00:06:20.601+05:30 DEBUG 12284 --- [customer-status-service] [DiscoveryClient-HeartbeatExecutor-%d] o.s.web.client.RestTemplate              : Accept=[application/json, application/*+json]
2025-12-18T00:06:20.602+05:30 DEBUG 12284 --- [customer-status-service] [DiscoveryClient-HeartbeatExecutor-%d] o.s.web.client.RestTemplate              : Writing [InstanceInfo [instanceId = host.docker.internal:customer-status-service:8090, appName = CUSTOMER-STATUS-SERVICE, hostName = host.docker.internal, status = UP, ipAddr = 192.168.1.4, port = 8090, securePort = 443, dataCenterInfo = com.netflix.appinfo.MyDataCenterInfo@56b66cc6] as "application/json"
2025-12-18T00:06:20.610+05:30 DEBUG 12284 --- [customer-status-service] [DiscoveryClient-HeartbeatExecutor-%d] o.s.web.client.RestTemplate              : Response 404 NOT_FOUND
2025-12-18T00:06:20.610+05:30  INFO 12284 --- [customer-status-service] [DiscoveryClient-HeartbeatExecutor-%d] com.netflix.discovery.DiscoveryClient    : DiscoveryClient_CUSTOMER-STATUS-SERVICE/host.docker.internal:customer-status-service:8090 - registration status: 404
2025-12-18T00:06:20.836+05:30  INFO 12284 --- [customer-status-service] [DiscoveryClient-CacheRefreshExecutor-%d] com.netflix.discovery.DiscoveryClient    : Disable delta property : false
2025-12-18T00:06:20.836+05:30  INFO 12284 --- [customer-status-service] [DiscoveryClient-CacheRefreshExecutor-%d] com.netflix.discovery.DiscoveryClient    : Single vip registry refresh property : null
2025-12-18T00:06:20.836+05:30  INFO 12284 --- [customer-status-service] [DiscoveryClient-CacheRefreshExecutor-%d] com.netflix.discovery.DiscoveryClient    : Force full registry fetch : false
2025-12-18T00:06:20.836+05:30  INFO 12284 --- [customer-status-service] [DiscoveryClient-CacheRefreshExecutor-%d] com.netflix.discovery.DiscoveryClient    : Application is null : false
2025-12-18T00:06:20.836+05:30  INFO 12284 --- [customer-status-service] [DiscoveryClient-CacheRefreshExecutor-%d] com.netflix.discovery.DiscoveryClient    : Registered Applications size is zero : true
2025-12-18T00:06:20.836+05:30  INFO 12284 --- [customer-status-service] [DiscoveryClient-CacheRefreshExecutor-%d] com.netflix.discovery.DiscoveryClient    : Application version is -1: true
2025-12-18T00:06:20.836+05:30  INFO 12284 --- [customer-status-service] [DiscoveryClient-CacheRefreshExecutor-%d] com.netflix.discovery.DiscoveryClient    : Getting all instance registry info from the eureka server
2025-12-18T00:06:20.846+05:30 DEBUG 12284 --- [customer-status-service] [DiscoveryClient-CacheRefreshExecutor-%d] o.s.web.client.RestTemplate              : HTTP GET http://localhost:8761/apps/
2025-12-18T00:06:20.854+05:30 DEBUG 12284 --- [customer-status-service] [DiscoveryClient-CacheRefreshExecutor-%d] o.s.web.client.RestTemplate              : Accept=[application/json, application/*+json]
2025-12-18T00:06:20.868+05:30 DEBUG 12284 --- [customer-status-service] [DiscoveryClient-CacheRefreshExecutor-%d] o.s.web.client.RestTemplate              : Response 404 NOT_FOUND
2025-12-18T00:06:20.869+05:30  WARN 12284 --- [customer-status-service] [DiscoveryClient-CacheRefreshExecutor-%d] c.n.d.s.t.d.RetryableEurekaHttpClient    : Request execution failure with status code 404; retrying on another server if available
2025-12-18T00:06:20.901+05:30  INFO 12284 --- [customer-status-service] [DiscoveryClient-CacheRefreshExecutor-%d] com.netflix.discovery.DiscoveryClient    : DiscoveryClient_CUSTOMER-STATUS-SERVICE/host.docker.internal:customer-status-service:8090 - was unable to refresh its cache! This periodic background refresh will be retried in 30 seconds. status = Cannot execute request on any known server stacktrace = com.netflix.discovery.shared.transport.TransportException: Cannot execute request on any known server
	at com.netflix.discovery.shared.transport.decorator.RetryableEurekaHttpClient.execute(RetryableEurekaHttpClient.java:112)
	at com.netflix.discovery.shared.transport.decorator.EurekaHttpClientDecorator.getApplications(EurekaHttpClientDecorator.java:134)
	at com.netflix.discovery.shared.transport.decorator.EurekaHttpClientDecorator$6.execute(EurekaHttpClientDecorator.java:137)
	at com.netflix.discovery.shared.transport.decorator.SessionedEurekaHttpClient.execute(SessionedEurekaHttpClient.java:76)
	at com.netflix.discovery.shared.transport.decorator.EurekaHttpClientDecorator.getApplications(EurekaHttpClientDecorator.java:134)
	at com.netflix.discovery.DiscoveryClient.getAndStoreFullRegistry(DiscoveryClient.java:1046)
	at com.netflix.discovery.DiscoveryClient.fetchRegistry(DiscoveryClient.java:961)
	at com.netflix.discovery.DiscoveryClient.refreshRegistry(DiscoveryClient.java:1473)
	at com.netflix.discovery.DiscoveryClient$CacheRefreshThread.run(DiscoveryClient.java:1441)
	at java.base/java.util.concurrent.Executors$RunnableAdapter.call(Executors.java:572)
	at java.base/java.util.concurrent.FutureTask.run(FutureTask.java:317)
	at java.base/java.util.concurrent.ThreadPoolExecutor.runWorker(ThreadPoolExecutor.java:1144)
	at java.base/java.util.concurrent.ThreadPoolExecutor$Worker.run(ThreadPoolExecutor.java:642)
	at java.base/java.lang.Thread.run(Thread.java:1583)

2025-12-18T00:06:50.585+05:30  INFO 12284 --- [customer-status-service] [DiscoveryClient-InstanceInfoReplicator-%d] com.netflix.discovery.DiscoveryClient    : DiscoveryClient_CUSTOMER-STATUS-SERVICE/host.docker.internal:customer-status-service:8090: registering service...
2025-12-18T00:06:50.587+05:30 DEBUG 12284 --- [customer-status-service] [DiscoveryClient-InstanceInfoReplicator-%d] o.s.web.client.RestTemplate              : HTTP POST http://localhost:8761/apps/CUSTOMER-STATUS-SERVICE
2025-12-18T00:06:50.587+05:30 DEBUG 12284 --- [customer-status-service] [DiscoveryClient-InstanceInfoReplicator-%d] o.s.web.client.RestTemplate              : Accept=[application/json, application/*+json]
2025-12-18T00:06:50.588+05:30 DEBUG 12284 --- [customer-status-service] [DiscoveryClient-InstanceInfoReplicator-%d] o.s.web.client.RestTemplate              : Writing [InstanceInfo [instanceId = host.docker.internal:customer-status-service:8090, appName = CUSTOMER-STATUS-SERVICE, hostName = host.docker.internal, status = UP, ipAddr = 192.168.1.4, port = 8090, securePort = 443, dataCenterInfo = com.netflix.appinfo.MyDataCenterInfo@56b66cc6] as "application/json"
2025-12-18T00:06:50.609+05:30 DEBUG 12284 --- [customer-status-service] [DiscoveryClient-InstanceInfoReplicator-%d] o.s.web.client.RestTemplate              : Response 404 NOT_FOUND
2025-12-18T00:06:50.610+05:30  INFO 12284 --- [customer-status-service] [DiscoveryClient-InstanceInfoReplicator-%d] com.netflix.discovery.DiscoveryClient    : DiscoveryClient_CUSTOMER-STATUS-SERVICE/host.docker.internal:customer-status-service:8090 - registration status: 404
2025-12-18T00:06:50.616+05:30 DEBUG 12284 --- [customer-status-service] [DiscoveryClient-HeartbeatExecutor-%d] o.s.web.client.RestTemplate              : HTTP PUT http://localhost:8761/apps/CUSTOMER-STATUS-SERVICE/host.docker.internal:customer-status-service:8090?status=UP&lastDirtyTimestamp=1765996580600
2025-12-18T00:06:50.618+05:30 DEBUG 12284 --- [customer-status-service] [DiscoveryClient-HeartbeatExecutor-%d] o.s.web.client.RestTemplate              : Accept=[application/json, application/*+json]
2025-12-18T00:06:50.630+05:30 DEBUG 12284 --- [customer-status-service] [DiscoveryClient-HeartbeatExecutor-%d] o.s.web.client.RestTemplate              : Response 404 NOT_FOUND
2025-12-18T00:06:50.632+05:30  INFO 12284 --- [customer-status-service] [DiscoveryClient-HeartbeatExecutor-%d] com.netflix.discovery.DiscoveryClient    : DiscoveryClient_CUSTOMER-STATUS-SERVICE/host.docker.internal:customer-status-service:8090 - Re-registering apps/CUSTOMER-STATUS-SERVICE
2025-12-18T00:06:50.632+05:30  INFO 12284 --- [customer-status-service] [DiscoveryClient-HeartbeatExecutor-%d] com.netflix.discovery.DiscoveryClient    : DiscoveryClient_CUSTOMER-STATUS-SERVICE/host.docker.internal:customer-status-service:8090: registering service...
2025-12-18T00:06:50.632+05:30 DEBUG 12284 --- [customer-status-service] [DiscoveryClient-HeartbeatExecutor-%d] o.s.web.client.RestTemplate              : HTTP POST http://localhost:8761/apps/CUSTOMER-STATUS-SERVICE
2025-12-18T00:06:50.633+05:30 DEBUG 12284 --- [customer-status-service] [DiscoveryClient-HeartbeatExecutor-%d] o.s.web.client.RestTemplate              : Accept=[application/json, application/*+json]
2025-12-18T00:06:50.633+05:30 DEBUG 12284 --- [customer-status-service] [DiscoveryClient-HeartbeatExecutor-%d] o.s.web.client.RestTemplate              : Writing [InstanceInfo [instanceId = host.docker.internal:customer-status-service:8090, appName = CUSTOMER-STATUS-SERVICE, hostName = host.docker.internal, status = UP, ipAddr = 192.168.1.4, port = 8090, securePort = 443, dataCenterInfo = com.netflix.appinfo.MyDataCenterInfo@56b66cc6] as "application/json"
2025-12-18T00:06:50.641+05:30 DEBUG 12284 --- [customer-status-service] [DiscoveryClient-HeartbeatExecutor-%d] o.s.web.client.RestTemplate              : Response 404 NOT_FOUND
2025-12-18T00:06:50.642+05:30  INFO 12284 --- [customer-status-service] [DiscoveryClient-HeartbeatExecutor-%d] com.netflix.discovery.DiscoveryClient    : DiscoveryClient_CUSTOMER-STATUS-SERVICE/host.docker.internal:customer-status-service:8090 - registration status: 404
2025-12-18T00:06:50.914+05:30  INFO 12284 --- [customer-status-service] [DiscoveryClient-CacheRefreshExecutor-%d] com.netflix.discovery.DiscoveryClient    : Disable delta property : false
2025-12-18T00:06:50.914+05:30  INFO 12284 --- [customer-status-service] [DiscoveryClient-CacheRefreshExecutor-%d] com.netflix.discovery.DiscoveryClient    : Single vip registry refresh property : null
2025-12-18T00:06:50.914+05:30  INFO 12284 --- [customer-status-service] [DiscoveryClient-CacheRefreshExecutor-%d] com.netflix.discovery.DiscoveryClient    : Force full registry fetch : false
2025-12-18T00:06:50.914+05:30  INFO 12284 --- [customer-status-service] [DiscoveryClient-CacheRefreshExecutor-%d] com.netflix.discovery.DiscoveryClient    : Application is null : false
2025-12-18T00:06:50.914+05:30  INFO 12284 --- [customer-status-service] [DiscoveryClient-CacheRefreshExecutor-%d] com.netflix.discovery.DiscoveryClient    : Registered Applications size is zero : true
2025-12-18T00:06:50.914+05:30  INFO 12284 --- [customer-status-service] [DiscoveryClient-CacheRefreshExecutor-%d] com.netflix.discovery.DiscoveryClient    : Application version is -1: true
2025-12-18T00:06:50.915+05:30  INFO 12284 --- [customer-status-service] [DiscoveryClient-CacheRefreshExecutor-%d] com.netflix.discovery.DiscoveryClient    : Getting all instance registry info from the eureka server
2025-12-18T00:06:50.921+05:30 DEBUG 12284 --- [customer-status-service] [DiscoveryClient-CacheRefreshExecutor-%d] o.s.web.client.RestTemplate              : HTTP GET http://localhost:8761/apps/
2025-12-18T00:06:50.929+05:30 DEBUG 12284 --- [customer-status-service] [DiscoveryClient-CacheRefreshExecutor-%d] o.s.web.client.RestTemplate              : Accept=[application/json, application/*+json]
2025-12-18T00:06:50.941+05:30 DEBUG 12284 --- [customer-status-service] [DiscoveryClient-CacheRefreshExecutor-%d] o.s.web.client.RestTemplate              : Response 404 NOT_FOUND
2025-12-18T00:06:50.941+05:30  WARN 12284 --- [customer-status-service] [DiscoveryClient-CacheRefreshExecutor-%d] c.n.d.s.t.d.RetryableEurekaHttpClient    : Request execution failure with status code 404; retrying on another server if available
2025-12-18T00:06:50.942+05:30  INFO 12284 --- [customer-status-service] [DiscoveryClient-CacheRefreshExecutor-%d] com.netflix.discovery.DiscoveryClient    : DiscoveryClient_CUSTOMER-STATUS-SERVICE/host.docker.internal:customer-status-service:8090 - was unable to refresh its cache! This periodic background refresh will be retried in 30 seconds. status = Cannot execute request on any known server stacktrace = com.netflix.discovery.shared.transport.TransportException: Cannot execute request on any known server
	at com.netflix.discovery.shared.transport.decorator.RetryableEurekaHttpClient.execute(RetryableEurekaHttpClient.java:112)
	at com.netflix.discovery.shared.transport.decorator.EurekaHttpClientDecorator.getApplications(EurekaHttpClientDecorator.java:134)
	at com.netflix.discovery.shared.transport.decorator.EurekaHttpClientDecorator$6.execute(EurekaHttpClientDecorator.java:137)
	at com.netflix.discovery.shared.transport.decorator.SessionedEurekaHttpClient.execute(SessionedEurekaHttpClient.java:76)
	at com.netflix.discovery.shared.transport.decorator.EurekaHttpClientDecorator.getApplications(EurekaHttpClientDecorator.java:134)
	at com.netflix.discovery.DiscoveryClient.getAndStoreFullRegistry(DiscoveryClient.java:1046)
	at com.netflix.discovery.DiscoveryClient.fetchRegistry(DiscoveryClient.java:961)
	at com.netflix.discovery.DiscoveryClient.refreshRegistry(DiscoveryClient.java:1473)
	at com.netflix.discovery.DiscoveryClient$CacheRefreshThread.run(DiscoveryClient.java:1441)
	at java.base/java.util.concurrent.Executors$RunnableAdapter.call(Executors.java:572)
	at java.base/java.util.concurrent.FutureTask.run(FutureTask.java:317)
	at java.base/java.util.concurrent.ThreadPoolExecutor.runWorker(ThreadPoolExecutor.java:1144)
	at java.base/java.util.concurrent.ThreadPoolExecutor$Worker.run(ThreadPoolExecutor.java:642)
	at java.base/java.lang.Thread.run(Thread.java:1583)

2025-12-18T00:07:20.624+05:30  INFO 12284 --- [customer-status-service] [DiscoveryClient-InstanceInfoReplicator-%d] com.netflix.discovery.DiscoveryClient    : DiscoveryClient_CUSTOMER-STATUS-SERVICE/host.docker.internal:customer-status-service:8090: registering service...
2025-12-18T00:07:20.625+05:30 DEBUG 12284 --- [customer-status-service] [DiscoveryClient-InstanceInfoReplicator-%d] o.s.web.client.RestTemplate              : HTTP POST http://localhost:8761/apps/CUSTOMER-STATUS-SERVICE
2025-12-18T00:07:20.626+05:30 DEBUG 12284 --- [customer-status-service] [DiscoveryClient-InstanceInfoReplicator-%d] o.s.web.client.RestTemplate              : Accept=[application/json, application/*+json]
2025-12-18T00:07:20.628+05:30 DEBUG 12284 --- [customer-status-service] [DiscoveryClient-InstanceInfoReplicator-%d] o.s.web.client.RestTemplate              : Writing [InstanceInfo [instanceId = host.docker.internal:customer-status-service:8090, appName = CUSTOMER-STATUS-SERVICE, hostName = host.docker.internal, status = UP, ipAddr = 192.168.1.4, port = 8090, securePort = 443, dataCenterInfo = com.netflix.appinfo.MyDataCenterInfo@56b66cc6] as "application/json"
2025-12-18T00:07:20.647+05:30 DEBUG 12284 --- [customer-status-service] [DiscoveryClient-InstanceInfoReplicator-%d] o.s.web.client.RestTemplate              : Response 404 NOT_FOUND
2025-12-18T00:07:20.648+05:30  INFO 12284 --- [customer-status-service] [DiscoveryClient-InstanceInfoReplicator-%d] com.netflix.discovery.DiscoveryClient    : DiscoveryClient_CUSTOMER-STATUS-SERVICE/host.docker.internal:customer-status-service:8090 - registration status: 404
2025-12-18T00:07:20.655+05:30 DEBUG 12284 --- [customer-status-service] [DiscoveryClient-HeartbeatExecutor-%d] o.s.web.client.RestTemplate              : HTTP PUT http://localhost:8761/apps/CUSTOMER-STATUS-SERVICE/host.docker.internal:customer-status-service:8090?status=UP&lastDirtyTimestamp=1765996610632
2025-12-18T00:07:20.656+05:30 DEBUG 12284 --- [customer-status-service] [DiscoveryClient-HeartbeatExecutor-%d] o.s.web.client.RestTemplate              : Accept=[application/json, application/*+json]
2025-12-18T00:07:20.663+05:30 DEBUG 12284 --- [customer-status-service] [DiscoveryClient-HeartbeatExecutor-%d] o.s.web.client.RestTemplate              : Response 404 NOT_FOUND
2025-12-18T00:07:20.663+05:30  INFO 12284 --- [customer-status-service] [DiscoveryClient-HeartbeatExecutor-%d] com.netflix.discovery.DiscoveryClient    : DiscoveryClient_CUSTOMER-STATUS-SERVICE/host.docker.internal:customer-status-service:8090 - Re-registering apps/CUSTOMER-STATUS-SERVICE
2025-12-18T00:07:20.663+05:30  INFO 12284 --- [customer-status-service] [DiscoveryClient-HeartbeatExecutor-%d] com.netflix.discovery.DiscoveryClient    : DiscoveryClient_CUSTOMER-STATUS-SERVICE/host.docker.internal:customer-status-service:8090: registering service...
2025-12-18T00:07:20.664+05:30 DEBUG 12284 --- [customer-status-service] [DiscoveryClient-HeartbeatExecutor-%d] o.s.web.client.RestTemplate              : HTTP POST http://localhost:8761/apps/CUSTOMER-STATUS-SERVICE
2025-12-18T00:07:20.664+05:30 DEBUG 12284 --- [customer-status-service] [DiscoveryClient-HeartbeatExecutor-%d] o.s.web.client.RestTemplate              : Accept=[application/json, application/*+json]
2025-12-18T00:07:20.664+05:30 DEBUG 12284 --- [customer-status-service] [DiscoveryClient-HeartbeatExecutor-%d] o.s.web.client.RestTemplate              : Writing [InstanceInfo [instanceId = host.docker.internal:customer-status-service:8090, appName = CUSTOMER-STATUS-SERVICE, hostName = host.docker.internal, status = UP, ipAddr = 192.168.1.4, port = 8090, securePort = 443, dataCenterInfo = com.netflix.appinfo.MyDataCenterInfo@56b66cc6] as "application/json"
2025-12-18T00:07:20.668+05:30 DEBUG 12284 --- [customer-status-service] [DiscoveryClient-HeartbeatExecutor-%d] o.s.web.client.RestTemplate              : Response 404 NOT_FOUND
2025-12-18T00:07:20.668+05:30  INFO 12284 --- [customer-status-service] [DiscoveryClient-HeartbeatExecutor-%d] com.netflix.discovery.DiscoveryClient    : DiscoveryClient_CUSTOMER-STATUS-SERVICE/host.docker.internal:customer-status-service:8090 - registration status: 404
2025-12-18T00:07:20.953+05:30  INFO 12284 --- [customer-status-service] [DiscoveryClient-CacheRefreshExecutor-%d] com.netflix.discovery.DiscoveryClient    : Disable delta property : false
2025-12-18T00:07:20.954+05:30  INFO 12284 --- [customer-status-service] [DiscoveryClient-CacheRefreshExecutor-%d] com.netflix.discovery.DiscoveryClient    : Single vip registry refresh property : null
2025-12-18T00:07:20.954+05:30  INFO 12284 --- [customer-status-service] [DiscoveryClient-CacheRefreshExecutor-%d] com.netflix.discovery.DiscoveryClient    : Force full registry fetch : false
2025-12-18T00:07:20.954+05:30  INFO 12284 --- [customer-status-service] [DiscoveryClient-CacheRefreshExecutor-%d] com.netflix.discovery.DiscoveryClient    : Application is null : false
2025-12-18T00:07:20.954+05:30  INFO 12284 --- [customer-status-service] [DiscoveryClient-CacheRefreshExecutor-%d] com.netflix.discovery.DiscoveryClient    : Registered Applications size is zero : true
2025-12-18T00:07:20.954+05:30  INFO 12284 --- [customer-status-service] [DiscoveryClient-CacheRefreshExecutor-%d] com.netflix.discovery.DiscoveryClient    : Application version is -1: true
2025-12-18T00:07:20.954+05:30  INFO 12284 --- [customer-status-service] [DiscoveryClient-CacheRefreshExecutor-%d] com.netflix.discovery.DiscoveryClient    : Getting all instance registry info from the eureka server
2025-12-18T00:07:20.988+05:30 DEBUG 12284 --- [customer-status-service] [DiscoveryClient-CacheRefreshExecutor-%d] o.s.web.client.RestTemplate              : HTTP GET http://localhost:8761/apps/
2025-12-18T00:07:20.999+05:30 DEBUG 12284 --- [customer-status-service] [DiscoveryClient-CacheRefreshExecutor-%d] o.s.web.client.RestTemplate              : Accept=[application/json, application/*+json]
2025-12-18T00:07:21.009+05:30 DEBUG 12284 --- [customer-status-service] [DiscoveryClient-CacheRefreshExecutor-%d] o.s.web.client.RestTemplate              : Response 404 NOT_FOUND
2025-12-18T00:07:21.009+05:30  WARN 12284 --- [customer-status-service] [DiscoveryClient-CacheRefreshExecutor-%d] c.n.d.s.t.d.RetryableEurekaHttpClient    : Request execution failure with status code 404; retrying on another server if available
2025-12-18T00:07:21.010+05:30  INFO 12284 --- [customer-status-service] [DiscoveryClient-CacheRefreshExecutor-%d] com.netflix.discovery.DiscoveryClient    : DiscoveryClient_CUSTOMER-STATUS-SERVICE/host.docker.internal:customer-status-service:8090 - was unable to refresh its cache! This periodic background refresh will be retried in 30 seconds. status = Cannot execute request on any known server stacktrace = com.netflix.discovery.shared.transport.TransportException: Cannot execute request on any known server
	at com.netflix.discovery.shared.transport.decorator.RetryableEurekaHttpClient.execute(RetryableEurekaHttpClient.java:112)
	at com.netflix.discovery.shared.transport.decorator.EurekaHttpClientDecorator.getApplications(EurekaHttpClientDecorator.java:134)
	at com.netflix.discovery.shared.transport.decorator.EurekaHttpClientDecorator$6.execute(EurekaHttpClientDecorator.java:137)
	at com.netflix.discovery.shared.transport.decorator.SessionedEurekaHttpClient.execute(SessionedEurekaHttpClient.java:76)
	at com.netflix.discovery.shared.transport.decorator.EurekaHttpClientDecorator.getApplications(EurekaHttpClientDecorator.java:134)
	at com.netflix.discovery.DiscoveryClient.getAndStoreFullRegistry(DiscoveryClient.java:1046)
	at com.netflix.discovery.DiscoveryClient.fetchRegistry(DiscoveryClient.java:961)
	at com.netflix.discovery.DiscoveryClient.refreshRegistry(DiscoveryClient.java:1473)
	at com.netflix.discovery.DiscoveryClient$CacheRefreshThread.run(DiscoveryClient.java:1441)
	at java.base/java.util.concurrent.Executors$RunnableAdapter.call(Executors.java:572)
	at java.base/java.util.concurrent.FutureTask.run(FutureTask.java:317)
	at java.base/java.util.concurrent.ThreadPoolExecutor.runWorker(ThreadPoolExecutor.java:1144)
	at java.base/java.util.concurrent.ThreadPoolExecutor$Worker.run(ThreadPoolExecutor.java:642)
	at java.base/java.lang.Thread.run(Thread.java:1583)

2025-12-18T00:07:50.656+05:30  INFO 12284 --- [customer-status-service] [DiscoveryClient-InstanceInfoReplicator-%d] com.netflix.discovery.DiscoveryClient    : DiscoveryClient_CUSTOMER-STATUS-SERVICE/host.docker.internal:customer-status-service:8090: registering service...
2025-12-18T00:07:50.659+05:30 DEBUG 12284 --- [customer-status-service] [DiscoveryClient-InstanceInfoReplicator-%d] o.s.web.client.RestTemplate              : HTTP POST http://localhost:8761/apps/CUSTOMER-STATUS-SERVICE
2025-12-18T00:07:50.660+05:30 DEBUG 12284 --- [customer-status-service] [DiscoveryClient-InstanceInfoReplicator-%d] o.s.web.client.RestTemplate              : Accept=[application/json, application/*+json]
2025-12-18T00:07:50.661+05:30 DEBUG 12284 --- [customer-status-service] [DiscoveryClient-InstanceInfoReplicator-%d] o.s.web.client.RestTemplate              : Writing [InstanceInfo [instanceId = host.docker.internal:customer-status-service:8090, appName = CUSTOMER-STATUS-SERVICE, hostName = host.docker.internal, status = UP, ipAddr = 192.168.1.4, port = 8090, securePort = 443, dataCenterInfo = com.netflix.appinfo.MyDataCenterInfo@56b66cc6] as "application/json"
2025-12-18T00:07:50.673+05:30 DEBUG 12284 --- [customer-status-service] [DiscoveryClient-HeartbeatExecutor-%d] o.s.web.client.RestTemplate              : HTTP PUT http://localhost:8761/apps/CUSTOMER-STATUS-SERVICE/host.docker.internal:customer-status-service:8090?status=UP&lastDirtyTimestamp=1765996640663
2025-12-18T00:07:50.673+05:30 DEBUG 12284 --- [customer-status-service] [DiscoveryClient-HeartbeatExecutor-%d] o.s.web.client.RestTemplate              : Accept=[application/json, application/*+json]
2025-12-18T00:07:50.681+05:30 DEBUG 12284 --- [customer-status-service] [DiscoveryClient-HeartbeatExecutor-%d] o.s.web.client.RestTemplate              : Response 404 NOT_FOUND
2025-12-18T00:07:50.681+05:30 DEBUG 12284 --- [customer-status-service] [DiscoveryClient-InstanceInfoReplicator-%d] o.s.web.client.RestTemplate              : Response 404 NOT_FOUND
2025-12-18T00:07:50.681+05:30  INFO 12284 --- [customer-status-service] [DiscoveryClient-InstanceInfoReplicator-%d] com.netflix.discovery.DiscoveryClient    : DiscoveryClient_CUSTOMER-STATUS-SERVICE/host.docker.internal:customer-status-service:8090 - registration status: 404
2025-12-18T00:07:50.681+05:30  INFO 12284 --- [customer-status-service] [DiscoveryClient-HeartbeatExecutor-%d] com.netflix.discovery.DiscoveryClient    : DiscoveryClient_CUSTOMER-STATUS-SERVICE/host.docker.internal:customer-status-service:8090 - Re-registering apps/CUSTOMER-STATUS-SERVICE
2025-12-18T00:07:50.682+05:30  INFO 12284 --- [customer-status-service] [DiscoveryClient-HeartbeatExecutor-%d] com.netflix.discovery.DiscoveryClient    : DiscoveryClient_CUSTOMER-STATUS-SERVICE/host.docker.internal:customer-status-service:8090: registering service...
2025-12-18T00:07:50.682+05:30 DEBUG 12284 --- [customer-status-service] [DiscoveryClient-HeartbeatExecutor-%d] o.s.web.client.RestTemplate              : HTTP POST http://localhost:8761/apps/CUSTOMER-STATUS-SERVICE
2025-12-18T00:07:50.683+05:30 DEBUG 12284 --- [customer-status-service] [DiscoveryClient-HeartbeatExecutor-%d] o.s.web.client.RestTemplate              : Accept=[application/json, application/*+json]
2025-12-18T00:07:50.683+05:30 DEBUG 12284 --- [customer-status-service] [DiscoveryClient-HeartbeatExecutor-%d] o.s.web.client.RestTemplate              : Writing [InstanceInfo [instanceId = host.docker.internal:customer-status-service:8090, appName = CUSTOMER-STATUS-SERVICE, hostName = host.docker.internal, status = UP, ipAddr = 192.168.1.4, port = 8090, securePort = 443, dataCenterInfo = com.netflix.appinfo.MyDataCenterInfo@56b66cc6] as "application/json"
2025-12-18T00:07:50.691+05:30 DEBUG 12284 --- [customer-status-service] [DiscoveryClient-HeartbeatExecutor-%d] o.s.web.client.RestTemplate              : Response 404 NOT_FOUND
2025-12-18T00:07:50.693+05:30  INFO 12284 --- [customer-status-service] [DiscoveryClient-HeartbeatExecutor-%d] com.netflix.discovery.DiscoveryClient    : DiscoveryClient_CUSTOMER-STATUS-SERVICE/host.docker.internal:customer-status-service:8090 - registration status: 404
2025-12-18T00:07:51.018+05:30  INFO 12284 --- [customer-status-service] [DiscoveryClient-CacheRefreshExecutor-%d] com.netflix.discovery.DiscoveryClient    : Disable delta property : false
2025-12-18T00:07:51.018+05:30  INFO 12284 --- [customer-status-service] [DiscoveryClient-CacheRefreshExecutor-%d] com.netflix.discovery.DiscoveryClient    : Single vip registry refresh property : null
2025-12-18T00:07:51.018+05:30  INFO 12284 --- [customer-status-service] [DiscoveryClient-CacheRefreshExecutor-%d] com.netflix.discovery.DiscoveryClient    : Force full registry fetch : false
2025-12-18T00:07:51.018+05:30  INFO 12284 --- [customer-status-service] [DiscoveryClient-CacheRefreshExecutor-%d] com.netflix.discovery.DiscoveryClient    : Application is null : false
2025-12-18T00:07:51.018+05:30  INFO 12284 --- [customer-status-service] [DiscoveryClient-CacheRefreshExecutor-%d] com.netflix.discovery.DiscoveryClient    : Registered Applications size is zero : true
2025-12-18T00:07:51.018+05:30  INFO 12284 --- [customer-status-service] [DiscoveryClient-CacheRefreshExecutor-%d] com.netflix.discovery.DiscoveryClient    : Application version is -1: true
2025-12-18T00:07:51.018+05:30  INFO 12284 --- [customer-status-service] [DiscoveryClient-CacheRefreshExecutor-%d] com.netflix.discovery.DiscoveryClient    : Getting all instance registry info from the eureka server
2025-12-18T00:07:51.028+05:30 DEBUG 12284 --- [customer-status-service] [DiscoveryClient-CacheRefreshExecutor-%d] o.s.web.client.RestTemplate              : HTTP GET http://localhost:8761/apps/
2025-12-18T00:07:51.036+05:30 DEBUG 12284 --- [customer-status-service] [DiscoveryClient-CacheRefreshExecutor-%d] o.s.web.client.RestTemplate              : Accept=[application/json, application/*+json]
2025-12-18T00:07:51.049+05:30 DEBUG 12284 --- [customer-status-service] [DiscoveryClient-CacheRefreshExecutor-%d] o.s.web.client.RestTemplate              : Response 404 NOT_FOUND
2025-12-18T00:07:51.050+05:30  WARN 12284 --- [customer-status-service] [DiscoveryClient-CacheRefreshExecutor-%d] c.n.d.s.t.d.RetryableEurekaHttpClient    : Request execution failure with status code 404; retrying on another server if available
2025-12-18T00:07:51.050+05:30  INFO 12284 --- [customer-status-service] [DiscoveryClient-CacheRefreshExecutor-%d] com.netflix.discovery.DiscoveryClient    : DiscoveryClient_CUSTOMER-STATUS-SERVICE/host.docker.internal:customer-status-service:8090 - was unable to refresh its cache! This periodic background refresh will be retried in 30 seconds. status = Cannot execute request on any known server stacktrace = com.netflix.discovery.shared.transport.TransportException: Cannot execute request on any known server
	at com.netflix.discovery.shared.transport.decorator.RetryableEurekaHttpClient.execute(RetryableEurekaHttpClient.java:112)
	at com.netflix.discovery.shared.transport.decorator.EurekaHttpClientDecorator.getApplications(EurekaHttpClientDecorator.java:134)
	at com.netflix.discovery.shared.transport.decorator.EurekaHttpClientDecorator$6.execute(EurekaHttpClientDecorator.java:137)
	at com.netflix.discovery.shared.transport.decorator.SessionedEurekaHttpClient.execute(SessionedEurekaHttpClient.java:76)
	at com.netflix.discovery.shared.transport.decorator.EurekaHttpClientDecorator.getApplications(EurekaHttpClientDecorator.java:134)
	at com.netflix.discovery.DiscoveryClient.getAndStoreFullRegistry(DiscoveryClient.java:1046)
	at com.netflix.discovery.DiscoveryClient.fetchRegistry(DiscoveryClient.java:961)
	at com.netflix.discovery.DiscoveryClient.refreshRegistry(DiscoveryClient.java:1473)
	at com.netflix.discovery.DiscoveryClient$CacheRefreshThread.run(DiscoveryClient.java:1441)
	at java.base/java.util.concurrent.Executors$RunnableAdapter.call(Executors.java:572)
	at java.base/java.util.concurrent.FutureTask.run(FutureTask.java:317)
	at java.base/java.util.concurrent.ThreadPoolExecutor.runWorker(ThreadPoolExecutor.java:1144)
	at java.base/java.util.concurrent.ThreadPoolExecutor$Worker.run(ThreadPoolExecutor.java:642)
	at java.base/java.lang.Thread.run(Thread.java:1583)

2025-12-18T00:08:20.683+05:30  INFO 12284 --- [customer-status-service] [DiscoveryClient-InstanceInfoReplicator-%d] com.netflix.discovery.DiscoveryClient    : DiscoveryClient_CUSTOMER-STATUS-SERVICE/host.docker.internal:customer-status-service:8090: registering service...
2025-12-18T00:08:20.684+05:30 DEBUG 12284 --- [customer-status-service] [DiscoveryClient-InstanceInfoReplicator-%d] o.s.web.client.RestTemplate              : HTTP POST http://localhost:8761/apps/CUSTOMER-STATUS-SERVICE
2025-12-18T00:08:20.685+05:30 DEBUG 12284 --- [customer-status-service] [DiscoveryClient-InstanceInfoReplicator-%d] o.s.web.client.RestTemplate              : Accept=[application/json, application/*+json]
2025-12-18T00:08:20.686+05:30 DEBUG 12284 --- [customer-status-service] [DiscoveryClient-InstanceInfoReplicator-%d] o.s.web.client.RestTemplate              : Writing [InstanceInfo [instanceId = host.docker.internal:customer-status-service:8090, appName = CUSTOMER-STATUS-SERVICE, hostName = host.docker.internal, status = UP, ipAddr = 192.168.1.4, port = 8090, securePort = 443, dataCenterInfo = com.netflix.appinfo.MyDataCenterInfo@56b66cc6] as "application/json"
2025-12-18T00:08:20.700+05:30 DEBUG 12284 --- [customer-status-service] [DiscoveryClient-HeartbeatExecutor-%d] o.s.web.client.RestTemplate              : HTTP PUT http://localhost:8761/apps/CUSTOMER-STATUS-SERVICE/host.docker.internal:customer-status-service:8090?status=UP&lastDirtyTimestamp=1765996670682
2025-12-18T00:08:20.700+05:30 DEBUG 12284 --- [customer-status-service] [DiscoveryClient-HeartbeatExecutor-%d] o.s.web.client.RestTemplate              : Accept=[application/json, application/*+json]
2025-12-18T00:08:20.709+05:30 DEBUG 12284 --- [customer-status-service] [DiscoveryClient-InstanceInfoReplicator-%d] o.s.web.client.RestTemplate              : Response 404 NOT_FOUND
2025-12-18T00:08:20.710+05:30  INFO 12284 --- [customer-status-service] [DiscoveryClient-InstanceInfoReplicator-%d] com.netflix.discovery.DiscoveryClient    : DiscoveryClient_CUSTOMER-STATUS-SERVICE/host.docker.internal:customer-status-service:8090 - registration status: 404
2025-12-18T00:08:20.722+05:30 DEBUG 12284 --- [customer-status-service] [DiscoveryClient-HeartbeatExecutor-%d] o.s.web.client.RestTemplate              : Response 404 NOT_FOUND
2025-12-18T00:08:20.729+05:30  INFO 12284 --- [customer-status-service] [DiscoveryClient-HeartbeatExecutor-%d] com.netflix.discovery.DiscoveryClient    : DiscoveryClient_CUSTOMER-STATUS-SERVICE/host.docker.internal:customer-status-service:8090 - Re-registering apps/CUSTOMER-STATUS-SERVICE
2025-12-18T00:08:20.729+05:30  INFO 12284 --- [customer-status-service] [DiscoveryClient-HeartbeatExecutor-%d] com.netflix.discovery.DiscoveryClient    : DiscoveryClient_CUSTOMER-STATUS-SERVICE/host.docker.internal:customer-status-service:8090: registering service...
2025-12-18T00:08:20.730+05:30 DEBUG 12284 --- [customer-status-service] [DiscoveryClient-HeartbeatExecutor-%d] o.s.web.client.RestTemplate              : HTTP POST http://localhost:8761/apps/CUSTOMER-STATUS-SERVICE
2025-12-18T00:08:20.730+05:30 DEBUG 12284 --- [customer-status-service] [DiscoveryClient-HeartbeatExecutor-%d] o.s.web.client.RestTemplate              : Accept=[application/json, application/*+json]
2025-12-18T00:08:20.730+05:30 DEBUG 12284 --- [customer-status-service] [DiscoveryClient-HeartbeatExecutor-%d] o.s.web.client.RestTemplate              : Writing [InstanceInfo [instanceId = host.docker.internal:customer-status-service:8090, appName = CUSTOMER-STATUS-SERVICE, hostName = host.docker.internal, status = UP, ipAddr = 192.168.1.4, port = 8090, securePort = 443, dataCenterInfo = com.netflix.appinfo.MyDataCenterInfo@56b66cc6] as "application/json"
2025-12-18T00:08:20.738+05:30 DEBUG 12284 --- [customer-status-service] [DiscoveryClient-HeartbeatExecutor-%d] o.s.web.client.RestTemplate              : Response 404 NOT_FOUND
2025-12-18T00:08:20.739+05:30  INFO 12284 --- [customer-status-service] [DiscoveryClient-HeartbeatExecutor-%d] com.netflix.discovery.DiscoveryClient    : DiscoveryClient_CUSTOMER-STATUS-SERVICE/host.docker.internal:customer-status-service:8090 - registration status: 404
2025-12-18T00:08:21.058+05:30  INFO 12284 --- [customer-status-service] [DiscoveryClient-CacheRefreshExecutor-%d] com.netflix.discovery.DiscoveryClient    : Disable delta property : false
2025-12-18T00:08:21.058+05:30  INFO 12284 --- [customer-status-service] [DiscoveryClient-CacheRefreshExecutor-%d] com.netflix.discovery.DiscoveryClient    : Single vip registry refresh property : null
2025-12-18T00:08:21.059+05:30  INFO 12284 --- [customer-status-service] [DiscoveryClient-CacheRefreshExecutor-%d] com.netflix.discovery.DiscoveryClient    : Force full registry fetch : false
2025-12-18T00:08:21.059+05:30  INFO 12284 --- [customer-status-service] [DiscoveryClient-CacheRefreshExecutor-%d] com.netflix.discovery.DiscoveryClient    : Application is null : false
2025-12-18T00:08:21.059+05:30  INFO 12284 --- [customer-status-service] [DiscoveryClient-CacheRefreshExecutor-%d] com.netflix.discovery.DiscoveryClient    : Registered Applications size is zero : true
2025-12-18T00:08:21.059+05:30  INFO 12284 --- [customer-status-service] [DiscoveryClient-CacheRefreshExecutor-%d] com.netflix.discovery.DiscoveryClient    : Application version is -1: true
2025-12-18T00:08:21.059+05:30  INFO 12284 --- [customer-status-service] [DiscoveryClient-CacheRefreshExecutor-%d] com.netflix.discovery.DiscoveryClient    : Getting all instance registry info from the eureka server
2025-12-18T00:08:21.066+05:30 DEBUG 12284 --- [customer-status-service] [DiscoveryClient-CacheRefreshExecutor-%d] o.s.web.client.RestTemplate              : HTTP GET http://localhost:8761/apps/
2025-12-18T00:08:21.071+05:30 DEBUG 12284 --- [customer-status-service] [DiscoveryClient-CacheRefreshExecutor-%d] o.s.web.client.RestTemplate              : Accept=[application/json, application/*+json]
2025-12-18T00:08:21.085+05:30 DEBUG 12284 --- [customer-status-service] [DiscoveryClient-CacheRefreshExecutor-%d] o.s.web.client.RestTemplate              : Response 404 NOT_FOUND
2025-12-18T00:08:21.086+05:30  WARN 12284 --- [customer-status-service] [DiscoveryClient-CacheRefreshExecutor-%d] c.n.d.s.t.d.RetryableEurekaHttpClient    : Request execution failure with status code 404; retrying on another server if available
2025-12-18T00:08:21.086+05:30  INFO 12284 --- [customer-status-service] [DiscoveryClient-CacheRefreshExecutor-%d] com.netflix.discovery.DiscoveryClient    : DiscoveryClient_CUSTOMER-STATUS-SERVICE/host.docker.internal:customer-status-service:8090 - was unable to refresh its cache! This periodic background refresh will be retried in 30 seconds. status = Cannot execute request on any known server stacktrace = com.netflix.discovery.shared.transport.TransportException: Cannot execute request on any known server
	at com.netflix.discovery.shared.transport.decorator.RetryableEurekaHttpClient.execute(RetryableEurekaHttpClient.java:112)
	at com.netflix.discovery.shared.transport.decorator.EurekaHttpClientDecorator.getApplications(EurekaHttpClientDecorator.java:134)
	at com.netflix.discovery.shared.transport.decorator.EurekaHttpClientDecorator$6.execute(EurekaHttpClientDecorator.java:137)
	at com.netflix.discovery.shared.transport.decorator.SessionedEurekaHttpClient.execute(SessionedEurekaHttpClient.java:76)
	at com.netflix.discovery.shared.transport.decorator.EurekaHttpClientDecorator.getApplications(EurekaHttpClientDecorator.java:134)
	at com.netflix.discovery.DiscoveryClient.getAndStoreFullRegistry(DiscoveryClient.java:1046)
	at com.netflix.discovery.DiscoveryClient.fetchRegistry(DiscoveryClient.java:961)
	at com.netflix.discovery.DiscoveryClient.refreshRegistry(DiscoveryClient.java:1473)
	at com.netflix.discovery.DiscoveryClient$CacheRefreshThread.run(DiscoveryClient.java:1441)
	at java.base/java.util.concurrent.Executors$RunnableAdapter.call(Executors.java:572)
	at java.base/java.util.concurrent.FutureTask.run(FutureTask.java:317)
	at java.base/java.util.concurrent.ThreadPoolExecutor.runWorker(ThreadPoolExecutor.java:1144)
	at java.base/java.util.concurrent.ThreadPoolExecutor$Worker.run(ThreadPoolExecutor.java:642)
	at java.base/java.lang.Thread.run(Thread.java:1583)

2025-12-18T00:08:48.621+05:30  INFO 12284 --- [customer-status-service] [AsyncResolver-bootstrap-executor-%d] c.n.d.s.r.aws.ConfigClusterResolver      : Resolving eureka endpoints via configuration
2025-12-18T00:08:50.719+05:30  INFO 12284 --- [customer-status-service] [DiscoveryClient-InstanceInfoReplicator-%d] com.netflix.discovery.DiscoveryClient    : DiscoveryClient_CUSTOMER-STATUS-SERVICE/host.docker.internal:customer-status-service:8090: registering service...
2025-12-18T00:08:50.720+05:30 DEBUG 12284 --- [customer-status-service] [DiscoveryClient-InstanceInfoReplicator-%d] o.s.web.client.RestTemplate              : HTTP POST http://localhost:8761/apps/CUSTOMER-STATUS-SERVICE
2025-12-18T00:08:50.721+05:30 DEBUG 12284 --- [customer-status-service] [DiscoveryClient-InstanceInfoReplicator-%d] o.s.web.client.RestTemplate              : Accept=[application/json, application/*+json]
2025-12-18T00:08:50.722+05:30 DEBUG 12284 --- [customer-status-service] [DiscoveryClient-InstanceInfoReplicator-%d] o.s.web.client.RestTemplate              : Writing [InstanceInfo [instanceId = host.docker.internal:customer-status-service:8090, appName = CUSTOMER-STATUS-SERVICE, hostName = host.docker.internal, status = UP, ipAddr = 192.168.1.4, port = 8090, securePort = 443, dataCenterInfo = com.netflix.appinfo.MyDataCenterInfo@56b66cc6] as "application/json"
2025-12-18T00:08:50.744+05:30 DEBUG 12284 --- [customer-status-service] [DiscoveryClient-InstanceInfoReplicator-%d] o.s.web.client.RestTemplate              : Response 404 NOT_FOUND
2025-12-18T00:08:50.745+05:30  INFO 12284 --- [customer-status-service] [DiscoveryClient-InstanceInfoReplicator-%d] com.netflix.discovery.DiscoveryClient    : DiscoveryClient_CUSTOMER-STATUS-SERVICE/host.docker.internal:customer-status-service:8090 - registration status: 404
2025-12-18T00:08:50.750+05:30 DEBUG 12284 --- [customer-status-service] [DiscoveryClient-HeartbeatExecutor-%d] o.s.web.client.RestTemplate              : HTTP PUT http://localhost:8761/apps/CUSTOMER-STATUS-SERVICE/host.docker.internal:customer-status-service:8090?status=UP&lastDirtyTimestamp=1765996700729
2025-12-18T00:08:50.750+05:30 DEBUG 12284 --- [customer-status-service] [DiscoveryClient-HeartbeatExecutor-%d] o.s.web.client.RestTemplate              : Accept=[application/json, application/*+json]
2025-12-18T00:08:50.758+05:30 DEBUG 12284 --- [customer-status-service] [DiscoveryClient-HeartbeatExecutor-%d] o.s.web.client.RestTemplate              : Response 404 NOT_FOUND
2025-12-18T00:08:50.760+05:30  INFO 12284 --- [customer-status-service] [DiscoveryClient-HeartbeatExecutor-%d] com.netflix.discovery.DiscoveryClient    : DiscoveryClient_CUSTOMER-STATUS-SERVICE/host.docker.internal:customer-status-service:8090 - Re-registering apps/CUSTOMER-STATUS-SERVICE
2025-12-18T00:08:50.760+05:30  INFO 12284 --- [customer-status-service] [DiscoveryClient-HeartbeatExecutor-%d] com.netflix.discovery.DiscoveryClient    : DiscoveryClient_CUSTOMER-STATUS-SERVICE/host.docker.internal:customer-status-service:8090: registering service...
2025-12-18T00:08:50.760+05:30 DEBUG 12284 --- [customer-status-service] [DiscoveryClient-HeartbeatExecutor-%d] o.s.web.client.RestTemplate              : HTTP POST http://localhost:8761/apps/CUSTOMER-STATUS-SERVICE
2025-12-18T00:08:50.761+05:30 DEBUG 12284 --- [customer-status-service] [DiscoveryClient-HeartbeatExecutor-%d] o.s.web.client.RestTemplate              : Accept=[application/json, application/*+json]
2025-12-18T00:08:50.761+05:30 DEBUG 12284 --- [customer-status-service] [DiscoveryClient-HeartbeatExecutor-%d] o.s.web.client.RestTemplate              : Writing [InstanceInfo [instanceId = host.docker.internal:customer-status-service:8090, appName = CUSTOMER-STATUS-SERVICE, hostName = host.docker.internal, status = UP, ipAddr = 192.168.1.4, port = 8090, securePort = 443, dataCenterInfo = com.netflix.appinfo.MyDataCenterInfo@56b66cc6] as "application/json"
2025-12-18T00:08:50.766+05:30 DEBUG 12284 --- [customer-status-service] [DiscoveryClient-HeartbeatExecutor-%d] o.s.web.client.RestTemplate              : Response 404 NOT_FOUND
2025-12-18T00:08:50.766+05:30  INFO 12284 --- [customer-status-service] [DiscoveryClient-HeartbeatExecutor-%d] com.netflix.discovery.DiscoveryClient    : DiscoveryClient_CUSTOMER-STATUS-SERVICE/host.docker.internal:customer-status-service:8090 - registration status: 404
2025-12-18T00:08:51.094+05:30  INFO 12284 --- [customer-status-service] [DiscoveryClient-CacheRefreshExecutor-%d] com.netflix.discovery.DiscoveryClient    : Disable delta property : false
2025-12-18T00:08:51.095+05:30  INFO 12284 --- [customer-status-service] [DiscoveryClient-CacheRefreshExecutor-%d] com.netflix.discovery.DiscoveryClient    : Single vip registry refresh property : null
2025-12-18T00:08:51.095+05:30  INFO 12284 --- [customer-status-service] [DiscoveryClient-CacheRefreshExecutor-%d] com.netflix.discovery.DiscoveryClient    : Force full registry fetch : false
2025-12-18T00:08:51.095+05:30  INFO 12284 --- [customer-status-service] [DiscoveryClient-CacheRefreshExecutor-%d] com.netflix.discovery.DiscoveryClient    : Application is null : false
2025-12-18T00:08:51.095+05:30  INFO 12284 --- [customer-status-service] [DiscoveryClient-CacheRefreshExecutor-%d] com.netflix.discovery.DiscoveryClient    : Registered Applications size is zero : true
2025-12-18T00:08:51.095+05:30  INFO 12284 --- [customer-status-service] [DiscoveryClient-CacheRefreshExecutor-%d] com.netflix.discovery.DiscoveryClient    : Application version is -1: true
2025-12-18T00:08:51.095+05:30  INFO 12284 --- [customer-status-service] [DiscoveryClient-CacheRefreshExecutor-%d] com.netflix.discovery.DiscoveryClient    : Getting all instance registry info from the eureka server
2025-12-18T00:08:51.101+05:30 DEBUG 12284 --- [customer-status-service] [DiscoveryClient-CacheRefreshExecutor-%d] o.s.web.client.RestTemplate              : HTTP GET http://localhost:8761/apps/
2025-12-18T00:08:51.109+05:30 DEBUG 12284 --- [customer-status-service] [DiscoveryClient-CacheRefreshExecutor-%d] o.s.web.client.RestTemplate              : Accept=[application/json, application/*+json]
2025-12-18T00:08:51.121+05:30 DEBUG 12284 --- [customer-status-service] [DiscoveryClient-CacheRefreshExecutor-%d] o.s.web.client.RestTemplate              : Response 404 NOT_FOUND
2025-12-18T00:08:51.121+05:30  WARN 12284 --- [customer-status-service] [DiscoveryClient-CacheRefreshExecutor-%d] c.n.d.s.t.d.RetryableEurekaHttpClient    : Request execution failure with status code 404; retrying on another server if available
2025-12-18T00:08:51.122+05:30  INFO 12284 --- [customer-status-service] [DiscoveryClient-CacheRefreshExecutor-%d] com.netflix.discovery.DiscoveryClient    : DiscoveryClient_CUSTOMER-STATUS-SERVICE/host.docker.internal:customer-status-service:8090 - was unable to refresh its cache! This periodic background refresh will be retried in 30 seconds. status = Cannot execute request on any known server stacktrace = com.netflix.discovery.shared.transport.TransportException: Cannot execute request on any known server
	at com.netflix.discovery.shared.transport.decorator.RetryableEurekaHttpClient.execute(RetryableEurekaHttpClient.java:112)
	at com.netflix.discovery.shared.transport.decorator.EurekaHttpClientDecorator.getApplications(EurekaHttpClientDecorator.java:134)
	at com.netflix.discovery.shared.transport.decorator.EurekaHttpClientDecorator$6.execute(EurekaHttpClientDecorator.java:137)
	at com.netflix.discovery.shared.transport.decorator.SessionedEurekaHttpClient.execute(SessionedEurekaHttpClient.java:76)
	at com.netflix.discovery.shared.transport.decorator.EurekaHttpClientDecorator.getApplications(EurekaHttpClientDecorator.java:134)
	at com.netflix.discovery.DiscoveryClient.getAndStoreFullRegistry(DiscoveryClient.java:1046)
	at com.netflix.discovery.DiscoveryClient.fetchRegistry(DiscoveryClient.java:961)
	at com.netflix.discovery.DiscoveryClient.refreshRegistry(DiscoveryClient.java:1473)
	at com.netflix.discovery.DiscoveryClient$CacheRefreshThread.run(DiscoveryClient.java:1441)
	at java.base/java.util.concurrent.Executors$RunnableAdapter.call(Executors.java:572)
	at java.base/java.util.concurrent.FutureTask.run(FutureTask.java:317)
	at java.base/java.util.concurrent.ThreadPoolExecutor.runWorker(ThreadPoolExecutor.java:1144)
	at java.base/java.util.concurrent.ThreadPoolExecutor$Worker.run(ThreadPoolExecutor.java:642)
	at java.base/java.lang.Thread.run(Thread.java:1583)

2025-12-18T00:09:20.757+05:30  INFO 12284 --- [customer-status-service] [DiscoveryClient-InstanceInfoReplicator-%d] com.netflix.discovery.DiscoveryClient    : DiscoveryClient_CUSTOMER-STATUS-SERVICE/host.docker.internal:customer-status-service:8090: registering service...
2025-12-18T00:09:20.761+05:30 DEBUG 12284 --- [customer-status-service] [DiscoveryClient-InstanceInfoReplicator-%d] o.s.web.client.RestTemplate              : HTTP POST http://localhost:8761/apps/CUSTOMER-STATUS-SERVICE
2025-12-18T00:09:20.762+05:30 DEBUG 12284 --- [customer-status-service] [DiscoveryClient-InstanceInfoReplicator-%d] o.s.web.client.RestTemplate              : Accept=[application/json, application/*+json]
2025-12-18T00:09:20.762+05:30 DEBUG 12284 --- [customer-status-service] [DiscoveryClient-InstanceInfoReplicator-%d] o.s.web.client.RestTemplate              : Writing [InstanceInfo [instanceId = host.docker.internal:customer-status-service:8090, appName = CUSTOMER-STATUS-SERVICE, hostName = host.docker.internal, status = UP, ipAddr = 192.168.1.4, port = 8090, securePort = 443, dataCenterInfo = com.netflix.appinfo.MyDataCenterInfo@56b66cc6] as "application/json"
2025-12-18T00:09:20.771+05:30 DEBUG 12284 --- [customer-status-service] [DiscoveryClient-HeartbeatExecutor-%d] o.s.web.client.RestTemplate              : HTTP PUT http://localhost:8761/apps/CUSTOMER-STATUS-SERVICE/host.docker.internal:customer-status-service:8090?status=UP&lastDirtyTimestamp=1765996730760
2025-12-18T00:09:20.772+05:30 DEBUG 12284 --- [customer-status-service] [DiscoveryClient-HeartbeatExecutor-%d] o.s.web.client.RestTemplate              : Accept=[application/json, application/*+json]
2025-12-18T00:09:20.782+05:30 DEBUG 12284 --- [customer-status-service] [DiscoveryClient-HeartbeatExecutor-%d] o.s.web.client.RestTemplate              : Response 404 NOT_FOUND
2025-12-18T00:09:20.782+05:30 DEBUG 12284 --- [customer-status-service] [DiscoveryClient-InstanceInfoReplicator-%d] o.s.web.client.RestTemplate              : Response 404 NOT_FOUND
2025-12-18T00:09:20.782+05:30  INFO 12284 --- [customer-status-service] [DiscoveryClient-InstanceInfoReplicator-%d] com.netflix.discovery.DiscoveryClient    : DiscoveryClient_CUSTOMER-STATUS-SERVICE/host.docker.internal:customer-status-service:8090 - registration status: 404
2025-12-18T00:09:20.782+05:30  INFO 12284 --- [customer-status-service] [DiscoveryClient-HeartbeatExecutor-%d] com.netflix.discovery.DiscoveryClient    : DiscoveryClient_CUSTOMER-STATUS-SERVICE/host.docker.internal:customer-status-service:8090 - Re-registering apps/CUSTOMER-STATUS-SERVICE
2025-12-18T00:09:20.783+05:30  INFO 12284 --- [customer-status-service] [DiscoveryClient-HeartbeatExecutor-%d] com.netflix.discovery.DiscoveryClient    : DiscoveryClient_CUSTOMER-STATUS-SERVICE/host.docker.internal:customer-status-service:8090: registering service...
2025-12-18T00:09:20.783+05:30 DEBUG 12284 --- [customer-status-service] [DiscoveryClient-HeartbeatExecutor-%d] o.s.web.client.RestTemplate              : HTTP POST http://localhost:8761/apps/CUSTOMER-STATUS-SERVICE
2025-12-18T00:09:20.783+05:30 DEBUG 12284 --- [customer-status-service] [DiscoveryClient-HeartbeatExecutor-%d] o.s.web.client.RestTemplate              : Accept=[application/json, application/*+json]
2025-12-18T00:09:20.783+05:30 DEBUG 12284 --- [customer-status-service] [DiscoveryClient-HeartbeatExecutor-%d] o.s.web.client.RestTemplate              : Writing [InstanceInfo [instanceId = host.docker.internal:customer-status-service:8090, appName = CUSTOMER-STATUS-SERVICE, hostName = host.docker.internal, status = UP, ipAddr = 192.168.1.4, port = 8090, securePort = 443, dataCenterInfo = com.netflix.appinfo.MyDataCenterInfo@56b66cc6] as "application/json"
2025-12-18T00:09:20.789+05:30 DEBUG 12284 --- [customer-status-service] [DiscoveryClient-HeartbeatExecutor-%d] o.s.web.client.RestTemplate              : Response 404 NOT_FOUND
2025-12-18T00:09:20.790+05:30  INFO 12284 --- [customer-status-service] [DiscoveryClient-HeartbeatExecutor-%d] com.netflix.discovery.DiscoveryClient    : DiscoveryClient_CUSTOMER-STATUS-SERVICE/host.docker.internal:customer-status-service:8090 - registration status: 404
2025-12-18T00:09:21.132+05:30  INFO 12284 --- [customer-status-service] [DiscoveryClient-CacheRefreshExecutor-%d] com.netflix.discovery.DiscoveryClient    : Disable delta property : false
2025-12-18T00:09:21.132+05:30  INFO 12284 --- [customer-status-service] [DiscoveryClient-CacheRefreshExecutor-%d] com.netflix.discovery.DiscoveryClient    : Single vip registry refresh property : null
2025-12-18T00:09:21.132+05:30  INFO 12284 --- [customer-status-service] [DiscoveryClient-CacheRefreshExecutor-%d] com.netflix.discovery.DiscoveryClient    : Force full registry fetch : false
2025-12-18T00:09:21.132+05:30  INFO 12284 --- [customer-status-service] [DiscoveryClient-CacheRefreshExecutor-%d] com.netflix.discovery.DiscoveryClient    : Application is null : false
2025-12-18T00:09:21.132+05:30  INFO 12284 --- [customer-status-service] [DiscoveryClient-CacheRefreshExecutor-%d] com.netflix.discovery.DiscoveryClient    : Registered Applications size is zero : true
2025-12-18T00:09:21.132+05:30  INFO 12284 --- [customer-status-service] [DiscoveryClient-CacheRefreshExecutor-%d] com.netflix.discovery.DiscoveryClient    : Application version is -1: true
2025-12-18T00:09:21.132+05:30  INFO 12284 --- [customer-status-service] [DiscoveryClient-CacheRefreshExecutor-%d] com.netflix.discovery.DiscoveryClient    : Getting all instance registry info from the eureka server
2025-12-18T00:09:21.138+05:30 DEBUG 12284 --- [customer-status-service] [DiscoveryClient-CacheRefreshExecutor-%d] o.s.web.client.RestTemplate              : HTTP GET http://localhost:8761/apps/
2025-12-18T00:09:21.145+05:30 DEBUG 12284 --- [customer-status-service] [DiscoveryClient-CacheRefreshExecutor-%d] o.s.web.client.RestTemplate              : Accept=[application/json, application/*+json]
2025-12-18T00:09:21.158+05:30 DEBUG 12284 --- [customer-status-service] [DiscoveryClient-CacheRefreshExecutor-%d] o.s.web.client.RestTemplate              : Response 404 NOT_FOUND
2025-12-18T00:09:21.159+05:30  WARN 12284 --- [customer-status-service] [DiscoveryClient-CacheRefreshExecutor-%d] c.n.d.s.t.d.RetryableEurekaHttpClient    : Request execution failure with status code 404; retrying on another server if available
2025-12-18T00:09:21.160+05:30  INFO 12284 --- [customer-status-service] [DiscoveryClient-CacheRefreshExecutor-%d] com.netflix.discovery.DiscoveryClient    : DiscoveryClient_CUSTOMER-STATUS-SERVICE/host.docker.internal:customer-status-service:8090 - was unable to refresh its cache! This periodic background refresh will be retried in 30 seconds. status = Cannot execute request on any known server stacktrace = com.netflix.discovery.shared.transport.TransportException: Cannot execute request on any known server
	at com.netflix.discovery.shared.transport.decorator.RetryableEurekaHttpClient.execute(RetryableEurekaHttpClient.java:112)
	at com.netflix.discovery.shared.transport.decorator.EurekaHttpClientDecorator.getApplications(EurekaHttpClientDecorator.java:134)
	at com.netflix.discovery.shared.transport.decorator.EurekaHttpClientDecorator$6.execute(EurekaHttpClientDecorator.java:137)
	at com.netflix.discovery.shared.transport.decorator.SessionedEurekaHttpClient.execute(SessionedEurekaHttpClient.java:76)
	at com.netflix.discovery.shared.transport.decorator.EurekaHttpClientDecorator.getApplications(EurekaHttpClientDecorator.java:134)
	at com.netflix.discovery.DiscoveryClient.getAndStoreFullRegistry(DiscoveryClient.java:1046)
	at com.netflix.discovery.DiscoveryClient.fetchRegistry(DiscoveryClient.java:961)
	at com.netflix.discovery.DiscoveryClient.refreshRegistry(DiscoveryClient.java:1473)
	at com.netflix.discovery.DiscoveryClient$CacheRefreshThread.run(DiscoveryClient.java:1441)
	at java.base/java.util.concurrent.Executors$RunnableAdapter.call(Executors.java:572)
	at java.base/java.util.concurrent.FutureTask.run(FutureTask.java:317)
	at java.base/java.util.concurrent.ThreadPoolExecutor.runWorker(ThreadPoolExecutor.java:1144)
	at java.base/java.util.concurrent.ThreadPoolExecutor$Worker.run(ThreadPoolExecutor.java:642)
	at java.base/java.lang.Thread.run(Thread.java:1583)

2025-12-18T00:09:50.788+05:30  INFO 12284 --- [customer-status-service] [DiscoveryClient-InstanceInfoReplicator-%d] com.netflix.discovery.DiscoveryClient    : DiscoveryClient_CUSTOMER-STATUS-SERVICE/host.docker.internal:customer-status-service:8090: registering service...
2025-12-18T00:09:50.790+05:30 DEBUG 12284 --- [customer-status-service] [DiscoveryClient-InstanceInfoReplicator-%d] o.s.web.client.RestTemplate              : HTTP POST http://localhost:8761/apps/CUSTOMER-STATUS-SERVICE
2025-12-18T00:09:50.791+05:30 DEBUG 12284 --- [customer-status-service] [DiscoveryClient-InstanceInfoReplicator-%d] o.s.web.client.RestTemplate              : Accept=[application/json, application/*+json]
2025-12-18T00:09:50.791+05:30 DEBUG 12284 --- [customer-status-service] [DiscoveryClient-InstanceInfoReplicator-%d] o.s.web.client.RestTemplate              : Writing [InstanceInfo [instanceId = host.docker.internal:customer-status-service:8090, appName = CUSTOMER-STATUS-SERVICE, hostName = host.docker.internal, status = UP, ipAddr = 192.168.1.4, port = 8090, securePort = 443, dataCenterInfo = com.netflix.appinfo.MyDataCenterInfo@56b66cc6] as "application/json"
2025-12-18T00:09:50.805+05:30 DEBUG 12284 --- [customer-status-service] [DiscoveryClient-HeartbeatExecutor-%d] o.s.web.client.RestTemplate              : HTTP PUT http://localhost:8761/apps/CUSTOMER-STATUS-SERVICE/host.docker.internal:customer-status-service:8090?status=UP&lastDirtyTimestamp=1765996760783
2025-12-18T00:09:50.819+05:30 DEBUG 12284 --- [customer-status-service] [DiscoveryClient-InstanceInfoReplicator-%d] o.s.web.client.RestTemplate              : Response 404 NOT_FOUND
2025-12-18T00:09:50.837+05:30 DEBUG 12284 --- [customer-status-service] [DiscoveryClient-HeartbeatExecutor-%d] o.s.web.client.RestTemplate              : Accept=[application/json, application/*+json]
2025-12-18T00:09:50.837+05:30  INFO 12284 --- [customer-status-service] [DiscoveryClient-InstanceInfoReplicator-%d] com.netflix.discovery.DiscoveryClient    : DiscoveryClient_CUSTOMER-STATUS-SERVICE/host.docker.internal:customer-status-service:8090 - registration status: 404
2025-12-18T00:09:50.855+05:30 DEBUG 12284 --- [customer-status-service] [DiscoveryClient-HeartbeatExecutor-%d] o.s.web.client.RestTemplate              : Response 404 NOT_FOUND
2025-12-18T00:09:50.856+05:30  INFO 12284 --- [customer-status-service] [DiscoveryClient-HeartbeatExecutor-%d] com.netflix.discovery.DiscoveryClient    : DiscoveryClient_CUSTOMER-STATUS-SERVICE/host.docker.internal:customer-status-service:8090 - Re-registering apps/CUSTOMER-STATUS-SERVICE
2025-12-18T00:09:50.856+05:30  INFO 12284 --- [customer-status-service] [DiscoveryClient-HeartbeatExecutor-%d] com.netflix.discovery.DiscoveryClient    : DiscoveryClient_CUSTOMER-STATUS-SERVICE/host.docker.internal:customer-status-service:8090: registering service...
2025-12-18T00:09:50.857+05:30 DEBUG 12284 --- [customer-status-service] [DiscoveryClient-HeartbeatExecutor-%d] o.s.web.client.RestTemplate              : HTTP POST http://localhost:8761/apps/CUSTOMER-STATUS-SERVICE
2025-12-18T00:09:50.857+05:30 DEBUG 12284 --- [customer-status-service] [DiscoveryClient-HeartbeatExecutor-%d] o.s.web.client.RestTemplate              : Accept=[application/json, application/*+json]
2025-12-18T00:09:50.857+05:30 DEBUG 12284 --- [customer-status-service] [DiscoveryClient-HeartbeatExecutor-%d] o.s.web.client.RestTemplate              : Writing [InstanceInfo [instanceId = host.docker.internal:customer-status-service:8090, appName = CUSTOMER-STATUS-SERVICE, hostName = host.docker.internal, status = UP, ipAddr = 192.168.1.4, port = 8090, securePort = 443, dataCenterInfo = com.netflix.appinfo.MyDataCenterInfo@56b66cc6] as "application/json"
2025-12-18T00:09:50.873+05:30 DEBUG 12284 --- [customer-status-service] [DiscoveryClient-HeartbeatExecutor-%d] o.s.web.client.RestTemplate              : Response 404 NOT_FOUND
2025-12-18T00:09:50.879+05:30  INFO 12284 --- [customer-status-service] [DiscoveryClient-HeartbeatExecutor-%d] com.netflix.discovery.DiscoveryClient    : DiscoveryClient_CUSTOMER-STATUS-SERVICE/host.docker.internal:customer-status-service:8090 - registration status: 404
2025-12-18T00:09:51.163+05:30  INFO 12284 --- [customer-status-service] [DiscoveryClient-CacheRefreshExecutor-%d] com.netflix.discovery.DiscoveryClient    : Disable delta property : false
2025-12-18T00:09:51.163+05:30  INFO 12284 --- [customer-status-service] [DiscoveryClient-CacheRefreshExecutor-%d] com.netflix.discovery.DiscoveryClient    : Single vip registry refresh property : null
2025-12-18T00:09:51.164+05:30  INFO 12284 --- [customer-status-service] [DiscoveryClient-CacheRefreshExecutor-%d] com.netflix.discovery.DiscoveryClient    : Force full registry fetch : false
2025-12-18T00:09:51.164+05:30  INFO 12284 --- [customer-status-service] [DiscoveryClient-CacheRefreshExecutor-%d] com.netflix.discovery.DiscoveryClient    : Application is null : false
2025-12-18T00:09:51.164+05:30  INFO 12284 --- [customer-status-service] [DiscoveryClient-CacheRefreshExecutor-%d] com.netflix.discovery.DiscoveryClient    : Registered Applications size is zero : true
2025-12-18T00:09:51.164+05:30  INFO 12284 --- [customer-status-service] [DiscoveryClient-CacheRefreshExecutor-%d] com.netflix.discovery.DiscoveryClient    : Application version is -1: true
2025-12-18T00:09:51.164+05:30  INFO 12284 --- [customer-status-service] [DiscoveryClient-CacheRefreshExecutor-%d] com.netflix.discovery.DiscoveryClient    : Getting all instance registry info from the eureka server
2025-12-18T00:09:51.171+05:30 DEBUG 12284 --- [customer-status-service] [DiscoveryClient-CacheRefreshExecutor-%d] o.s.web.client.RestTemplate              : HTTP GET http://localhost:8761/apps/
2025-12-18T00:09:51.179+05:30 DEBUG 12284 --- [customer-status-service] [DiscoveryClient-CacheRefreshExecutor-%d] o.s.web.client.RestTemplate              : Accept=[application/json, application/*+json]
2025-12-18T00:09:51.190+05:30 DEBUG 12284 --- [customer-status-service] [DiscoveryClient-CacheRefreshExecutor-%d] o.s.web.client.RestTemplate              : Response 404 NOT_FOUND
2025-12-18T00:09:51.191+05:30  WARN 12284 --- [customer-status-service] [DiscoveryClient-CacheRefreshExecutor-%d] c.n.d.s.t.d.RetryableEurekaHttpClient    : Request execution failure with status code 404; retrying on another server if available
2025-12-18T00:09:51.191+05:30  INFO 12284 --- [customer-status-service] [DiscoveryClient-CacheRefreshExecutor-%d] com.netflix.discovery.DiscoveryClient    : DiscoveryClient_CUSTOMER-STATUS-SERVICE/host.docker.internal:customer-status-service:8090 - was unable to refresh its cache! This periodic background refresh will be retried in 30 seconds. status = Cannot execute request on any known server stacktrace = com.netflix.discovery.shared.transport.TransportException: Cannot execute request on any known server
	at com.netflix.discovery.shared.transport.decorator.RetryableEurekaHttpClient.execute(RetryableEurekaHttpClient.java:112)
	at com.netflix.discovery.shared.transport.decorator.EurekaHttpClientDecorator.getApplications(EurekaHttpClientDecorator.java:134)
	at com.netflix.discovery.shared.transport.decorator.EurekaHttpClientDecorator$6.execute(EurekaHttpClientDecorator.java:137)
	at com.netflix.discovery.shared.transport.decorator.SessionedEurekaHttpClient.execute(SessionedEurekaHttpClient.java:76)
	at com.netflix.discovery.shared.transport.decorator.EurekaHttpClientDecorator.getApplications(EurekaHttpClientDecorator.java:134)
	at com.netflix.discovery.DiscoveryClient.getAndStoreFullRegistry(DiscoveryClient.java:1046)
	at com.netflix.discovery.DiscoveryClient.fetchRegistry(DiscoveryClient.java:961)
	at com.netflix.discovery.DiscoveryClient.refreshRegistry(DiscoveryClient.java:1473)
	at com.netflix.discovery.DiscoveryClient$CacheRefreshThread.run(DiscoveryClient.java:1441)
	at java.base/java.util.concurrent.Executors$RunnableAdapter.call(Executors.java:572)
	at java.base/java.util.concurrent.FutureTask.run(FutureTask.java:317)
	at java.base/java.util.concurrent.ThreadPoolExecutor.runWorker(ThreadPoolExecutor.java:1144)
	at java.base/java.util.concurrent.ThreadPoolExecutor$Worker.run(ThreadPoolExecutor.java:642)
	at java.base/java.lang.Thread.run(Thread.java:1583)

2025-12-18T00:10:20.846+05:30  INFO 12284 --- [customer-status-service] [DiscoveryClient-InstanceInfoReplicator-%d] com.netflix.discovery.DiscoveryClient    : DiscoveryClient_CUSTOMER-STATUS-SERVICE/host.docker.internal:customer-status-service:8090: registering service...
2025-12-18T00:10:20.848+05:30 DEBUG 12284 --- [customer-status-service] [DiscoveryClient-InstanceInfoReplicator-%d] o.s.web.client.RestTemplate              : HTTP POST http://localhost:8761/apps/CUSTOMER-STATUS-SERVICE
2025-12-18T00:10:20.848+05:30 DEBUG 12284 --- [customer-status-service] [DiscoveryClient-InstanceInfoReplicator-%d] o.s.web.client.RestTemplate              : Accept=[application/json, application/*+json]
2025-12-18T00:10:20.848+05:30 DEBUG 12284 --- [customer-status-service] [DiscoveryClient-InstanceInfoReplicator-%d] o.s.web.client.RestTemplate              : Writing [InstanceInfo [instanceId = host.docker.internal:customer-status-service:8090, appName = CUSTOMER-STATUS-SERVICE, hostName = host.docker.internal, status = UP, ipAddr = 192.168.1.4, port = 8090, securePort = 443, dataCenterInfo = com.netflix.appinfo.MyDataCenterInfo@56b66cc6] as "application/json"
2025-12-18T00:10:20.869+05:30 DEBUG 12284 --- [customer-status-service] [DiscoveryClient-InstanceInfoReplicator-%d] o.s.web.client.RestTemplate              : Response 404 NOT_FOUND
2025-12-18T00:10:20.870+05:30  INFO 12284 --- [customer-status-service] [DiscoveryClient-InstanceInfoReplicator-%d] com.netflix.discovery.DiscoveryClient    : DiscoveryClient_CUSTOMER-STATUS-SERVICE/host.docker.internal:customer-status-service:8090 - registration status: 404
2025-12-18T00:10:20.895+05:30 DEBUG 12284 --- [customer-status-service] [DiscoveryClient-HeartbeatExecutor-%d] o.s.web.client.RestTemplate              : HTTP PUT http://localhost:8761/apps/CUSTOMER-STATUS-SERVICE/host.docker.internal:customer-status-service:8090?status=UP&lastDirtyTimestamp=1765996790856
2025-12-18T00:10:20.895+05:30 DEBUG 12284 --- [customer-status-service] [DiscoveryClient-HeartbeatExecutor-%d] o.s.web.client.RestTemplate              : Accept=[application/json, application/*+json]
2025-12-18T00:10:20.901+05:30 DEBUG 12284 --- [customer-status-service] [DiscoveryClient-HeartbeatExecutor-%d] o.s.web.client.RestTemplate              : Response 404 NOT_FOUND
2025-12-18T00:10:20.901+05:30  INFO 12284 --- [customer-status-service] [DiscoveryClient-HeartbeatExecutor-%d] com.netflix.discovery.DiscoveryClient    : DiscoveryClient_CUSTOMER-STATUS-SERVICE/host.docker.internal:customer-status-service:8090 - Re-registering apps/CUSTOMER-STATUS-SERVICE
2025-12-18T00:10:20.901+05:30  INFO 12284 --- [customer-status-service] [DiscoveryClient-HeartbeatExecutor-%d] com.netflix.discovery.DiscoveryClient    : DiscoveryClient_CUSTOMER-STATUS-SERVICE/host.docker.internal:customer-status-service:8090: registering service...
2025-12-18T00:10:20.902+05:30 DEBUG 12284 --- [customer-status-service] [DiscoveryClient-HeartbeatExecutor-%d] o.s.web.client.RestTemplate              : HTTP POST http://localhost:8761/apps/CUSTOMER-STATUS-SERVICE
2025-12-18T00:10:20.902+05:30 DEBUG 12284 --- [customer-status-service] [DiscoveryClient-HeartbeatExecutor-%d] o.s.web.client.RestTemplate              : Accept=[application/json, application/*+json]
2025-12-18T00:10:20.902+05:30 DEBUG 12284 --- [customer-status-service] [DiscoveryClient-HeartbeatExecutor-%d] o.s.web.client.RestTemplate              : Writing [InstanceInfo [instanceId = host.docker.internal:customer-status-service:8090, appName = CUSTOMER-STATUS-SERVICE, hostName = host.docker.internal, status = UP, ipAddr = 192.168.1.4, port = 8090, securePort = 443, dataCenterInfo = com.netflix.appinfo.MyDataCenterInfo@56b66cc6] as "application/json"
2025-12-18T00:10:20.909+05:30 DEBUG 12284 --- [customer-status-service] [DiscoveryClient-HeartbeatExecutor-%d] o.s.web.client.RestTemplate              : Response 404 NOT_FOUND
2025-12-18T00:10:20.910+05:30  INFO 12284 --- [customer-status-service] [DiscoveryClient-HeartbeatExecutor-%d] com.netflix.discovery.DiscoveryClient    : DiscoveryClient_CUSTOMER-STATUS-SERVICE/host.docker.internal:customer-status-service:8090 - registration status: 404
2025-12-18T00:10:21.193+05:30  INFO 12284 --- [customer-status-service] [DiscoveryClient-CacheRefreshExecutor-%d] com.netflix.discovery.DiscoveryClient    : Disable delta property : false
2025-12-18T00:10:21.193+05:30  INFO 12284 --- [customer-status-service] [DiscoveryClient-CacheRefreshExecutor-%d] com.netflix.discovery.DiscoveryClient    : Single vip registry refresh property : null
2025-12-18T00:10:21.193+05:30  INFO 12284 --- [customer-status-service] [DiscoveryClient-CacheRefreshExecutor-%d] com.netflix.discovery.DiscoveryClient    : Force full registry fetch : false
2025-12-18T00:10:21.193+05:30  INFO 12284 --- [customer-status-service] [DiscoveryClient-CacheRefreshExecutor-%d] com.netflix.discovery.DiscoveryClient    : Application is null : false
2025-12-18T00:10:21.193+05:30  INFO 12284 --- [customer-status-service] [DiscoveryClient-CacheRefreshExecutor-%d] com.netflix.discovery.DiscoveryClient    : Registered Applications size is zero : true
2025-12-18T00:10:21.193+05:30  INFO 12284 --- [customer-status-service] [DiscoveryClient-CacheRefreshExecutor-%d] com.netflix.discovery.DiscoveryClient    : Application version is -1: true
2025-12-18T00:10:21.193+05:30  INFO 12284 --- [customer-status-service] [DiscoveryClient-CacheRefreshExecutor-%d] com.netflix.discovery.DiscoveryClient    : Getting all instance registry info from the eureka server
2025-12-18T00:10:21.199+05:30 DEBUG 12284 --- [customer-status-service] [DiscoveryClient-CacheRefreshExecutor-%d] o.s.web.client.RestTemplate              : HTTP GET http://localhost:8761/apps/
2025-12-18T00:10:21.205+05:30 DEBUG 12284 --- [customer-status-service] [DiscoveryClient-CacheRefreshExecutor-%d] o.s.web.client.RestTemplate              : Accept=[application/json, application/*+json]
2025-12-18T00:10:21.218+05:30 DEBUG 12284 --- [customer-status-service] [DiscoveryClient-CacheRefreshExecutor-%d] o.s.web.client.RestTemplate              : Response 404 NOT_FOUND
2025-12-18T00:10:21.219+05:30  WARN 12284 --- [customer-status-service] [DiscoveryClient-CacheRefreshExecutor-%d] c.n.d.s.t.d.RetryableEurekaHttpClient    : Request execution failure with status code 404; retrying on another server if available
2025-12-18T00:10:21.219+05:30  INFO 12284 --- [customer-status-service] [DiscoveryClient-CacheRefreshExecutor-%d] com.netflix.discovery.DiscoveryClient    : DiscoveryClient_CUSTOMER-STATUS-SERVICE/host.docker.internal:customer-status-service:8090 - was unable to refresh its cache! This periodic background refresh will be retried in 30 seconds. status = Cannot execute request on any known server stacktrace = com.netflix.discovery.shared.transport.TransportException: Cannot execute request on any known server
	at com.netflix.discovery.shared.transport.decorator.RetryableEurekaHttpClient.execute(RetryableEurekaHttpClient.java:112)
	at com.netflix.discovery.shared.transport.decorator.EurekaHttpClientDecorator.getApplications(EurekaHttpClientDecorator.java:134)
	at com.netflix.discovery.shared.transport.decorator.EurekaHttpClientDecorator$6.execute(EurekaHttpClientDecorator.java:137)
	at com.netflix.discovery.shared.transport.decorator.SessionedEurekaHttpClient.execute(SessionedEurekaHttpClient.java:76)
	at com.netflix.discovery.shared.transport.decorator.EurekaHttpClientDecorator.getApplications(EurekaHttpClientDecorator.java:134)
	at com.netflix.discovery.DiscoveryClient.getAndStoreFullRegistry(DiscoveryClient.java:1046)
	at com.netflix.discovery.DiscoveryClient.fetchRegistry(DiscoveryClient.java:961)
	at com.netflix.discovery.DiscoveryClient.refreshRegistry(DiscoveryClient.java:1473)
	at com.netflix.discovery.DiscoveryClient$CacheRefreshThread.run(DiscoveryClient.java:1441)
	at java.base/java.util.concurrent.Executors$RunnableAdapter.call(Executors.java:572)
	at java.base/java.util.concurrent.FutureTask.run(FutureTask.java:317)
	at java.base/java.util.concurrent.ThreadPoolExecutor.runWorker(ThreadPoolExecutor.java:1144)
	at java.base/java.util.concurrent.ThreadPoolExecutor$Worker.run(ThreadPoolExecutor.java:642)
	at java.base/java.lang.Thread.run(Thread.java:1583)

2025-12-18T00:15:36.492+05:30  WARN 12284 --- [customer-status-service] [HikariPool-1 housekeeper] com.zaxxer.hikari.pool.HikariPool        : HikariPool-1 - Thread starvation or clock leap detected (housekeeper delta=5m20s802ms195µs700ns).
2025-12-18T00:15:41.662+05:30  INFO 12284 --- [customer-status-service] [DiscoveryClient-InstanceInfoReplicator-%d] com.netflix.discovery.DiscoveryClient    : DiscoveryClient_CUSTOMER-STATUS-SERVICE/host.docker.internal:customer-status-service:8090: registering service...
2025-12-18T00:15:41.664+05:30 DEBUG 12284 --- [customer-status-service] [DiscoveryClient-InstanceInfoReplicator-%d] o.s.web.client.RestTemplate              : HTTP POST http://localhost:8761/apps/CUSTOMER-STATUS-SERVICE
2025-12-18T00:15:41.665+05:30 DEBUG 12284 --- [customer-status-service] [DiscoveryClient-InstanceInfoReplicator-%d] o.s.web.client.RestTemplate              : Accept=[application/json, application/*+json]
2025-12-18T00:15:41.665+05:30 DEBUG 12284 --- [customer-status-service] [DiscoveryClient-InstanceInfoReplicator-%d] o.s.web.client.RestTemplate              : Writing [InstanceInfo [instanceId = host.docker.internal:customer-status-service:8090, appName = CUSTOMER-STATUS-SERVICE, hostName = host.docker.internal, status = UP, ipAddr = 192.168.1.4, port = 8090, securePort = 443, dataCenterInfo = com.netflix.appinfo.MyDataCenterInfo@56b66cc6] as "application/json"
2025-12-18T00:15:41.679+05:30 DEBUG 12284 --- [customer-status-service] [DiscoveryClient-InstanceInfoReplicator-%d] o.s.web.client.RestTemplate              : Response 404 NOT_FOUND
2025-12-18T00:15:41.680+05:30  INFO 12284 --- [customer-status-service] [DiscoveryClient-InstanceInfoReplicator-%d] com.netflix.discovery.DiscoveryClient    : DiscoveryClient_CUSTOMER-STATUS-SERVICE/host.docker.internal:customer-status-service:8090 - registration status: 404
2025-12-18T00:15:41.707+05:30  INFO 12284 --- [customer-status-service] [DiscoveryClient-CacheRefreshExecutor-%d] com.netflix.discovery.DiscoveryClient    : Disable delta property : false
2025-12-18T00:15:41.708+05:30  INFO 12284 --- [customer-status-service] [DiscoveryClient-CacheRefreshExecutor-%d] com.netflix.discovery.DiscoveryClient    : Single vip registry refresh property : null
2025-12-18T00:15:41.708+05:30  INFO 12284 --- [customer-status-service] [DiscoveryClient-CacheRefreshExecutor-%d] com.netflix.discovery.DiscoveryClient    : Force full registry fetch : false
2025-12-18T00:15:41.708+05:30  INFO 12284 --- [customer-status-service] [DiscoveryClient-CacheRefreshExecutor-%d] com.netflix.discovery.DiscoveryClient    : Application is null : false
2025-12-18T00:15:41.708+05:30  INFO 12284 --- [customer-status-service] [DiscoveryClient-CacheRefreshExecutor-%d] com.netflix.discovery.DiscoveryClient    : Registered Applications size is zero : true
2025-12-18T00:15:41.708+05:30  INFO 12284 --- [customer-status-service] [DiscoveryClient-CacheRefreshExecutor-%d] com.netflix.discovery.DiscoveryClient    : Application version is -1: true
2025-12-18T00:15:41.708+05:30 DEBUG 12284 --- [customer-status-service] [DiscoveryClient-HeartbeatExecutor-%d] o.s.web.client.RestTemplate              : HTTP PUT http://localhost:8761/apps/CUSTOMER-STATUS-SERVICE/host.docker.internal:customer-status-service:8090?status=UP&lastDirtyTimestamp=1765996820901
2025-12-18T00:15:41.708+05:30  INFO 12284 --- [customer-status-service] [DiscoveryClient-CacheRefreshExecutor-%d] com.netflix.discovery.DiscoveryClient    : Getting all instance registry info from the eureka server
2025-12-18T00:15:41.708+05:30 DEBUG 12284 --- [customer-status-service] [DiscoveryClient-HeartbeatExecutor-%d] o.s.web.client.RestTemplate              : Accept=[application/json, application/*+json]
2025-12-18T00:15:41.715+05:30 DEBUG 12284 --- [customer-status-service] [DiscoveryClient-HeartbeatExecutor-%d] o.s.web.client.RestTemplate              : Response 404 NOT_FOUND
2025-12-18T00:15:41.716+05:30 DEBUG 12284 --- [customer-status-service] [DiscoveryClient-CacheRefreshExecutor-%d] o.s.web.client.RestTemplate              : HTTP GET http://localhost:8761/apps/
2025-12-18T00:15:41.716+05:30  INFO 12284 --- [customer-status-service] [DiscoveryClient-HeartbeatExecutor-%d] com.netflix.discovery.DiscoveryClient    : DiscoveryClient_CUSTOMER-STATUS-SERVICE/host.docker.internal:customer-status-service:8090 - Re-registering apps/CUSTOMER-STATUS-SERVICE
2025-12-18T00:15:41.717+05:30  INFO 12284 --- [customer-status-service] [DiscoveryClient-HeartbeatExecutor-%d] com.netflix.discovery.DiscoveryClient    : DiscoveryClient_CUSTOMER-STATUS-SERVICE/host.docker.internal:customer-status-service:8090: registering service...
2025-12-18T00:15:41.717+05:30 DEBUG 12284 --- [customer-status-service] [DiscoveryClient-HeartbeatExecutor-%d] o.s.web.client.RestTemplate              : HTTP POST http://localhost:8761/apps/CUSTOMER-STATUS-SERVICE
2025-12-18T00:15:41.717+05:30 DEBUG 12284 --- [customer-status-service] [DiscoveryClient-HeartbeatExecutor-%d] o.s.web.client.RestTemplate              : Accept=[application/json, application/*+json]
2025-12-18T00:15:41.718+05:30 DEBUG 12284 --- [customer-status-service] [DiscoveryClient-HeartbeatExecutor-%d] o.s.web.client.RestTemplate              : Writing [InstanceInfo [instanceId = host.docker.internal:customer-status-service:8090, appName = CUSTOMER-STATUS-SERVICE, hostName = host.docker.internal, status = UP, ipAddr = 192.168.1.4, port = 8090, securePort = 443, dataCenterInfo = com.netflix.appinfo.MyDataCenterInfo@56b66cc6] as "application/json"
2025-12-18T00:15:41.726+05:30 DEBUG 12284 --- [customer-status-service] [DiscoveryClient-HeartbeatExecutor-%d] o.s.web.client.RestTemplate              : Response 404 NOT_FOUND
2025-12-18T00:15:41.726+05:30 DEBUG 12284 --- [customer-status-service] [DiscoveryClient-CacheRefreshExecutor-%d] o.s.web.client.RestTemplate              : Accept=[application/json, application/*+json]
2025-12-18T00:15:41.727+05:30  INFO 12284 --- [customer-status-service] [DiscoveryClient-HeartbeatExecutor-%d] com.netflix.discovery.DiscoveryClient    : DiscoveryClient_CUSTOMER-STATUS-SERVICE/host.docker.internal:customer-status-service:8090 - registration status: 404
2025-12-18T00:15:41.737+05:30 DEBUG 12284 --- [customer-status-service] [DiscoveryClient-CacheRefreshExecutor-%d] o.s.web.client.RestTemplate              : Response 404 NOT_FOUND
2025-12-18T00:15:41.738+05:30  WARN 12284 --- [customer-status-service] [DiscoveryClient-CacheRefreshExecutor-%d] c.n.d.s.t.d.RetryableEurekaHttpClient    : Request execution failure with status code 404; retrying on another server if available
2025-12-18T00:15:41.738+05:30  INFO 12284 --- [customer-status-service] [DiscoveryClient-CacheRefreshExecutor-%d] com.netflix.discovery.DiscoveryClient    : DiscoveryClient_CUSTOMER-STATUS-SERVICE/host.docker.internal:customer-status-service:8090 - was unable to refresh its cache! This periodic background refresh will be retried in 30 seconds. status = Cannot execute request on any known server stacktrace = com.netflix.discovery.shared.transport.TransportException: Cannot execute request on any known server
	at com.netflix.discovery.shared.transport.decorator.RetryableEurekaHttpClient.execute(RetryableEurekaHttpClient.java:112)
	at com.netflix.discovery.shared.transport.decorator.EurekaHttpClientDecorator.getApplications(EurekaHttpClientDecorator.java:134)
	at com.netflix.discovery.shared.transport.decorator.EurekaHttpClientDecorator$6.execute(EurekaHttpClientDecorator.java:137)
	at com.netflix.discovery.shared.transport.decorator.SessionedEurekaHttpClient.execute(SessionedEurekaHttpClient.java:76)
	at com.netflix.discovery.shared.transport.decorator.EurekaHttpClientDecorator.getApplications(EurekaHttpClientDecorator.java:134)
	at com.netflix.discovery.DiscoveryClient.getAndStoreFullRegistry(DiscoveryClient.java:1046)
	at com.netflix.discovery.DiscoveryClient.fetchRegistry(DiscoveryClient.java:961)
	at com.netflix.discovery.DiscoveryClient.refreshRegistry(DiscoveryClient.java:1473)
	at com.netflix.discovery.DiscoveryClient$CacheRefreshThread.run(DiscoveryClient.java:1441)
	at java.base/java.util.concurrent.Executors$RunnableAdapter.call(Executors.java:572)
	at java.base/java.util.concurrent.FutureTask.run(FutureTask.java:317)
	at java.base/java.util.concurrent.ThreadPoolExecutor.runWorker(ThreadPoolExecutor.java:1144)
	at java.base/java.util.concurrent.ThreadPoolExecutor$Worker.run(ThreadPoolExecutor.java:642)
	at java.base/java.lang.Thread.run(Thread.java:1583)

2025-12-18T00:16:11.685+05:30  INFO 12284 --- [customer-status-service] [DiscoveryClient-InstanceInfoReplicator-%d] com.netflix.discovery.DiscoveryClient    : DiscoveryClient_CUSTOMER-STATUS-SERVICE/host.docker.internal:customer-status-service:8090: registering service...
2025-12-18T00:16:11.689+05:30 DEBUG 12284 --- [customer-status-service] [DiscoveryClient-InstanceInfoReplicator-%d] o.s.web.client.RestTemplate              : HTTP POST http://localhost:8761/apps/CUSTOMER-STATUS-SERVICE
2025-12-18T00:16:11.689+05:30 DEBUG 12284 --- [customer-status-service] [DiscoveryClient-InstanceInfoReplicator-%d] o.s.web.client.RestTemplate              : Accept=[application/json, application/*+json]
2025-12-18T00:16:11.689+05:30 DEBUG 12284 --- [customer-status-service] [DiscoveryClient-InstanceInfoReplicator-%d] o.s.web.client.RestTemplate              : Writing [InstanceInfo [instanceId = host.docker.internal:customer-status-service:8090, appName = CUSTOMER-STATUS-SERVICE, hostName = host.docker.internal, status = UP, ipAddr = 192.168.1.4, port = 8090, securePort = 443, dataCenterInfo = com.netflix.appinfo.MyDataCenterInfo@56b66cc6] as "application/json"
2025-12-18T00:16:11.701+05:30 DEBUG 12284 --- [customer-status-service] [DiscoveryClient-InstanceInfoReplicator-%d] o.s.web.client.RestTemplate              : Response 404 NOT_FOUND
2025-12-18T00:16:11.703+05:30  INFO 12284 --- [customer-status-service] [DiscoveryClient-InstanceInfoReplicator-%d] com.netflix.discovery.DiscoveryClient    : DiscoveryClient_CUSTOMER-STATUS-SERVICE/host.docker.internal:customer-status-service:8090 - registration status: 404
2025-12-18T00:16:11.734+05:30 DEBUG 12284 --- [customer-status-service] [DiscoveryClient-HeartbeatExecutor-%d] o.s.web.client.RestTemplate              : HTTP PUT http://localhost:8761/apps/CUSTOMER-STATUS-SERVICE/host.docker.internal:customer-status-service:8090?status=UP&lastDirtyTimestamp=1765997141717
2025-12-18T00:16:11.734+05:30 DEBUG 12284 --- [customer-status-service] [DiscoveryClient-HeartbeatExecutor-%d] o.s.web.client.RestTemplate              : Accept=[application/json, application/*+json]
2025-12-18T00:16:11.743+05:30 DEBUG 12284 --- [customer-status-service] [DiscoveryClient-HeartbeatExecutor-%d] o.s.web.client.RestTemplate              : Response 404 NOT_FOUND
2025-12-18T00:16:11.743+05:30  INFO 12284 --- [customer-status-service] [DiscoveryClient-CacheRefreshExecutor-%d] com.netflix.discovery.DiscoveryClient    : Disable delta property : false
2025-12-18T00:16:11.743+05:30  INFO 12284 --- [customer-status-service] [DiscoveryClient-CacheRefreshExecutor-%d] com.netflix.discovery.DiscoveryClient    : Single vip registry refresh property : null
2025-12-18T00:16:11.743+05:30  INFO 12284 --- [customer-status-service] [DiscoveryClient-CacheRefreshExecutor-%d] com.netflix.discovery.DiscoveryClient    : Force full registry fetch : false
2025-12-18T00:16:11.743+05:30  INFO 12284 --- [customer-status-service] [DiscoveryClient-CacheRefreshExecutor-%d] com.netflix.discovery.DiscoveryClient    : Application is null : false
2025-12-18T00:16:11.743+05:30  INFO 12284 --- [customer-status-service] [DiscoveryClient-CacheRefreshExecutor-%d] com.netflix.discovery.DiscoveryClient    : Registered Applications size is zero : true
2025-12-18T00:16:11.743+05:30  INFO 12284 --- [customer-status-service] [DiscoveryClient-CacheRefreshExecutor-%d] com.netflix.discovery.DiscoveryClient    : Application version is -1: true
2025-12-18T00:16:11.743+05:30  INFO 12284 --- [customer-status-service] [DiscoveryClient-HeartbeatExecutor-%d] com.netflix.discovery.DiscoveryClient    : DiscoveryClient_CUSTOMER-STATUS-SERVICE/host.docker.internal:customer-status-service:8090 - Re-registering apps/CUSTOMER-STATUS-SERVICE
2025-12-18T00:16:11.743+05:30  INFO 12284 --- [customer-status-service] [DiscoveryClient-HeartbeatExecutor-%d] com.netflix.discovery.DiscoveryClient    : DiscoveryClient_CUSTOMER-STATUS-SERVICE/host.docker.internal:customer-status-service:8090: registering service...
2025-12-18T00:16:11.743+05:30  INFO 12284 --- [customer-status-service] [DiscoveryClient-CacheRefreshExecutor-%d] com.netflix.discovery.DiscoveryClient    : Getting all instance registry info from the eureka server
2025-12-18T00:16:11.743+05:30 DEBUG 12284 --- [customer-status-service] [DiscoveryClient-HeartbeatExecutor-%d] o.s.web.client.RestTemplate              : HTTP POST http://localhost:8761/apps/CUSTOMER-STATUS-SERVICE
2025-12-18T00:16:11.743+05:30 DEBUG 12284 --- [customer-status-service] [DiscoveryClient-HeartbeatExecutor-%d] o.s.web.client.RestTemplate              : Accept=[application/json, application/*+json]
2025-12-18T00:16:11.743+05:30 DEBUG 12284 --- [customer-status-service] [DiscoveryClient-HeartbeatExecutor-%d] o.s.web.client.RestTemplate              : Writing [InstanceInfo [instanceId = host.docker.internal:customer-status-service:8090, appName = CUSTOMER-STATUS-SERVICE, hostName = host.docker.internal, status = UP, ipAddr = 192.168.1.4, port = 8090, securePort = 443, dataCenterInfo = com.netflix.appinfo.MyDataCenterInfo@56b66cc6] as "application/json"
2025-12-18T00:16:11.751+05:30 DEBUG 12284 --- [customer-status-service] [DiscoveryClient-HeartbeatExecutor-%d] o.s.web.client.RestTemplate              : Response 404 NOT_FOUND
2025-12-18T00:16:11.752+05:30  INFO 12284 --- [customer-status-service] [DiscoveryClient-HeartbeatExecutor-%d] com.netflix.discovery.DiscoveryClient    : DiscoveryClient_CUSTOMER-STATUS-SERVICE/host.docker.internal:customer-status-service:8090 - registration status: 404
2025-12-18T00:16:11.755+05:30 DEBUG 12284 --- [customer-status-service] [DiscoveryClient-CacheRefreshExecutor-%d] o.s.web.client.RestTemplate              : HTTP GET http://localhost:8761/apps/
2025-12-18T00:16:11.762+05:30 DEBUG 12284 --- [customer-status-service] [DiscoveryClient-CacheRefreshExecutor-%d] o.s.web.client.RestTemplate              : Accept=[application/json, application/*+json]
2025-12-18T00:16:11.773+05:30 DEBUG 12284 --- [customer-status-service] [DiscoveryClient-CacheRefreshExecutor-%d] o.s.web.client.RestTemplate              : Response 404 NOT_FOUND
2025-12-18T00:16:11.773+05:30  WARN 12284 --- [customer-status-service] [DiscoveryClient-CacheRefreshExecutor-%d] c.n.d.s.t.d.RetryableEurekaHttpClient    : Request execution failure with status code 404; retrying on another server if available
2025-12-18T00:16:11.773+05:30  INFO 12284 --- [customer-status-service] [DiscoveryClient-CacheRefreshExecutor-%d] com.netflix.discovery.DiscoveryClient    : DiscoveryClient_CUSTOMER-STATUS-SERVICE/host.docker.internal:customer-status-service:8090 - was unable to refresh its cache! This periodic background refresh will be retried in 30 seconds. status = Cannot execute request on any known server stacktrace = com.netflix.discovery.shared.transport.TransportException: Cannot execute request on any known server
	at com.netflix.discovery.shared.transport.decorator.RetryableEurekaHttpClient.execute(RetryableEurekaHttpClient.java:112)
	at com.netflix.discovery.shared.transport.decorator.EurekaHttpClientDecorator.getApplications(EurekaHttpClientDecorator.java:134)
	at com.netflix.discovery.shared.transport.decorator.EurekaHttpClientDecorator$6.execute(EurekaHttpClientDecorator.java:137)
	at com.netflix.discovery.shared.transport.decorator.SessionedEurekaHttpClient.execute(SessionedEurekaHttpClient.java:76)
	at com.netflix.discovery.shared.transport.decorator.EurekaHttpClientDecorator.getApplications(EurekaHttpClientDecorator.java:134)
	at com.netflix.discovery.DiscoveryClient.getAndStoreFullRegistry(DiscoveryClient.java:1046)
	at com.netflix.discovery.DiscoveryClient.fetchRegistry(DiscoveryClient.java:961)
	at com.netflix.discovery.DiscoveryClient.refreshRegistry(DiscoveryClient.java:1473)
	at com.netflix.discovery.DiscoveryClient$CacheRefreshThread.run(DiscoveryClient.java:1441)
	at java.base/java.util.concurrent.Executors$RunnableAdapter.call(Executors.java:572)
	at java.base/java.util.concurrent.FutureTask.run(FutureTask.java:317)
	at java.base/java.util.concurrent.ThreadPoolExecutor.runWorker(ThreadPoolExecutor.java:1144)
	at java.base/java.util.concurrent.ThreadPoolExecutor$Worker.run(ThreadPoolExecutor.java:642)
	at java.base/java.lang.Thread.run(Thread.java:1583)

2025-12-18T00:16:41.712+05:30  INFO 12284 --- [customer-status-service] [DiscoveryClient-InstanceInfoReplicator-%d] com.netflix.discovery.DiscoveryClient    : DiscoveryClient_CUSTOMER-STATUS-SERVICE/host.docker.internal:customer-status-service:8090: registering service...
2025-12-18T00:16:41.714+05:30 DEBUG 12284 --- [customer-status-service] [DiscoveryClient-InstanceInfoReplicator-%d] o.s.web.client.RestTemplate              : HTTP POST http://localhost:8761/apps/CUSTOMER-STATUS-SERVICE
2025-12-18T00:16:41.714+05:30 DEBUG 12284 --- [customer-status-service] [DiscoveryClient-InstanceInfoReplicator-%d] o.s.web.client.RestTemplate              : Accept=[application/json, application/*+json]
2025-12-18T00:16:41.714+05:30 DEBUG 12284 --- [customer-status-service] [DiscoveryClient-InstanceInfoReplicator-%d] o.s.web.client.RestTemplate              : Writing [InstanceInfo [instanceId = host.docker.internal:customer-status-service:8090, appName = CUSTOMER-STATUS-SERVICE, hostName = host.docker.internal, status = UP, ipAddr = 192.168.1.4, port = 8090, securePort = 443, dataCenterInfo = com.netflix.appinfo.MyDataCenterInfo@56b66cc6] as "application/json"
2025-12-18T00:16:41.743+05:30 DEBUG 12284 --- [customer-status-service] [DiscoveryClient-InstanceInfoReplicator-%d] o.s.web.client.RestTemplate              : Response 404 NOT_FOUND
2025-12-18T00:16:41.743+05:30  INFO 12284 --- [customer-status-service] [DiscoveryClient-InstanceInfoReplicator-%d] com.netflix.discovery.DiscoveryClient    : DiscoveryClient_CUSTOMER-STATUS-SERVICE/host.docker.internal:customer-status-service:8090 - registration status: 404
2025-12-18T00:16:41.759+05:30 DEBUG 12284 --- [customer-status-service] [DiscoveryClient-HeartbeatExecutor-%d] o.s.web.client.RestTemplate              : HTTP PUT http://localhost:8761/apps/CUSTOMER-STATUS-SERVICE/host.docker.internal:customer-status-service:8090?status=UP&lastDirtyTimestamp=1765997171743
2025-12-18T00:16:41.759+05:30 DEBUG 12284 --- [customer-status-service] [DiscoveryClient-HeartbeatExecutor-%d] o.s.web.client.RestTemplate              : Accept=[application/json, application/*+json]
2025-12-18T00:16:41.769+05:30 DEBUG 12284 --- [customer-status-service] [DiscoveryClient-HeartbeatExecutor-%d] o.s.web.client.RestTemplate              : Response 404 NOT_FOUND
2025-12-18T00:16:41.770+05:30  INFO 12284 --- [customer-status-service] [DiscoveryClient-HeartbeatExecutor-%d] com.netflix.discovery.DiscoveryClient    : DiscoveryClient_CUSTOMER-STATUS-SERVICE/host.docker.internal:customer-status-service:8090 - Re-registering apps/CUSTOMER-STATUS-SERVICE
2025-12-18T00:16:41.770+05:30  INFO 12284 --- [customer-status-service] [DiscoveryClient-HeartbeatExecutor-%d] com.netflix.discovery.DiscoveryClient    : DiscoveryClient_CUSTOMER-STATUS-SERVICE/host.docker.internal:customer-status-service:8090: registering service...
2025-12-18T00:16:41.770+05:30 DEBUG 12284 --- [customer-status-service] [DiscoveryClient-HeartbeatExecutor-%d] o.s.web.client.RestTemplate              : HTTP POST http://localhost:8761/apps/CUSTOMER-STATUS-SERVICE
2025-12-18T00:16:41.771+05:30 DEBUG 12284 --- [customer-status-service] [DiscoveryClient-HeartbeatExecutor-%d] o.s.web.client.RestTemplate              : Accept=[application/json, application/*+json]
2025-12-18T00:16:41.771+05:30 DEBUG 12284 --- [customer-status-service] [DiscoveryClient-HeartbeatExecutor-%d] o.s.web.client.RestTemplate              : Writing [InstanceInfo [instanceId = host.docker.internal:customer-status-service:8090, appName = CUSTOMER-STATUS-SERVICE, hostName = host.docker.internal, status = UP, ipAddr = 192.168.1.4, port = 8090, securePort = 443, dataCenterInfo = com.netflix.appinfo.MyDataCenterInfo@56b66cc6] as "application/json"
2025-12-18T00:16:41.775+05:30 DEBUG 12284 --- [customer-status-service] [DiscoveryClient-HeartbeatExecutor-%d] o.s.web.client.RestTemplate              : Response 404 NOT_FOUND
2025-12-18T00:16:41.775+05:30  INFO 12284 --- [customer-status-service] [DiscoveryClient-HeartbeatExecutor-%d] com.netflix.discovery.DiscoveryClient    : DiscoveryClient_CUSTOMER-STATUS-SERVICE/host.docker.internal:customer-status-service:8090 - registration status: 404
2025-12-18T00:16:41.775+05:30  INFO 12284 --- [customer-status-service] [DiscoveryClient-CacheRefreshExecutor-%d] com.netflix.discovery.DiscoveryClient    : Disable delta property : false
2025-12-18T00:16:41.775+05:30  INFO 12284 --- [customer-status-service] [DiscoveryClient-CacheRefreshExecutor-%d] com.netflix.discovery.DiscoveryClient    : Single vip registry refresh property : null
2025-12-18T00:16:41.775+05:30  INFO 12284 --- [customer-status-service] [DiscoveryClient-CacheRefreshExecutor-%d] com.netflix.discovery.DiscoveryClient    : Force full registry fetch : false
2025-12-18T00:16:41.781+05:30  INFO 12284 --- [customer-status-service] [DiscoveryClient-CacheRefreshExecutor-%d] com.netflix.discovery.DiscoveryClient    : Application is null : false
2025-12-18T00:16:41.781+05:30  INFO 12284 --- [customer-status-service] [DiscoveryClient-CacheRefreshExecutor-%d] com.netflix.discovery.DiscoveryClient    : Registered Applications size is zero : true
2025-12-18T00:16:41.781+05:30  INFO 12284 --- [customer-status-service] [DiscoveryClient-CacheRefreshExecutor-%d] com.netflix.discovery.DiscoveryClient    : Application version is -1: true
2025-12-18T00:16:41.781+05:30  INFO 12284 --- [customer-status-service] [DiscoveryClient-CacheRefreshExecutor-%d] com.netflix.discovery.DiscoveryClient    : Getting all instance registry info from the eureka server
2025-12-18T00:16:41.792+05:30 DEBUG 12284 --- [customer-status-service] [DiscoveryClient-CacheRefreshExecutor-%d] o.s.web.client.RestTemplate              : HTTP GET http://localhost:8761/apps/
2025-12-18T00:16:41.804+05:30 DEBUG 12284 --- [customer-status-service] [DiscoveryClient-CacheRefreshExecutor-%d] o.s.web.client.RestTemplate              : Accept=[application/json, application/*+json]
2025-12-18T00:16:41.820+05:30 DEBUG 12284 --- [customer-status-service] [DiscoveryClient-CacheRefreshExecutor-%d] o.s.web.client.RestTemplate              : Response 404 NOT_FOUND
2025-12-18T00:16:41.821+05:30  WARN 12284 --- [customer-status-service] [DiscoveryClient-CacheRefreshExecutor-%d] c.n.d.s.t.d.RetryableEurekaHttpClient    : Request execution failure with status code 404; retrying on another server if available
2025-12-18T00:16:41.821+05:30  INFO 12284 --- [customer-status-service] [DiscoveryClient-CacheRefreshExecutor-%d] com.netflix.discovery.DiscoveryClient    : DiscoveryClient_CUSTOMER-STATUS-SERVICE/host.docker.internal:customer-status-service:8090 - was unable to refresh its cache! This periodic background refresh will be retried in 30 seconds. status = Cannot execute request on any known server stacktrace = com.netflix.discovery.shared.transport.TransportException: Cannot execute request on any known server
	at com.netflix.discovery.shared.transport.decorator.RetryableEurekaHttpClient.execute(RetryableEurekaHttpClient.java:112)
	at com.netflix.discovery.shared.transport.decorator.EurekaHttpClientDecorator.getApplications(EurekaHttpClientDecorator.java:134)
	at com.netflix.discovery.shared.transport.decorator.EurekaHttpClientDecorator$6.execute(EurekaHttpClientDecorator.java:137)
	at com.netflix.discovery.shared.transport.decorator.SessionedEurekaHttpClient.execute(SessionedEurekaHttpClient.java:76)
	at com.netflix.discovery.shared.transport.decorator.EurekaHttpClientDecorator.getApplications(EurekaHttpClientDecorator.java:134)
	at com.netflix.discovery.DiscoveryClient.getAndStoreFullRegistry(DiscoveryClient.java:1046)
	at com.netflix.discovery.DiscoveryClient.fetchRegistry(DiscoveryClient.java:961)
	at com.netflix.discovery.DiscoveryClient.refreshRegistry(DiscoveryClient.java:1473)
	at com.netflix.discovery.DiscoveryClient$CacheRefreshThread.run(DiscoveryClient.java:1441)
	at java.base/java.util.concurrent.Executors$RunnableAdapter.call(Executors.java:572)
	at java.base/java.util.concurrent.FutureTask.run(FutureTask.java:317)
	at java.base/java.util.concurrent.ThreadPoolExecutor.runWorker(ThreadPoolExecutor.java:1144)
	at java.base/java.util.concurrent.ThreadPoolExecutor$Worker.run(ThreadPoolExecutor.java:642)
	at java.base/java.lang.Thread.run(Thread.java:1583)

2025-12-18T00:17:11.750+05:30  INFO 12284 --- [customer-status-service] [DiscoveryClient-InstanceInfoReplicator-%d] com.netflix.discovery.DiscoveryClient    : DiscoveryClient_CUSTOMER-STATUS-SERVICE/host.docker.internal:customer-status-service:8090: registering service...
2025-12-18T00:17:11.752+05:30 DEBUG 12284 --- [customer-status-service] [DiscoveryClient-InstanceInfoReplicator-%d] o.s.web.client.RestTemplate              : HTTP POST http://localhost:8761/apps/CUSTOMER-STATUS-SERVICE
2025-12-18T00:17:11.752+05:30 DEBUG 12284 --- [customer-status-service] [DiscoveryClient-InstanceInfoReplicator-%d] o.s.web.client.RestTemplate              : Accept=[application/json, application/*+json]
2025-12-18T00:17:11.754+05:30 DEBUG 12284 --- [customer-status-service] [DiscoveryClient-InstanceInfoReplicator-%d] o.s.web.client.RestTemplate              : Writing [InstanceInfo [instanceId = host.docker.internal:customer-status-service:8090, appName = CUSTOMER-STATUS-SERVICE, hostName = host.docker.internal, status = UP, ipAddr = 192.168.1.4, port = 8090, securePort = 443, dataCenterInfo = com.netflix.appinfo.MyDataCenterInfo@56b66cc6] as "application/json"
2025-12-18T00:17:11.773+05:30 DEBUG 12284 --- [customer-status-service] [DiscoveryClient-InstanceInfoReplicator-%d] o.s.web.client.RestTemplate              : Response 404 NOT_FOUND
2025-12-18T00:17:11.773+05:30  INFO 12284 --- [customer-status-service] [DiscoveryClient-InstanceInfoReplicator-%d] com.netflix.discovery.DiscoveryClient    : DiscoveryClient_CUSTOMER-STATUS-SERVICE/host.docker.internal:customer-status-service:8090 - registration status: 404
2025-12-18T00:17:11.782+05:30 DEBUG 12284 --- [customer-status-service] [DiscoveryClient-HeartbeatExecutor-%d] o.s.web.client.RestTemplate              : HTTP PUT http://localhost:8761/apps/CUSTOMER-STATUS-SERVICE/host.docker.internal:customer-status-service:8090?status=UP&lastDirtyTimestamp=1765997201770
2025-12-18T00:17:11.782+05:30 DEBUG 12284 --- [customer-status-service] [DiscoveryClient-HeartbeatExecutor-%d] o.s.web.client.RestTemplate              : Accept=[application/json, application/*+json]
2025-12-18T00:17:11.792+05:30 DEBUG 12284 --- [customer-status-service] [DiscoveryClient-HeartbeatExecutor-%d] o.s.web.client.RestTemplate              : Response 404 NOT_FOUND
2025-12-18T00:17:11.792+05:30  INFO 12284 --- [customer-status-service] [DiscoveryClient-HeartbeatExecutor-%d] com.netflix.discovery.DiscoveryClient    : DiscoveryClient_CUSTOMER-STATUS-SERVICE/host.docker.internal:customer-status-service:8090 - Re-registering apps/CUSTOMER-STATUS-SERVICE
2025-12-18T00:17:11.792+05:30  INFO 12284 --- [customer-status-service] [DiscoveryClient-HeartbeatExecutor-%d] com.netflix.discovery.DiscoveryClient    : DiscoveryClient_CUSTOMER-STATUS-SERVICE/host.docker.internal:customer-status-service:8090: registering service...
2025-12-18T00:17:11.792+05:30 DEBUG 12284 --- [customer-status-service] [DiscoveryClient-HeartbeatExecutor-%d] o.s.web.client.RestTemplate              : HTTP POST http://localhost:8761/apps/CUSTOMER-STATUS-SERVICE
2025-12-18T00:17:11.792+05:30 DEBUG 12284 --- [customer-status-service] [DiscoveryClient-HeartbeatExecutor-%d] o.s.web.client.RestTemplate              : Accept=[application/json, application/*+json]
2025-12-18T00:17:11.792+05:30 DEBUG 12284 --- [customer-status-service] [DiscoveryClient-HeartbeatExecutor-%d] o.s.web.client.RestTemplate              : Writing [InstanceInfo [instanceId = host.docker.internal:customer-status-service:8090, appName = CUSTOMER-STATUS-SERVICE, hostName = host.docker.internal, status = UP, ipAddr = 192.168.1.4, port = 8090, securePort = 443, dataCenterInfo = com.netflix.appinfo.MyDataCenterInfo@56b66cc6] as "application/json"
2025-12-18T00:17:11.802+05:30 DEBUG 12284 --- [customer-status-service] [DiscoveryClient-HeartbeatExecutor-%d] o.s.web.client.RestTemplate              : Response 404 NOT_FOUND
2025-12-18T00:17:11.804+05:30  INFO 12284 --- [customer-status-service] [DiscoveryClient-HeartbeatExecutor-%d] com.netflix.discovery.DiscoveryClient    : DiscoveryClient_CUSTOMER-STATUS-SERVICE/host.docker.internal:customer-status-service:8090 - registration status: 404
2025-12-18T00:17:11.830+05:30  INFO 12284 --- [customer-status-service] [DiscoveryClient-CacheRefreshExecutor-%d] com.netflix.discovery.DiscoveryClient    : Disable delta property : false
2025-12-18T00:17:11.830+05:30  INFO 12284 --- [customer-status-service] [DiscoveryClient-CacheRefreshExecutor-%d] com.netflix.discovery.DiscoveryClient    : Single vip registry refresh property : null
2025-12-18T00:17:11.830+05:30  INFO 12284 --- [customer-status-service] [DiscoveryClient-CacheRefreshExecutor-%d] com.netflix.discovery.DiscoveryClient    : Force full registry fetch : false
2025-12-18T00:17:11.830+05:30  INFO 12284 --- [customer-status-service] [DiscoveryClient-CacheRefreshExecutor-%d] com.netflix.discovery.DiscoveryClient    : Application is null : false
2025-12-18T00:17:11.830+05:30  INFO 12284 --- [customer-status-service] [DiscoveryClient-CacheRefreshExecutor-%d] com.netflix.discovery.DiscoveryClient    : Registered Applications size is zero : true
2025-12-18T00:17:11.830+05:30  INFO 12284 --- [customer-status-service] [DiscoveryClient-CacheRefreshExecutor-%d] com.netflix.discovery.DiscoveryClient    : Application version is -1: true
2025-12-18T00:17:11.830+05:30  INFO 12284 --- [customer-status-service] [DiscoveryClient-CacheRefreshExecutor-%d] com.netflix.discovery.DiscoveryClient    : Getting all instance registry info from the eureka server
2025-12-18T00:17:11.832+05:30 DEBUG 12284 --- [customer-status-service] [DiscoveryClient-CacheRefreshExecutor-%d] o.s.web.client.RestTemplate              : HTTP GET http://localhost:8761/apps/
2025-12-18T00:17:11.846+05:30 DEBUG 12284 --- [customer-status-service] [DiscoveryClient-CacheRefreshExecutor-%d] o.s.web.client.RestTemplate              : Accept=[application/json, application/*+json]
2025-12-18T00:17:11.846+05:30 DEBUG 12284 --- [customer-status-service] [DiscoveryClient-CacheRefreshExecutor-%d] o.s.web.client.RestTemplate              : Response 404 NOT_FOUND
2025-12-18T00:17:11.846+05:30  WARN 12284 --- [customer-status-service] [DiscoveryClient-CacheRefreshExecutor-%d] c.n.d.s.t.d.RetryableEurekaHttpClient    : Request execution failure with status code 404; retrying on another server if available
2025-12-18T00:17:11.846+05:30  INFO 12284 --- [customer-status-service] [DiscoveryClient-CacheRefreshExecutor-%d] com.netflix.discovery.DiscoveryClient    : DiscoveryClient_CUSTOMER-STATUS-SERVICE/host.docker.internal:customer-status-service:8090 - was unable to refresh its cache! This periodic background refresh will be retried in 30 seconds. status = Cannot execute request on any known server stacktrace = com.netflix.discovery.shared.transport.TransportException: Cannot execute request on any known server
	at com.netflix.discovery.shared.transport.decorator.RetryableEurekaHttpClient.execute(RetryableEurekaHttpClient.java:112)
	at com.netflix.discovery.shared.transport.decorator.EurekaHttpClientDecorator.getApplications(EurekaHttpClientDecorator.java:134)
	at com.netflix.discovery.shared.transport.decorator.EurekaHttpClientDecorator$6.execute(EurekaHttpClientDecorator.java:137)
	at com.netflix.discovery.shared.transport.decorator.SessionedEurekaHttpClient.execute(SessionedEurekaHttpClient.java:76)
	at com.netflix.discovery.shared.transport.decorator.EurekaHttpClientDecorator.getApplications(EurekaHttpClientDecorator.java:134)
	at com.netflix.discovery.DiscoveryClient.getAndStoreFullRegistry(DiscoveryClient.java:1046)
	at com.netflix.discovery.DiscoveryClient.fetchRegistry(DiscoveryClient.java:961)
	at com.netflix.discovery.DiscoveryClient.refreshRegistry(DiscoveryClient.java:1473)
	at com.netflix.discovery.DiscoveryClient$CacheRefreshThread.run(DiscoveryClient.java:1441)
	at java.base/java.util.concurrent.Executors$RunnableAdapter.call(Executors.java:572)
	at java.base/java.util.concurrent.FutureTask.run(FutureTask.java:317)
	at java.base/java.util.concurrent.ThreadPoolExecutor.runWorker(ThreadPoolExecutor.java:1144)
	at java.base/java.util.concurrent.ThreadPoolExecutor$Worker.run(ThreadPoolExecutor.java:642)
	at java.base/java.lang.Thread.run(Thread.java:1583)

2025-12-18T00:17:41.789+05:30  INFO 12284 --- [customer-status-service] [DiscoveryClient-InstanceInfoReplicator-%d] com.netflix.discovery.DiscoveryClient    : DiscoveryClient_CUSTOMER-STATUS-SERVICE/host.docker.internal:customer-status-service:8090: registering service...
2025-12-18T00:17:41.790+05:30 DEBUG 12284 --- [customer-status-service] [DiscoveryClient-InstanceInfoReplicator-%d] o.s.web.client.RestTemplate              : HTTP POST http://localhost:8761/apps/CUSTOMER-STATUS-SERVICE
2025-12-18T00:17:41.790+05:30 DEBUG 12284 --- [customer-status-service] [DiscoveryClient-InstanceInfoReplicator-%d] o.s.web.client.RestTemplate              : Accept=[application/json, application/*+json]
2025-12-18T00:17:41.790+05:30 DEBUG 12284 --- [customer-status-service] [DiscoveryClient-InstanceInfoReplicator-%d] o.s.web.client.RestTemplate              : Writing [InstanceInfo [instanceId = host.docker.internal:customer-status-service:8090, appName = CUSTOMER-STATUS-SERVICE, hostName = host.docker.internal, status = UP, ipAddr = 192.168.1.4, port = 8090, securePort = 443, dataCenterInfo = com.netflix.appinfo.MyDataCenterInfo@56b66cc6] as "application/json"
2025-12-18T00:17:41.805+05:30 DEBUG 12284 --- [customer-status-service] [DiscoveryClient-HeartbeatExecutor-%d] o.s.web.client.RestTemplate              : HTTP PUT http://localhost:8761/apps/CUSTOMER-STATUS-SERVICE/host.docker.internal:customer-status-service:8090?status=UP&lastDirtyTimestamp=1765997231792
2025-12-18T00:17:41.807+05:30 DEBUG 12284 --- [customer-status-service] [DiscoveryClient-HeartbeatExecutor-%d] o.s.web.client.RestTemplate              : Accept=[application/json, application/*+json]
2025-12-18T00:17:41.815+05:30 DEBUG 12284 --- [customer-status-service] [DiscoveryClient-InstanceInfoReplicator-%d] o.s.web.client.RestTemplate              : Response 404 NOT_FOUND
2025-12-18T00:17:41.815+05:30 DEBUG 12284 --- [customer-status-service] [DiscoveryClient-HeartbeatExecutor-%d] o.s.web.client.RestTemplate              : Response 404 NOT_FOUND
2025-12-18T00:17:41.815+05:30  INFO 12284 --- [customer-status-service] [DiscoveryClient-HeartbeatExecutor-%d] com.netflix.discovery.DiscoveryClient    : DiscoveryClient_CUSTOMER-STATUS-SERVICE/host.docker.internal:customer-status-service:8090 - Re-registering apps/CUSTOMER-STATUS-SERVICE
2025-12-18T00:17:41.815+05:30  INFO 12284 --- [customer-status-service] [DiscoveryClient-InstanceInfoReplicator-%d] com.netflix.discovery.DiscoveryClient    : DiscoveryClient_CUSTOMER-STATUS-SERVICE/host.docker.internal:customer-status-service:8090 - registration status: 404
2025-12-18T00:17:41.815+05:30  INFO 12284 --- [customer-status-service] [DiscoveryClient-HeartbeatExecutor-%d] com.netflix.discovery.DiscoveryClient    : DiscoveryClient_CUSTOMER-STATUS-SERVICE/host.docker.internal:customer-status-service:8090: registering service...
2025-12-18T00:17:41.817+05:30 DEBUG 12284 --- [customer-status-service] [DiscoveryClient-HeartbeatExecutor-%d] o.s.web.client.RestTemplate              : HTTP POST http://localhost:8761/apps/CUSTOMER-STATUS-SERVICE
2025-12-18T00:17:41.817+05:30 DEBUG 12284 --- [customer-status-service] [DiscoveryClient-HeartbeatExecutor-%d] o.s.web.client.RestTemplate              : Accept=[application/json, application/*+json]
2025-12-18T00:17:41.817+05:30 DEBUG 12284 --- [customer-status-service] [DiscoveryClient-HeartbeatExecutor-%d] o.s.web.client.RestTemplate              : Writing [InstanceInfo [instanceId = host.docker.internal:customer-status-service:8090, appName = CUSTOMER-STATUS-SERVICE, hostName = host.docker.internal, status = UP, ipAddr = 192.168.1.4, port = 8090, securePort = 443, dataCenterInfo = com.netflix.appinfo.MyDataCenterInfo@56b66cc6] as "application/json"
2025-12-18T00:17:41.822+05:30 DEBUG 12284 --- [customer-status-service] [DiscoveryClient-HeartbeatExecutor-%d] o.s.web.client.RestTemplate              : Response 404 NOT_FOUND
2025-12-18T00:17:41.822+05:30  INFO 12284 --- [customer-status-service] [DiscoveryClient-HeartbeatExecutor-%d] com.netflix.discovery.DiscoveryClient    : DiscoveryClient_CUSTOMER-STATUS-SERVICE/host.docker.internal:customer-status-service:8090 - registration status: 404
2025-12-18T00:17:41.871+05:30  INFO 12284 --- [customer-status-service] [DiscoveryClient-CacheRefreshExecutor-%d] com.netflix.discovery.DiscoveryClient    : Disable delta property : false
2025-12-18T00:17:41.871+05:30  INFO 12284 --- [customer-status-service] [DiscoveryClient-CacheRefreshExecutor-%d] com.netflix.discovery.DiscoveryClient    : Single vip registry refresh property : null
2025-12-18T00:17:41.871+05:30  INFO 12284 --- [customer-status-service] [DiscoveryClient-CacheRefreshExecutor-%d] com.netflix.discovery.DiscoveryClient    : Force full registry fetch : false
2025-12-18T00:17:41.871+05:30  INFO 12284 --- [customer-status-service] [DiscoveryClient-CacheRefreshExecutor-%d] com.netflix.discovery.DiscoveryClient    : Application is null : false
2025-12-18T00:17:41.871+05:30  INFO 12284 --- [customer-status-service] [DiscoveryClient-CacheRefreshExecutor-%d] com.netflix.discovery.DiscoveryClient    : Registered Applications size is zero : true
2025-12-18T00:17:41.871+05:30  INFO 12284 --- [customer-status-service] [DiscoveryClient-CacheRefreshExecutor-%d] com.netflix.discovery.DiscoveryClient    : Application version is -1: true
2025-12-18T00:17:41.871+05:30  INFO 12284 --- [customer-status-service] [DiscoveryClient-CacheRefreshExecutor-%d] com.netflix.discovery.DiscoveryClient    : Getting all instance registry info from the eureka server
2025-12-18T00:17:41.881+05:30 DEBUG 12284 --- [customer-status-service] [DiscoveryClient-CacheRefreshExecutor-%d] o.s.web.client.RestTemplate              : HTTP GET http://localhost:8761/apps/
2025-12-18T00:17:41.893+05:30 DEBUG 12284 --- [customer-status-service] [DiscoveryClient-CacheRefreshExecutor-%d] o.s.web.client.RestTemplate              : Accept=[application/json, application/*+json]
2025-12-18T00:17:41.908+05:30 DEBUG 12284 --- [customer-status-service] [DiscoveryClient-CacheRefreshExecutor-%d] o.s.web.client.RestTemplate              : Response 404 NOT_FOUND
2025-12-18T00:17:41.908+05:30  WARN 12284 --- [customer-status-service] [DiscoveryClient-CacheRefreshExecutor-%d] c.n.d.s.t.d.RetryableEurekaHttpClient    : Request execution failure with status code 404; retrying on another server if available
2025-12-18T00:17:41.910+05:30  INFO 12284 --- [customer-status-service] [DiscoveryClient-CacheRefreshExecutor-%d] com.netflix.discovery.DiscoveryClient    : DiscoveryClient_CUSTOMER-STATUS-SERVICE/host.docker.internal:customer-status-service:8090 - was unable to refresh its cache! This periodic background refresh will be retried in 30 seconds. status = Cannot execute request on any known server stacktrace = com.netflix.discovery.shared.transport.TransportException: Cannot execute request on any known server
	at com.netflix.discovery.shared.transport.decorator.RetryableEurekaHttpClient.execute(RetryableEurekaHttpClient.java:112)
	at com.netflix.discovery.shared.transport.decorator.EurekaHttpClientDecorator.getApplications(EurekaHttpClientDecorator.java:134)
	at com.netflix.discovery.shared.transport.decorator.EurekaHttpClientDecorator$6.execute(EurekaHttpClientDecorator.java:137)
	at com.netflix.discovery.shared.transport.decorator.SessionedEurekaHttpClient.execute(SessionedEurekaHttpClient.java:76)
	at com.netflix.discovery.shared.transport.decorator.EurekaHttpClientDecorator.getApplications(EurekaHttpClientDecorator.java:134)
	at com.netflix.discovery.DiscoveryClient.getAndStoreFullRegistry(DiscoveryClient.java:1046)
	at com.netflix.discovery.DiscoveryClient.fetchRegistry(DiscoveryClient.java:961)
	at com.netflix.discovery.DiscoveryClient.refreshRegistry(DiscoveryClient.java:1473)
	at com.netflix.discovery.DiscoveryClient$CacheRefreshThread.run(DiscoveryClient.java:1441)
	at java.base/java.util.concurrent.Executors$RunnableAdapter.call(Executors.java:572)
	at java.base/java.util.concurrent.FutureTask.run(FutureTask.java:317)
	at java.base/java.util.concurrent.ThreadPoolExecutor.runWorker(ThreadPoolExecutor.java:1144)
	at java.base/java.util.concurrent.ThreadPoolExecutor$Worker.run(ThreadPoolExecutor.java:642)
	at java.base/java.lang.Thread.run(Thread.java:1583)

2025-12-18T00:18:11.822+05:30  INFO 12284 --- [customer-status-service] [DiscoveryClient-InstanceInfoReplicator-%d] com.netflix.discovery.DiscoveryClient    : DiscoveryClient_CUSTOMER-STATUS-SERVICE/host.docker.internal:customer-status-service:8090: registering service...
2025-12-18T00:18:11.824+05:30 DEBUG 12284 --- [customer-status-service] [DiscoveryClient-InstanceInfoReplicator-%d] o.s.web.client.RestTemplate              : HTTP POST http://localhost:8761/apps/CUSTOMER-STATUS-SERVICE
2025-12-18T00:18:11.825+05:30 DEBUG 12284 --- [customer-status-service] [DiscoveryClient-InstanceInfoReplicator-%d] o.s.web.client.RestTemplate              : Accept=[application/json, application/*+json]
2025-12-18T00:18:11.825+05:30 DEBUG 12284 --- [customer-status-service] [DiscoveryClient-InstanceInfoReplicator-%d] o.s.web.client.RestTemplate              : Writing [InstanceInfo [instanceId = host.docker.internal:customer-status-service:8090, appName = CUSTOMER-STATUS-SERVICE, hostName = host.docker.internal, status = UP, ipAddr = 192.168.1.4, port = 8090, securePort = 443, dataCenterInfo = com.netflix.appinfo.MyDataCenterInfo@56b66cc6] as "application/json"
2025-12-18T00:18:11.838+05:30 DEBUG 12284 --- [customer-status-service] [DiscoveryClient-HeartbeatExecutor-%d] o.s.web.client.RestTemplate              : HTTP PUT http://localhost:8761/apps/CUSTOMER-STATUS-SERVICE/host.docker.internal:customer-status-service:8090?status=UP&lastDirtyTimestamp=1765997261815
2025-12-18T00:18:11.838+05:30 DEBUG 12284 --- [customer-status-service] [DiscoveryClient-HeartbeatExecutor-%d] o.s.web.client.RestTemplate              : Accept=[application/json, application/*+json]
2025-12-18T00:18:11.843+05:30 DEBUG 12284 --- [customer-status-service] [DiscoveryClient-InstanceInfoReplicator-%d] o.s.web.client.RestTemplate              : Response 404 NOT_FOUND
2025-12-18T00:18:11.843+05:30  INFO 12284 --- [customer-status-service] [DiscoveryClient-InstanceInfoReplicator-%d] com.netflix.discovery.DiscoveryClient    : DiscoveryClient_CUSTOMER-STATUS-SERVICE/host.docker.internal:customer-status-service:8090 - registration status: 404
2025-12-18T00:18:11.857+05:30 DEBUG 12284 --- [customer-status-service] [DiscoveryClient-HeartbeatExecutor-%d] o.s.web.client.RestTemplate              : Response 404 NOT_FOUND
2025-12-18T00:18:11.858+05:30  INFO 12284 --- [customer-status-service] [DiscoveryClient-HeartbeatExecutor-%d] com.netflix.discovery.DiscoveryClient    : DiscoveryClient_CUSTOMER-STATUS-SERVICE/host.docker.internal:customer-status-service:8090 - Re-registering apps/CUSTOMER-STATUS-SERVICE
2025-12-18T00:18:11.858+05:30  INFO 12284 --- [customer-status-service] [DiscoveryClient-HeartbeatExecutor-%d] com.netflix.discovery.DiscoveryClient    : DiscoveryClient_CUSTOMER-STATUS-SERVICE/host.docker.internal:customer-status-service:8090: registering service...
2025-12-18T00:18:11.858+05:30 DEBUG 12284 --- [customer-status-service] [DiscoveryClient-HeartbeatExecutor-%d] o.s.web.client.RestTemplate              : HTTP POST http://localhost:8761/apps/CUSTOMER-STATUS-SERVICE
2025-12-18T00:18:11.858+05:30 DEBUG 12284 --- [customer-status-service] [DiscoveryClient-HeartbeatExecutor-%d] o.s.web.client.RestTemplate              : Accept=[application/json, application/*+json]
2025-12-18T00:18:11.858+05:30 DEBUG 12284 --- [customer-status-service] [DiscoveryClient-HeartbeatExecutor-%d] o.s.web.client.RestTemplate              : Writing [InstanceInfo [instanceId = host.docker.internal:customer-status-service:8090, appName = CUSTOMER-STATUS-SERVICE, hostName = host.docker.internal, status = UP, ipAddr = 192.168.1.4, port = 8090, securePort = 443, dataCenterInfo = com.netflix.appinfo.MyDataCenterInfo@56b66cc6] as "application/json"
2025-12-18T00:18:11.863+05:30 DEBUG 12284 --- [customer-status-service] [DiscoveryClient-HeartbeatExecutor-%d] o.s.web.client.RestTemplate              : Response 404 NOT_FOUND
2025-12-18T00:18:11.863+05:30  INFO 12284 --- [customer-status-service] [DiscoveryClient-HeartbeatExecutor-%d] com.netflix.discovery.DiscoveryClient    : DiscoveryClient_CUSTOMER-STATUS-SERVICE/host.docker.internal:customer-status-service:8090 - registration status: 404
2025-12-18T00:18:11.916+05:30  INFO 12284 --- [customer-status-service] [DiscoveryClient-CacheRefreshExecutor-%d] com.netflix.discovery.DiscoveryClient    : Disable delta property : false
2025-12-18T00:18:11.916+05:30  INFO 12284 --- [customer-status-service] [DiscoveryClient-CacheRefreshExecutor-%d] com.netflix.discovery.DiscoveryClient    : Single vip registry refresh property : null
2025-12-18T00:18:11.916+05:30  INFO 12284 --- [customer-status-service] [DiscoveryClient-CacheRefreshExecutor-%d] com.netflix.discovery.DiscoveryClient    : Force full registry fetch : false
2025-12-18T00:18:11.916+05:30  INFO 12284 --- [customer-status-service] [DiscoveryClient-CacheRefreshExecutor-%d] com.netflix.discovery.DiscoveryClient    : Application is null : false
2025-12-18T00:18:11.916+05:30  INFO 12284 --- [customer-status-service] [DiscoveryClient-CacheRefreshExecutor-%d] com.netflix.discovery.DiscoveryClient    : Registered Applications size is zero : true
2025-12-18T00:18:11.916+05:30  INFO 12284 --- [customer-status-service] [DiscoveryClient-CacheRefreshExecutor-%d] com.netflix.discovery.DiscoveryClient    : Application version is -1: true
2025-12-18T00:18:11.916+05:30  INFO 12284 --- [customer-status-service] [DiscoveryClient-CacheRefreshExecutor-%d] com.netflix.discovery.DiscoveryClient    : Getting all instance registry info from the eureka server
2025-12-18T00:18:11.923+05:30 DEBUG 12284 --- [customer-status-service] [DiscoveryClient-CacheRefreshExecutor-%d] o.s.web.client.RestTemplate              : HTTP GET http://localhost:8761/apps/
2025-12-18T00:18:11.930+05:30 DEBUG 12284 --- [customer-status-service] [DiscoveryClient-CacheRefreshExecutor-%d] o.s.web.client.RestTemplate              : Accept=[application/json, application/*+json]
2025-12-18T00:18:11.940+05:30 DEBUG 12284 --- [customer-status-service] [DiscoveryClient-CacheRefreshExecutor-%d] o.s.web.client.RestTemplate              : Response 404 NOT_FOUND
2025-12-18T00:18:11.941+05:30  WARN 12284 --- [customer-status-service] [DiscoveryClient-CacheRefreshExecutor-%d] c.n.d.s.t.d.RetryableEurekaHttpClient    : Request execution failure with status code 404; retrying on another server if available
2025-12-18T00:18:11.941+05:30  INFO 12284 --- [customer-status-service] [DiscoveryClient-CacheRefreshExecutor-%d] com.netflix.discovery.DiscoveryClient    : DiscoveryClient_CUSTOMER-STATUS-SERVICE/host.docker.internal:customer-status-service:8090 - was unable to refresh its cache! This periodic background refresh will be retried in 30 seconds. status = Cannot execute request on any known server stacktrace = com.netflix.discovery.shared.transport.TransportException: Cannot execute request on any known server
	at com.netflix.discovery.shared.transport.decorator.RetryableEurekaHttpClient.execute(RetryableEurekaHttpClient.java:112)
	at com.netflix.discovery.shared.transport.decorator.EurekaHttpClientDecorator.getApplications(EurekaHttpClientDecorator.java:134)
	at com.netflix.discovery.shared.transport.decorator.EurekaHttpClientDecorator$6.execute(EurekaHttpClientDecorator.java:137)
	at com.netflix.discovery.shared.transport.decorator.SessionedEurekaHttpClient.execute(SessionedEurekaHttpClient.java:76)
	at com.netflix.discovery.shared.transport.decorator.EurekaHttpClientDecorator.getApplications(EurekaHttpClientDecorator.java:134)
	at com.netflix.discovery.DiscoveryClient.getAndStoreFullRegistry(DiscoveryClient.java:1046)
	at com.netflix.discovery.DiscoveryClient.fetchRegistry(DiscoveryClient.java:961)
	at com.netflix.discovery.DiscoveryClient.refreshRegistry(DiscoveryClient.java:1473)
	at com.netflix.discovery.DiscoveryClient$CacheRefreshThread.run(DiscoveryClient.java:1441)
	at java.base/java.util.concurrent.Executors$RunnableAdapter.call(Executors.java:572)
	at java.base/java.util.concurrent.FutureTask.run(FutureTask.java:317)
	at java.base/java.util.concurrent.ThreadPoolExecutor.runWorker(ThreadPoolExecutor.java:1144)
	at java.base/java.util.concurrent.ThreadPoolExecutor$Worker.run(ThreadPoolExecutor.java:642)
	at java.base/java.lang.Thread.run(Thread.java:1583)

2025-12-18T00:18:39.422+05:30  INFO 12284 --- [customer-status-service] [AsyncResolver-bootstrap-executor-%d] c.n.d.s.r.aws.ConfigClusterResolver      : Resolving eureka endpoints via configuration
2025-12-18T00:18:41.844+05:30  INFO 12284 --- [customer-status-service] [DiscoveryClient-InstanceInfoReplicator-%d] com.netflix.discovery.DiscoveryClient    : DiscoveryClient_CUSTOMER-STATUS-SERVICE/host.docker.internal:customer-status-service:8090: registering service...
2025-12-18T00:18:41.845+05:30 DEBUG 12284 --- [customer-status-service] [DiscoveryClient-InstanceInfoReplicator-%d] o.s.web.client.RestTemplate              : HTTP POST http://localhost:8761/apps/CUSTOMER-STATUS-SERVICE
2025-12-18T00:18:41.846+05:30 DEBUG 12284 --- [customer-status-service] [DiscoveryClient-InstanceInfoReplicator-%d] o.s.web.client.RestTemplate              : Accept=[application/json, application/*+json]
2025-12-18T00:18:41.846+05:30 DEBUG 12284 --- [customer-status-service] [DiscoveryClient-InstanceInfoReplicator-%d] o.s.web.client.RestTemplate              : Writing [InstanceInfo [instanceId = host.docker.internal:customer-status-service:8090, appName = CUSTOMER-STATUS-SERVICE, hostName = host.docker.internal, status = UP, ipAddr = 192.168.1.4, port = 8090, securePort = 443, dataCenterInfo = com.netflix.appinfo.MyDataCenterInfo@56b66cc6] as "application/json"
2025-12-18T00:18:41.868+05:30 DEBUG 12284 --- [customer-status-service] [DiscoveryClient-InstanceInfoReplicator-%d] o.s.web.client.RestTemplate              : Response 404 NOT_FOUND
2025-12-18T00:18:41.868+05:30  INFO 12284 --- [customer-status-service] [DiscoveryClient-InstanceInfoReplicator-%d] com.netflix.discovery.DiscoveryClient    : DiscoveryClient_CUSTOMER-STATUS-SERVICE/host.docker.internal:customer-status-service:8090 - registration status: 404
2025-12-18T00:18:41.875+05:30 DEBUG 12284 --- [customer-status-service] [DiscoveryClient-HeartbeatExecutor-%d] o.s.web.client.RestTemplate              : HTTP PUT http://localhost:8761/apps/CUSTOMER-STATUS-SERVICE/host.docker.internal:customer-status-service:8090?status=UP&lastDirtyTimestamp=1765997291858
2025-12-18T00:18:41.876+05:30 DEBUG 12284 --- [customer-status-service] [DiscoveryClient-HeartbeatExecutor-%d] o.s.web.client.RestTemplate              : Accept=[application/json, application/*+json]
2025-12-18T00:18:41.883+05:30 DEBUG 12284 --- [customer-status-service] [DiscoveryClient-HeartbeatExecutor-%d] o.s.web.client.RestTemplate              : Response 404 NOT_FOUND
2025-12-18T00:18:41.883+05:30  INFO 12284 --- [customer-status-service] [DiscoveryClient-HeartbeatExecutor-%d] com.netflix.discovery.DiscoveryClient    : DiscoveryClient_CUSTOMER-STATUS-SERVICE/host.docker.internal:customer-status-service:8090 - Re-registering apps/CUSTOMER-STATUS-SERVICE
2025-12-18T00:18:41.883+05:30  INFO 12284 --- [customer-status-service] [DiscoveryClient-HeartbeatExecutor-%d] com.netflix.discovery.DiscoveryClient    : DiscoveryClient_CUSTOMER-STATUS-SERVICE/host.docker.internal:customer-status-service:8090: registering service...
2025-12-18T00:18:41.883+05:30 DEBUG 12284 --- [customer-status-service] [DiscoveryClient-HeartbeatExecutor-%d] o.s.web.client.RestTemplate              : HTTP POST http://localhost:8761/apps/CUSTOMER-STATUS-SERVICE
2025-12-18T00:18:41.884+05:30 DEBUG 12284 --- [customer-status-service] [DiscoveryClient-HeartbeatExecutor-%d] o.s.web.client.RestTemplate              : Accept=[application/json, application/*+json]
2025-12-18T00:18:41.884+05:30 DEBUG 12284 --- [customer-status-service] [DiscoveryClient-HeartbeatExecutor-%d] o.s.web.client.RestTemplate              : Writing [InstanceInfo [instanceId = host.docker.internal:customer-status-service:8090, appName = CUSTOMER-STATUS-SERVICE, hostName = host.docker.internal, status = UP, ipAddr = 192.168.1.4, port = 8090, securePort = 443, dataCenterInfo = com.netflix.appinfo.MyDataCenterInfo@56b66cc6] as "application/json"
2025-12-18T00:18:41.892+05:30 DEBUG 12284 --- [customer-status-service] [DiscoveryClient-HeartbeatExecutor-%d] o.s.web.client.RestTemplate              : Response 404 NOT_FOUND
2025-12-18T00:18:41.893+05:30  INFO 12284 --- [customer-status-service] [DiscoveryClient-HeartbeatExecutor-%d] com.netflix.discovery.DiscoveryClient    : DiscoveryClient_CUSTOMER-STATUS-SERVICE/host.docker.internal:customer-status-service:8090 - registration status: 404
2025-12-18T00:18:41.954+05:30  INFO 12284 --- [customer-status-service] [DiscoveryClient-CacheRefreshExecutor-%d] com.netflix.discovery.DiscoveryClient    : Disable delta property : false
2025-12-18T00:18:41.955+05:30  INFO 12284 --- [customer-status-service] [DiscoveryClient-CacheRefreshExecutor-%d] com.netflix.discovery.DiscoveryClient    : Single vip registry refresh property : null
2025-12-18T00:18:41.955+05:30  INFO 12284 --- [customer-status-service] [DiscoveryClient-CacheRefreshExecutor-%d] com.netflix.discovery.DiscoveryClient    : Force full registry fetch : false
2025-12-18T00:18:41.955+05:30  INFO 12284 --- [customer-status-service] [DiscoveryClient-CacheRefreshExecutor-%d] com.netflix.discovery.DiscoveryClient    : Application is null : false
2025-12-18T00:18:41.955+05:30  INFO 12284 --- [customer-status-service] [DiscoveryClient-CacheRefreshExecutor-%d] com.netflix.discovery.DiscoveryClient    : Registered Applications size is zero : true
2025-12-18T00:18:41.955+05:30  INFO 12284 --- [customer-status-service] [DiscoveryClient-CacheRefreshExecutor-%d] com.netflix.discovery.DiscoveryClient    : Application version is -1: true
2025-12-18T00:18:41.955+05:30  INFO 12284 --- [customer-status-service] [DiscoveryClient-CacheRefreshExecutor-%d] com.netflix.discovery.DiscoveryClient    : Getting all instance registry info from the eureka server
2025-12-18T00:18:41.961+05:30 DEBUG 12284 --- [customer-status-service] [DiscoveryClient-CacheRefreshExecutor-%d] o.s.web.client.RestTemplate              : HTTP GET http://localhost:8761/apps/
2025-12-18T00:18:41.967+05:30 DEBUG 12284 --- [customer-status-service] [DiscoveryClient-CacheRefreshExecutor-%d] o.s.web.client.RestTemplate              : Accept=[application/json, application/*+json]
2025-12-18T00:18:41.978+05:30 DEBUG 12284 --- [customer-status-service] [DiscoveryClient-CacheRefreshExecutor-%d] o.s.web.client.RestTemplate              : Response 404 NOT_FOUND
2025-12-18T00:18:41.980+05:30  WARN 12284 --- [customer-status-service] [DiscoveryClient-CacheRefreshExecutor-%d] c.n.d.s.t.d.RetryableEurekaHttpClient    : Request execution failure with status code 404; retrying on another server if available
2025-12-18T00:18:41.981+05:30  INFO 12284 --- [customer-status-service] [DiscoveryClient-CacheRefreshExecutor-%d] com.netflix.discovery.DiscoveryClient    : DiscoveryClient_CUSTOMER-STATUS-SERVICE/host.docker.internal:customer-status-service:8090 - was unable to refresh its cache! This periodic background refresh will be retried in 30 seconds. status = Cannot execute request on any known server stacktrace = com.netflix.discovery.shared.transport.TransportException: Cannot execute request on any known server
	at com.netflix.discovery.shared.transport.decorator.RetryableEurekaHttpClient.execute(RetryableEurekaHttpClient.java:112)
	at com.netflix.discovery.shared.transport.decorator.EurekaHttpClientDecorator.getApplications(EurekaHttpClientDecorator.java:134)
	at com.netflix.discovery.shared.transport.decorator.EurekaHttpClientDecorator$6.execute(EurekaHttpClientDecorator.java:137)
	at com.netflix.discovery.shared.transport.decorator.SessionedEurekaHttpClient.execute(SessionedEurekaHttpClient.java:76)
	at com.netflix.discovery.shared.transport.decorator.EurekaHttpClientDecorator.getApplications(EurekaHttpClientDecorator.java:134)
	at com.netflix.discovery.DiscoveryClient.getAndStoreFullRegistry(DiscoveryClient.java:1046)
	at com.netflix.discovery.DiscoveryClient.fetchRegistry(DiscoveryClient.java:961)
	at com.netflix.discovery.DiscoveryClient.refreshRegistry(DiscoveryClient.java:1473)
	at com.netflix.discovery.DiscoveryClient$CacheRefreshThread.run(DiscoveryClient.java:1441)
	at java.base/java.util.concurrent.Executors$RunnableAdapter.call(Executors.java:572)
	at java.base/java.util.concurrent.FutureTask.run(FutureTask.java:317)
	at java.base/java.util.concurrent.ThreadPoolExecutor.runWorker(ThreadPoolExecutor.java:1144)
	at java.base/java.util.concurrent.ThreadPoolExecutor$Worker.run(ThreadPoolExecutor.java:642)
	at java.base/java.lang.Thread.run(Thread.java:1583)

2025-12-18T00:19:11.878+05:30  INFO 12284 --- [customer-status-service] [DiscoveryClient-InstanceInfoReplicator-%d] com.netflix.discovery.DiscoveryClient    : DiscoveryClient_CUSTOMER-STATUS-SERVICE/host.docker.internal:customer-status-service:8090: registering service...
2025-12-18T00:19:11.881+05:30 DEBUG 12284 --- [customer-status-service] [DiscoveryClient-InstanceInfoReplicator-%d] o.s.web.client.RestTemplate              : HTTP POST http://localhost:8761/apps/CUSTOMER-STATUS-SERVICE
2025-12-18T00:19:11.882+05:30 DEBUG 12284 --- [customer-status-service] [DiscoveryClient-InstanceInfoReplicator-%d] o.s.web.client.RestTemplate              : Accept=[application/json, application/*+json]
2025-12-18T00:19:11.882+05:30 DEBUG 12284 --- [customer-status-service] [DiscoveryClient-InstanceInfoReplicator-%d] o.s.web.client.RestTemplate              : Writing [InstanceInfo [instanceId = host.docker.internal:customer-status-service:8090, appName = CUSTOMER-STATUS-SERVICE, hostName = host.docker.internal, status = UP, ipAddr = 192.168.1.4, port = 8090, securePort = 443, dataCenterInfo = com.netflix.appinfo.MyDataCenterInfo@56b66cc6] as "application/json"
2025-12-18T00:19:11.894+05:30 DEBUG 12284 --- [customer-status-service] [DiscoveryClient-HeartbeatExecutor-%d] o.s.web.client.RestTemplate              : HTTP PUT http://localhost:8761/apps/CUSTOMER-STATUS-SERVICE/host.docker.internal:customer-status-service:8090?status=UP&lastDirtyTimestamp=1765997321883
2025-12-18T00:19:11.894+05:30 DEBUG 12284 --- [customer-status-service] [DiscoveryClient-HeartbeatExecutor-%d] o.s.web.client.RestTemplate              : Accept=[application/json, application/*+json]
2025-12-18T00:19:11.900+05:30 DEBUG 12284 --- [customer-status-service] [DiscoveryClient-InstanceInfoReplicator-%d] o.s.web.client.RestTemplate              : Response 404 NOT_FOUND
2025-12-18T00:19:11.901+05:30  INFO 12284 --- [customer-status-service] [DiscoveryClient-InstanceInfoReplicator-%d] com.netflix.discovery.DiscoveryClient    : DiscoveryClient_CUSTOMER-STATUS-SERVICE/host.docker.internal:customer-status-service:8090 - registration status: 404
2025-12-18T00:19:11.901+05:30 DEBUG 12284 --- [customer-status-service] [DiscoveryClient-HeartbeatExecutor-%d] o.s.web.client.RestTemplate              : Response 404 NOT_FOUND
2025-12-18T00:19:11.902+05:30  INFO 12284 --- [customer-status-service] [DiscoveryClient-HeartbeatExecutor-%d] com.netflix.discovery.DiscoveryClient    : DiscoveryClient_CUSTOMER-STATUS-SERVICE/host.docker.internal:customer-status-service:8090 - Re-registering apps/CUSTOMER-STATUS-SERVICE
2025-12-18T00:19:11.902+05:30  INFO 12284 --- [customer-status-service] [DiscoveryClient-HeartbeatExecutor-%d] com.netflix.discovery.DiscoveryClient    : DiscoveryClient_CUSTOMER-STATUS-SERVICE/host.docker.internal:customer-status-service:8090: registering service...
2025-12-18T00:19:11.902+05:30 DEBUG 12284 --- [customer-status-service] [DiscoveryClient-HeartbeatExecutor-%d] o.s.web.client.RestTemplate              : HTTP POST http://localhost:8761/apps/CUSTOMER-STATUS-SERVICE
2025-12-18T00:19:11.902+05:30 DEBUG 12284 --- [customer-status-service] [DiscoveryClient-HeartbeatExecutor-%d] o.s.web.client.RestTemplate              : Accept=[application/json, application/*+json]
2025-12-18T00:19:11.903+05:30 DEBUG 12284 --- [customer-status-service] [DiscoveryClient-HeartbeatExecutor-%d] o.s.web.client.RestTemplate              : Writing [InstanceInfo [instanceId = host.docker.internal:customer-status-service:8090, appName = CUSTOMER-STATUS-SERVICE, hostName = host.docker.internal, status = UP, ipAddr = 192.168.1.4, port = 8090, securePort = 443, dataCenterInfo = com.netflix.appinfo.MyDataCenterInfo@56b66cc6] as "application/json"
2025-12-18T00:19:11.911+05:30 DEBUG 12284 --- [customer-status-service] [DiscoveryClient-HeartbeatExecutor-%d] o.s.web.client.RestTemplate              : Response 404 NOT_FOUND
2025-12-18T00:19:11.912+05:30  INFO 12284 --- [customer-status-service] [DiscoveryClient-HeartbeatExecutor-%d] com.netflix.discovery.DiscoveryClient    : DiscoveryClient_CUSTOMER-STATUS-SERVICE/host.docker.internal:customer-status-service:8090 - registration status: 404
2025-12-18T00:19:11.989+05:30  INFO 12284 --- [customer-status-service] [DiscoveryClient-CacheRefreshExecutor-%d] com.netflix.discovery.DiscoveryClient    : Disable delta property : false
2025-12-18T00:19:11.989+05:30  INFO 12284 --- [customer-status-service] [DiscoveryClient-CacheRefreshExecutor-%d] com.netflix.discovery.DiscoveryClient    : Single vip registry refresh property : null
2025-12-18T00:19:11.990+05:30  INFO 12284 --- [customer-status-service] [DiscoveryClient-CacheRefreshExecutor-%d] com.netflix.discovery.DiscoveryClient    : Force full registry fetch : false
2025-12-18T00:19:11.990+05:30  INFO 12284 --- [customer-status-service] [DiscoveryClient-CacheRefreshExecutor-%d] com.netflix.discovery.DiscoveryClient    : Application is null : false
2025-12-18T00:19:11.990+05:30  INFO 12284 --- [customer-status-service] [DiscoveryClient-CacheRefreshExecutor-%d] com.netflix.discovery.DiscoveryClient    : Registered Applications size is zero : true
2025-12-18T00:19:11.990+05:30  INFO 12284 --- [customer-status-service] [DiscoveryClient-CacheRefreshExecutor-%d] com.netflix.discovery.DiscoveryClient    : Application version is -1: true
2025-12-18T00:19:11.990+05:30  INFO 12284 --- [customer-status-service] [DiscoveryClient-CacheRefreshExecutor-%d] com.netflix.discovery.DiscoveryClient    : Getting all instance registry info from the eureka server
2025-12-18T00:19:11.997+05:30 DEBUG 12284 --- [customer-status-service] [DiscoveryClient-CacheRefreshExecutor-%d] o.s.web.client.RestTemplate              : HTTP GET http://localhost:8761/apps/
2025-12-18T00:19:12.002+05:30 DEBUG 12284 --- [customer-status-service] [DiscoveryClient-CacheRefreshExecutor-%d] o.s.web.client.RestTemplate              : Accept=[application/json, application/*+json]
2025-12-18T00:19:12.014+05:30 DEBUG 12284 --- [customer-status-service] [DiscoveryClient-CacheRefreshExecutor-%d] o.s.web.client.RestTemplate              : Response 404 NOT_FOUND
2025-12-18T00:19:12.015+05:30  WARN 12284 --- [customer-status-service] [DiscoveryClient-CacheRefreshExecutor-%d] c.n.d.s.t.d.RetryableEurekaHttpClient    : Request execution failure with status code 404; retrying on another server if available
2025-12-18T00:19:12.015+05:30  INFO 12284 --- [customer-status-service] [DiscoveryClient-CacheRefreshExecutor-%d] com.netflix.discovery.DiscoveryClient    : DiscoveryClient_CUSTOMER-STATUS-SERVICE/host.docker.internal:customer-status-service:8090 - was unable to refresh its cache! This periodic background refresh will be retried in 30 seconds. status = Cannot execute request on any known server stacktrace = com.netflix.discovery.shared.transport.TransportException: Cannot execute request on any known server
	at com.netflix.discovery.shared.transport.decorator.RetryableEurekaHttpClient.execute(RetryableEurekaHttpClient.java:112)
	at com.netflix.discovery.shared.transport.decorator.EurekaHttpClientDecorator.getApplications(EurekaHttpClientDecorator.java:134)
	at com.netflix.discovery.shared.transport.decorator.EurekaHttpClientDecorator$6.execute(EurekaHttpClientDecorator.java:137)
	at com.netflix.discovery.shared.transport.decorator.SessionedEurekaHttpClient.execute(SessionedEurekaHttpClient.java:76)
	at com.netflix.discovery.shared.transport.decorator.EurekaHttpClientDecorator.getApplications(EurekaHttpClientDecorator.java:134)
	at com.netflix.discovery.DiscoveryClient.getAndStoreFullRegistry(DiscoveryClient.java:1046)
	at com.netflix.discovery.DiscoveryClient.fetchRegistry(DiscoveryClient.java:961)
	at com.netflix.discovery.DiscoveryClient.refreshRegistry(DiscoveryClient.java:1473)
	at com.netflix.discovery.DiscoveryClient$CacheRefreshThread.run(DiscoveryClient.java:1441)
	at java.base/java.util.concurrent.Executors$RunnableAdapter.call(Executors.java:572)
	at java.base/java.util.concurrent.FutureTask.run(FutureTask.java:317)
	at java.base/java.util.concurrent.ThreadPoolExecutor.runWorker(ThreadPoolExecutor.java:1144)
	at java.base/java.util.concurrent.ThreadPoolExecutor$Worker.run(ThreadPoolExecutor.java:642)
	at java.base/java.lang.Thread.run(Thread.java:1583)

2025-12-18T00:19:41.916+05:30  INFO 12284 --- [customer-status-service] [DiscoveryClient-InstanceInfoReplicator-%d] com.netflix.discovery.DiscoveryClient    : DiscoveryClient_CUSTOMER-STATUS-SERVICE/host.docker.internal:customer-status-service:8090: registering service...
2025-12-18T00:19:41.917+05:30 DEBUG 12284 --- [customer-status-service] [DiscoveryClient-HeartbeatExecutor-%d] o.s.web.client.RestTemplate              : HTTP PUT http://localhost:8761/apps/CUSTOMER-STATUS-SERVICE/host.docker.internal:customer-status-service:8090?status=UP&lastDirtyTimestamp=1765997351902
2025-12-18T00:19:41.917+05:30 DEBUG 12284 --- [customer-status-service] [DiscoveryClient-InstanceInfoReplicator-%d] o.s.web.client.RestTemplate              : HTTP POST http://localhost:8761/apps/CUSTOMER-STATUS-SERVICE
2025-12-18T00:19:41.918+05:30 DEBUG 12284 --- [customer-status-service] [DiscoveryClient-InstanceInfoReplicator-%d] o.s.web.client.RestTemplate              : Accept=[application/json, application/*+json]
2025-12-18T00:19:41.918+05:30 DEBUG 12284 --- [customer-status-service] [DiscoveryClient-HeartbeatExecutor-%d] o.s.web.client.RestTemplate              : Accept=[application/json, application/*+json]
2025-12-18T00:19:41.918+05:30 DEBUG 12284 --- [customer-status-service] [DiscoveryClient-InstanceInfoReplicator-%d] o.s.web.client.RestTemplate              : Writing [InstanceInfo [instanceId = host.docker.internal:customer-status-service:8090, appName = CUSTOMER-STATUS-SERVICE, hostName = host.docker.internal, status = UP, ipAddr = 192.168.1.4, port = 8090, securePort = 443, dataCenterInfo = com.netflix.appinfo.MyDataCenterInfo@56b66cc6] as "application/json"
2025-12-18T00:19:41.936+05:30 DEBUG 12284 --- [customer-status-service] [DiscoveryClient-InstanceInfoReplicator-%d] o.s.web.client.RestTemplate              : Response 404 NOT_FOUND
2025-12-18T00:19:41.936+05:30 DEBUG 12284 --- [customer-status-service] [DiscoveryClient-HeartbeatExecutor-%d] o.s.web.client.RestTemplate              : Response 404 NOT_FOUND
2025-12-18T00:19:41.938+05:30  INFO 12284 --- [customer-status-service] [DiscoveryClient-HeartbeatExecutor-%d] com.netflix.discovery.DiscoveryClient    : DiscoveryClient_CUSTOMER-STATUS-SERVICE/host.docker.internal:customer-status-service:8090 - Re-registering apps/CUSTOMER-STATUS-SERVICE
2025-12-18T00:19:41.939+05:30  INFO 12284 --- [customer-status-service] [DiscoveryClient-InstanceInfoReplicator-%d] com.netflix.discovery.DiscoveryClient    : DiscoveryClient_CUSTOMER-STATUS-SERVICE/host.docker.internal:customer-status-service:8090 - registration status: 404
2025-12-18T00:19:41.939+05:30  INFO 12284 --- [customer-status-service] [DiscoveryClient-HeartbeatExecutor-%d] com.netflix.discovery.DiscoveryClient    : DiscoveryClient_CUSTOMER-STATUS-SERVICE/host.docker.internal:customer-status-service:8090: registering service...
2025-12-18T00:19:41.939+05:30 DEBUG 12284 --- [customer-status-service] [DiscoveryClient-HeartbeatExecutor-%d] o.s.web.client.RestTemplate              : HTTP POST http://localhost:8761/apps/CUSTOMER-STATUS-SERVICE
2025-12-18T00:19:41.940+05:30 DEBUG 12284 --- [customer-status-service] [DiscoveryClient-HeartbeatExecutor-%d] o.s.web.client.RestTemplate              : Accept=[application/json, application/*+json]
2025-12-18T00:19:41.940+05:30 DEBUG 12284 --- [customer-status-service] [DiscoveryClient-HeartbeatExecutor-%d] o.s.web.client.RestTemplate              : Writing [InstanceInfo [instanceId = host.docker.internal:customer-status-service:8090, appName = CUSTOMER-STATUS-SERVICE, hostName = host.docker.internal, status = UP, ipAddr = 192.168.1.4, port = 8090, securePort = 443, dataCenterInfo = com.netflix.appinfo.MyDataCenterInfo@56b66cc6] as "application/json"
2025-12-18T00:19:41.947+05:30 DEBUG 12284 --- [customer-status-service] [DiscoveryClient-HeartbeatExecutor-%d] o.s.web.client.RestTemplate              : Response 404 NOT_FOUND
2025-12-18T00:19:41.947+05:30  INFO 12284 --- [customer-status-service] [DiscoveryClient-HeartbeatExecutor-%d] com.netflix.discovery.DiscoveryClient    : DiscoveryClient_CUSTOMER-STATUS-SERVICE/host.docker.internal:customer-status-service:8090 - registration status: 404
2025-12-18T00:19:42.025+05:30  INFO 12284 --- [customer-status-service] [DiscoveryClient-CacheRefreshExecutor-%d] com.netflix.discovery.DiscoveryClient    : Disable delta property : false
2025-12-18T00:19:42.025+05:30  INFO 12284 --- [customer-status-service] [DiscoveryClient-CacheRefreshExecutor-%d] com.netflix.discovery.DiscoveryClient    : Single vip registry refresh property : null
2025-12-18T00:19:42.026+05:30  INFO 12284 --- [customer-status-service] [DiscoveryClient-CacheRefreshExecutor-%d] com.netflix.discovery.DiscoveryClient    : Force full registry fetch : false
2025-12-18T00:19:42.026+05:30  INFO 12284 --- [customer-status-service] [DiscoveryClient-CacheRefreshExecutor-%d] com.netflix.discovery.DiscoveryClient    : Application is null : false
2025-12-18T00:19:42.026+05:30  INFO 12284 --- [customer-status-service] [DiscoveryClient-CacheRefreshExecutor-%d] com.netflix.discovery.DiscoveryClient    : Registered Applications size is zero : true
2025-12-18T00:19:42.026+05:30  INFO 12284 --- [customer-status-service] [DiscoveryClient-CacheRefreshExecutor-%d] com.netflix.discovery.DiscoveryClient    : Application version is -1: true
2025-12-18T00:19:42.026+05:30  INFO 12284 --- [customer-status-service] [DiscoveryClient-CacheRefreshExecutor-%d] com.netflix.discovery.DiscoveryClient    : Getting all instance registry info from the eureka server
2025-12-18T00:19:42.031+05:30 DEBUG 12284 --- [customer-status-service] [DiscoveryClient-CacheRefreshExecutor-%d] o.s.web.client.RestTemplate              : HTTP GET http://localhost:8761/apps/
2025-12-18T00:19:42.040+05:30 DEBUG 12284 --- [customer-status-service] [DiscoveryClient-CacheRefreshExecutor-%d] o.s.web.client.RestTemplate              : Accept=[application/json, application/*+json]
2025-12-18T00:19:42.050+05:30 DEBUG 12284 --- [customer-status-service] [DiscoveryClient-CacheRefreshExecutor-%d] o.s.web.client.RestTemplate              : Response 404 NOT_FOUND
2025-12-18T00:19:42.050+05:30  WARN 12284 --- [customer-status-service] [DiscoveryClient-CacheRefreshExecutor-%d] c.n.d.s.t.d.RetryableEurekaHttpClient    : Request execution failure with status code 404; retrying on another server if available
2025-12-18T00:19:42.051+05:30  INFO 12284 --- [customer-status-service] [DiscoveryClient-CacheRefreshExecutor-%d] com.netflix.discovery.DiscoveryClient    : DiscoveryClient_CUSTOMER-STATUS-SERVICE/host.docker.internal:customer-status-service:8090 - was unable to refresh its cache! This periodic background refresh will be retried in 30 seconds. status = Cannot execute request on any known server stacktrace = com.netflix.discovery.shared.transport.TransportException: Cannot execute request on any known server
	at com.netflix.discovery.shared.transport.decorator.RetryableEurekaHttpClient.execute(RetryableEurekaHttpClient.java:112)
	at com.netflix.discovery.shared.transport.decorator.EurekaHttpClientDecorator.getApplications(EurekaHttpClientDecorator.java:134)
	at com.netflix.discovery.shared.transport.decorator.EurekaHttpClientDecorator$6.execute(EurekaHttpClientDecorator.java:137)
	at com.netflix.discovery.shared.transport.decorator.SessionedEurekaHttpClient.execute(SessionedEurekaHttpClient.java:76)
	at com.netflix.discovery.shared.transport.decorator.EurekaHttpClientDecorator.getApplications(EurekaHttpClientDecorator.java:134)
	at com.netflix.discovery.DiscoveryClient.getAndStoreFullRegistry(DiscoveryClient.java:1046)
	at com.netflix.discovery.DiscoveryClient.fetchRegistry(DiscoveryClient.java:961)
	at com.netflix.discovery.DiscoveryClient.refreshRegistry(DiscoveryClient.java:1473)
	at com.netflix.discovery.DiscoveryClient$CacheRefreshThread.run(DiscoveryClient.java:1441)
	at java.base/java.util.concurrent.Executors$RunnableAdapter.call(Executors.java:572)
	at java.base/java.util.concurrent.FutureTask.run(FutureTask.java:317)
	at java.base/java.util.concurrent.ThreadPoolExecutor.runWorker(ThreadPoolExecutor.java:1144)
	at java.base/java.util.concurrent.ThreadPoolExecutor$Worker.run(ThreadPoolExecutor.java:642)
	at java.base/java.lang.Thread.run(Thread.java:1583)

2025-12-18T00:20:11.956+05:30 DEBUG 12284 --- [customer-status-service] [DiscoveryClient-HeartbeatExecutor-%d] o.s.web.client.RestTemplate              : HTTP PUT http://localhost:8761/apps/CUSTOMER-STATUS-SERVICE/host.docker.internal:customer-status-service:8090?status=UP&lastDirtyTimestamp=1765997381939
2025-12-18T00:20:11.954+05:30  INFO 12284 --- [customer-status-service] [DiscoveryClient-InstanceInfoReplicator-%d] com.netflix.discovery.DiscoveryClient    : DiscoveryClient_CUSTOMER-STATUS-SERVICE/host.docker.internal:customer-status-service:8090: registering service...
2025-12-18T00:20:11.958+05:30 DEBUG 12284 --- [customer-status-service] [DiscoveryClient-HeartbeatExecutor-%d] o.s.web.client.RestTemplate              : Accept=[application/json, application/*+json]
2025-12-18T00:20:11.959+05:30 DEBUG 12284 --- [customer-status-service] [DiscoveryClient-InstanceInfoReplicator-%d] o.s.web.client.RestTemplate              : HTTP POST http://localhost:8761/apps/CUSTOMER-STATUS-SERVICE
2025-12-18T00:20:11.959+05:30 DEBUG 12284 --- [customer-status-service] [DiscoveryClient-InstanceInfoReplicator-%d] o.s.web.client.RestTemplate              : Accept=[application/json, application/*+json]
2025-12-18T00:20:11.960+05:30 DEBUG 12284 --- [customer-status-service] [DiscoveryClient-InstanceInfoReplicator-%d] o.s.web.client.RestTemplate              : Writing [InstanceInfo [instanceId = host.docker.internal:customer-status-service:8090, appName = CUSTOMER-STATUS-SERVICE, hostName = host.docker.internal, status = UP, ipAddr = 192.168.1.4, port = 8090, securePort = 443, dataCenterInfo = com.netflix.appinfo.MyDataCenterInfo@56b66cc6] as "application/json"
2025-12-18T00:20:11.979+05:30 DEBUG 12284 --- [customer-status-service] [DiscoveryClient-HeartbeatExecutor-%d] o.s.web.client.RestTemplate              : Response 404 NOT_FOUND
2025-12-18T00:20:11.979+05:30 DEBUG 12284 --- [customer-status-service] [DiscoveryClient-InstanceInfoReplicator-%d] o.s.web.client.RestTemplate              : Response 404 NOT_FOUND
2025-12-18T00:20:11.980+05:30  INFO 12284 --- [customer-status-service] [DiscoveryClient-InstanceInfoReplicator-%d] com.netflix.discovery.DiscoveryClient    : DiscoveryClient_CUSTOMER-STATUS-SERVICE/host.docker.internal:customer-status-service:8090 - registration status: 404
2025-12-18T00:20:11.980+05:30  INFO 12284 --- [customer-status-service] [DiscoveryClient-HeartbeatExecutor-%d] com.netflix.discovery.DiscoveryClient    : DiscoveryClient_CUSTOMER-STATUS-SERVICE/host.docker.internal:customer-status-service:8090 - Re-registering apps/CUSTOMER-STATUS-SERVICE
2025-12-18T00:20:11.980+05:30  INFO 12284 --- [customer-status-service] [DiscoveryClient-HeartbeatExecutor-%d] com.netflix.discovery.DiscoveryClient    : DiscoveryClient_CUSTOMER-STATUS-SERVICE/host.docker.internal:customer-status-service:8090: registering service...
2025-12-18T00:20:11.981+05:30 DEBUG 12284 --- [customer-status-service] [DiscoveryClient-HeartbeatExecutor-%d] o.s.web.client.RestTemplate              : HTTP POST http://localhost:8761/apps/CUSTOMER-STATUS-SERVICE
2025-12-18T00:20:11.981+05:30 DEBUG 12284 --- [customer-status-service] [DiscoveryClient-HeartbeatExecutor-%d] o.s.web.client.RestTemplate              : Accept=[application/json, application/*+json]
2025-12-18T00:20:11.981+05:30 DEBUG 12284 --- [customer-status-service] [DiscoveryClient-HeartbeatExecutor-%d] o.s.web.client.RestTemplate              : Writing [InstanceInfo [instanceId = host.docker.internal:customer-status-service:8090, appName = CUSTOMER-STATUS-SERVICE, hostName = host.docker.internal, status = UP, ipAddr = 192.168.1.4, port = 8090, securePort = 443, dataCenterInfo = com.netflix.appinfo.MyDataCenterInfo@56b66cc6] as "application/json"
2025-12-18T00:20:11.987+05:30 DEBUG 12284 --- [customer-status-service] [DiscoveryClient-HeartbeatExecutor-%d] o.s.web.client.RestTemplate              : Response 404 NOT_FOUND
2025-12-18T00:20:11.987+05:30  INFO 12284 --- [customer-status-service] [DiscoveryClient-HeartbeatExecutor-%d] com.netflix.discovery.DiscoveryClient    : DiscoveryClient_CUSTOMER-STATUS-SERVICE/host.docker.internal:customer-status-service:8090 - registration status: 404
2025-12-18T00:20:12.064+05:30  INFO 12284 --- [customer-status-service] [DiscoveryClient-CacheRefreshExecutor-%d] com.netflix.discovery.DiscoveryClient    : Disable delta property : false
2025-12-18T00:20:12.064+05:30  INFO 12284 --- [customer-status-service] [DiscoveryClient-CacheRefreshExecutor-%d] com.netflix.discovery.DiscoveryClient    : Single vip registry refresh property : null
2025-12-18T00:20:12.064+05:30  INFO 12284 --- [customer-status-service] [DiscoveryClient-CacheRefreshExecutor-%d] com.netflix.discovery.DiscoveryClient    : Force full registry fetch : false
2025-12-18T00:20:12.064+05:30  INFO 12284 --- [customer-status-service] [DiscoveryClient-CacheRefreshExecutor-%d] com.netflix.discovery.DiscoveryClient    : Application is null : false
2025-12-18T00:20:12.064+05:30  INFO 12284 --- [customer-status-service] [DiscoveryClient-CacheRefreshExecutor-%d] com.netflix.discovery.DiscoveryClient    : Registered Applications size is zero : true
2025-12-18T00:20:12.064+05:30  INFO 12284 --- [customer-status-service] [DiscoveryClient-CacheRefreshExecutor-%d] com.netflix.discovery.DiscoveryClient    : Application version is -1: true
2025-12-18T00:20:12.064+05:30  INFO 12284 --- [customer-status-service] [DiscoveryClient-CacheRefreshExecutor-%d] com.netflix.discovery.DiscoveryClient    : Getting all instance registry info from the eureka server
2025-12-18T00:20:12.072+05:30 DEBUG 12284 --- [customer-status-service] [DiscoveryClient-CacheRefreshExecutor-%d] o.s.web.client.RestTemplate              : HTTP GET http://localhost:8761/apps/
2025-12-18T00:20:12.077+05:30 DEBUG 12284 --- [customer-status-service] [DiscoveryClient-CacheRefreshExecutor-%d] o.s.web.client.RestTemplate              : Accept=[application/json, application/*+json]
2025-12-18T00:20:12.086+05:30 DEBUG 12284 --- [customer-status-service] [DiscoveryClient-CacheRefreshExecutor-%d] o.s.web.client.RestTemplate              : Response 404 NOT_FOUND
2025-12-18T00:20:12.087+05:30  WARN 12284 --- [customer-status-service] [DiscoveryClient-CacheRefreshExecutor-%d] c.n.d.s.t.d.RetryableEurekaHttpClient    : Request execution failure with status code 404; retrying on another server if available
2025-12-18T00:20:12.087+05:30  INFO 12284 --- [customer-status-service] [DiscoveryClient-CacheRefreshExecutor-%d] com.netflix.discovery.DiscoveryClient    : DiscoveryClient_CUSTOMER-STATUS-SERVICE/host.docker.internal:customer-status-service:8090 - was unable to refresh its cache! This periodic background refresh will be retried in 30 seconds. status = Cannot execute request on any known server stacktrace = com.netflix.discovery.shared.transport.TransportException: Cannot execute request on any known server
	at com.netflix.discovery.shared.transport.decorator.RetryableEurekaHttpClient.execute(RetryableEurekaHttpClient.java:112)
	at com.netflix.discovery.shared.transport.decorator.EurekaHttpClientDecorator.getApplications(EurekaHttpClientDecorator.java:134)
	at com.netflix.discovery.shared.transport.decorator.EurekaHttpClientDecorator$6.execute(EurekaHttpClientDecorator.java:137)
	at com.netflix.discovery.shared.transport.decorator.SessionedEurekaHttpClient.execute(SessionedEurekaHttpClient.java:76)
	at com.netflix.discovery.shared.transport.decorator.EurekaHttpClientDecorator.getApplications(EurekaHttpClientDecorator.java:134)
	at com.netflix.discovery.DiscoveryClient.getAndStoreFullRegistry(DiscoveryClient.java:1046)
	at com.netflix.discovery.DiscoveryClient.fetchRegistry(DiscoveryClient.java:961)
	at com.netflix.discovery.DiscoveryClient.refreshRegistry(DiscoveryClient.java:1473)
	at com.netflix.discovery.DiscoveryClient$CacheRefreshThread.run(DiscoveryClient.java:1441)
	at java.base/java.util.concurrent.Executors$RunnableAdapter.call(Executors.java:572)
	at java.base/java.util.concurrent.FutureTask.run(FutureTask.java:317)
	at java.base/java.util.concurrent.ThreadPoolExecutor.runWorker(ThreadPoolExecutor.java:1144)
	at java.base/java.util.concurrent.ThreadPoolExecutor$Worker.run(ThreadPoolExecutor.java:642)
	at java.base/java.lang.Thread.run(Thread.java:1583)

2025-12-18T00:20:41.995+05:30  INFO 12284 --- [customer-status-service] [DiscoveryClient-InstanceInfoReplicator-%d] com.netflix.discovery.DiscoveryClient    : DiscoveryClient_CUSTOMER-STATUS-SERVICE/host.docker.internal:customer-status-service:8090: registering service...
2025-12-18T00:20:41.996+05:30 DEBUG 12284 --- [customer-status-service] [DiscoveryClient-InstanceInfoReplicator-%d] o.s.web.client.RestTemplate              : HTTP POST http://localhost:8761/apps/CUSTOMER-STATUS-SERVICE
2025-12-18T00:20:41.997+05:30 DEBUG 12284 --- [customer-status-service] [DiscoveryClient-InstanceInfoReplicator-%d] o.s.web.client.RestTemplate              : Accept=[application/json, application/*+json]
2025-12-18T00:20:41.997+05:30 DEBUG 12284 --- [customer-status-service] [DiscoveryClient-InstanceInfoReplicator-%d] o.s.web.client.RestTemplate              : Writing [InstanceInfo [instanceId = host.docker.internal:customer-status-service:8090, appName = CUSTOMER-STATUS-SERVICE, hostName = host.docker.internal, status = UP, ipAddr = 192.168.1.4, port = 8090, securePort = 443, dataCenterInfo = com.netflix.appinfo.MyDataCenterInfo@56b66cc6] as "application/json"
2025-12-18T00:20:41.999+05:30 DEBUG 12284 --- [customer-status-service] [DiscoveryClient-HeartbeatExecutor-%d] o.s.web.client.RestTemplate              : HTTP PUT http://localhost:8761/apps/CUSTOMER-STATUS-SERVICE/host.docker.internal:customer-status-service:8090?status=UP&lastDirtyTimestamp=1765997411980
2025-12-18T00:20:42.000+05:30 DEBUG 12284 --- [customer-status-service] [DiscoveryClient-HeartbeatExecutor-%d] o.s.web.client.RestTemplate              : Accept=[application/json, application/*+json]
2025-12-18T00:20:42.018+05:30 DEBUG 12284 --- [customer-status-service] [DiscoveryClient-HeartbeatExecutor-%d] o.s.web.client.RestTemplate              : Response 404 NOT_FOUND
2025-12-18T00:20:42.018+05:30 DEBUG 12284 --- [customer-status-service] [DiscoveryClient-InstanceInfoReplicator-%d] o.s.web.client.RestTemplate              : Response 404 NOT_FOUND
2025-12-18T00:20:42.019+05:30  INFO 12284 --- [customer-status-service] [DiscoveryClient-HeartbeatExecutor-%d] com.netflix.discovery.DiscoveryClient    : DiscoveryClient_CUSTOMER-STATUS-SERVICE/host.docker.internal:customer-status-service:8090 - Re-registering apps/CUSTOMER-STATUS-SERVICE
2025-12-18T00:20:42.019+05:30  INFO 12284 --- [customer-status-service] [DiscoveryClient-InstanceInfoReplicator-%d] com.netflix.discovery.DiscoveryClient    : DiscoveryClient_CUSTOMER-STATUS-SERVICE/host.docker.internal:customer-status-service:8090 - registration status: 404
2025-12-18T00:20:42.019+05:30  INFO 12284 --- [customer-status-service] [DiscoveryClient-HeartbeatExecutor-%d] com.netflix.discovery.DiscoveryClient    : DiscoveryClient_CUSTOMER-STATUS-SERVICE/host.docker.internal:customer-status-service:8090: registering service...
2025-12-18T00:20:42.019+05:30 DEBUG 12284 --- [customer-status-service] [DiscoveryClient-HeartbeatExecutor-%d] o.s.web.client.RestTemplate              : HTTP POST http://localhost:8761/apps/CUSTOMER-STATUS-SERVICE
2025-12-18T00:20:42.020+05:30 DEBUG 12284 --- [customer-status-service] [DiscoveryClient-HeartbeatExecutor-%d] o.s.web.client.RestTemplate              : Accept=[application/json, application/*+json]
2025-12-18T00:20:42.020+05:30 DEBUG 12284 --- [customer-status-service] [DiscoveryClient-HeartbeatExecutor-%d] o.s.web.client.RestTemplate              : Writing [InstanceInfo [instanceId = host.docker.internal:customer-status-service:8090, appName = CUSTOMER-STATUS-SERVICE, hostName = host.docker.internal, status = UP, ipAddr = 192.168.1.4, port = 8090, securePort = 443, dataCenterInfo = com.netflix.appinfo.MyDataCenterInfo@56b66cc6] as "application/json"
2025-12-18T00:20:42.029+05:30 DEBUG 12284 --- [customer-status-service] [DiscoveryClient-HeartbeatExecutor-%d] o.s.web.client.RestTemplate              : Response 404 NOT_FOUND
2025-12-18T00:20:42.030+05:30  INFO 12284 --- [customer-status-service] [DiscoveryClient-HeartbeatExecutor-%d] com.netflix.discovery.DiscoveryClient    : DiscoveryClient_CUSTOMER-STATUS-SERVICE/host.docker.internal:customer-status-service:8090 - registration status: 404
2025-12-18T00:20:42.090+05:30  INFO 12284 --- [customer-status-service] [DiscoveryClient-CacheRefreshExecutor-%d] com.netflix.discovery.DiscoveryClient    : Disable delta property : false
2025-12-18T00:20:42.090+05:30  INFO 12284 --- [customer-status-service] [DiscoveryClient-CacheRefreshExecutor-%d] com.netflix.discovery.DiscoveryClient    : Single vip registry refresh property : null
2025-12-18T00:20:42.090+05:30  INFO 12284 --- [customer-status-service] [DiscoveryClient-CacheRefreshExecutor-%d] com.netflix.discovery.DiscoveryClient    : Force full registry fetch : false
2025-12-18T00:20:42.090+05:30  INFO 12284 --- [customer-status-service] [DiscoveryClient-CacheRefreshExecutor-%d] com.netflix.discovery.DiscoveryClient    : Application is null : false
2025-12-18T00:20:42.090+05:30  INFO 12284 --- [customer-status-service] [DiscoveryClient-CacheRefreshExecutor-%d] com.netflix.discovery.DiscoveryClient    : Registered Applications size is zero : true
2025-12-18T00:20:42.090+05:30  INFO 12284 --- [customer-status-service] [DiscoveryClient-CacheRefreshExecutor-%d] com.netflix.discovery.DiscoveryClient    : Application version is -1: true
2025-12-18T00:20:42.090+05:30  INFO 12284 --- [customer-status-service] [DiscoveryClient-CacheRefreshExecutor-%d] com.netflix.discovery.DiscoveryClient    : Getting all instance registry info from the eureka server
2025-12-18T00:20:42.096+05:30 DEBUG 12284 --- [customer-status-service] [DiscoveryClient-CacheRefreshExecutor-%d] o.s.web.client.RestTemplate              : HTTP GET http://localhost:8761/apps/
2025-12-18T00:20:42.104+05:30 DEBUG 12284 --- [customer-status-service] [DiscoveryClient-CacheRefreshExecutor-%d] o.s.web.client.RestTemplate              : Accept=[application/json, application/*+json]
2025-12-18T00:20:42.116+05:30 DEBUG 12284 --- [customer-status-service] [DiscoveryClient-CacheRefreshExecutor-%d] o.s.web.client.RestTemplate              : Response 404 NOT_FOUND
2025-12-18T00:20:42.117+05:30  WARN 12284 --- [customer-status-service] [DiscoveryClient-CacheRefreshExecutor-%d] c.n.d.s.t.d.RetryableEurekaHttpClient    : Request execution failure with status code 404; retrying on another server if available
2025-12-18T00:20:42.117+05:30  INFO 12284 --- [customer-status-service] [DiscoveryClient-CacheRefreshExecutor-%d] com.netflix.discovery.DiscoveryClient    : DiscoveryClient_CUSTOMER-STATUS-SERVICE/host.docker.internal:customer-status-service:8090 - was unable to refresh its cache! This periodic background refresh will be retried in 30 seconds. status = Cannot execute request on any known server stacktrace = com.netflix.discovery.shared.transport.TransportException: Cannot execute request on any known server
	at com.netflix.discovery.shared.transport.decorator.RetryableEurekaHttpClient.execute(RetryableEurekaHttpClient.java:112)
	at com.netflix.discovery.shared.transport.decorator.EurekaHttpClientDecorator.getApplications(EurekaHttpClientDecorator.java:134)
	at com.netflix.discovery.shared.transport.decorator.EurekaHttpClientDecorator$6.execute(EurekaHttpClientDecorator.java:137)
	at com.netflix.discovery.shared.transport.decorator.SessionedEurekaHttpClient.execute(SessionedEurekaHttpClient.java:76)
	at com.netflix.discovery.shared.transport.decorator.EurekaHttpClientDecorator.getApplications(EurekaHttpClientDecorator.java:134)
	at com.netflix.discovery.DiscoveryClient.getAndStoreFullRegistry(DiscoveryClient.java:1046)
	at com.netflix.discovery.DiscoveryClient.fetchRegistry(DiscoveryClient.java:961)
	at com.netflix.discovery.DiscoveryClient.refreshRegistry(DiscoveryClient.java:1473)
	at com.netflix.discovery.DiscoveryClient$CacheRefreshThread.run(DiscoveryClient.java:1441)
	at java.base/java.util.concurrent.Executors$RunnableAdapter.call(Executors.java:572)
	at java.base/java.util.concurrent.FutureTask.run(FutureTask.java:317)
	at java.base/java.util.concurrent.ThreadPoolExecutor.runWorker(ThreadPoolExecutor.java:1144)
	at java.base/java.util.concurrent.ThreadPoolExecutor$Worker.run(ThreadPoolExecutor.java:642)
	at java.base/java.lang.Thread.run(Thread.java:1583)

2025-12-18T00:21:12.024+05:30  INFO 12284 --- [customer-status-service] [DiscoveryClient-InstanceInfoReplicator-%d] com.netflix.discovery.DiscoveryClient    : DiscoveryClient_CUSTOMER-STATUS-SERVICE/host.docker.internal:customer-status-service:8090: registering service...
2025-12-18T00:21:12.027+05:30 DEBUG 12284 --- [customer-status-service] [DiscoveryClient-InstanceInfoReplicator-%d] o.s.web.client.RestTemplate              : HTTP POST http://localhost:8761/apps/CUSTOMER-STATUS-SERVICE
2025-12-18T00:21:12.028+05:30 DEBUG 12284 --- [customer-status-service] [DiscoveryClient-InstanceInfoReplicator-%d] o.s.web.client.RestTemplate              : Accept=[application/json, application/*+json]
2025-12-18T00:21:12.028+05:30 DEBUG 12284 --- [customer-status-service] [DiscoveryClient-InstanceInfoReplicator-%d] o.s.web.client.RestTemplate              : Writing [InstanceInfo [instanceId = host.docker.internal:customer-status-service:8090, appName = CUSTOMER-STATUS-SERVICE, hostName = host.docker.internal, status = UP, ipAddr = 192.168.1.4, port = 8090, securePort = 443, dataCenterInfo = com.netflix.appinfo.MyDataCenterInfo@56b66cc6] as "application/json"
2025-12-18T00:21:12.042+05:30 DEBUG 12284 --- [customer-status-service] [DiscoveryClient-HeartbeatExecutor-%d] o.s.web.client.RestTemplate              : HTTP PUT http://localhost:8761/apps/CUSTOMER-STATUS-SERVICE/host.docker.internal:customer-status-service:8090?status=UP&lastDirtyTimestamp=1765997442019
2025-12-18T00:21:12.043+05:30 DEBUG 12284 --- [customer-status-service] [DiscoveryClient-HeartbeatExecutor-%d] o.s.web.client.RestTemplate              : Accept=[application/json, application/*+json]
2025-12-18T00:21:12.050+05:30 DEBUG 12284 --- [customer-status-service] [DiscoveryClient-InstanceInfoReplicator-%d] o.s.web.client.RestTemplate              : Response 404 NOT_FOUND
2025-12-18T00:21:12.051+05:30  INFO 12284 --- [customer-status-service] [DiscoveryClient-InstanceInfoReplicator-%d] com.netflix.discovery.DiscoveryClient    : DiscoveryClient_CUSTOMER-STATUS-SERVICE/host.docker.internal:customer-status-service:8090 - registration status: 404
2025-12-18T00:21:12.060+05:30 DEBUG 12284 --- [customer-status-service] [DiscoveryClient-HeartbeatExecutor-%d] o.s.web.client.RestTemplate              : Response 404 NOT_FOUND
2025-12-18T00:21:12.060+05:30  INFO 12284 --- [customer-status-service] [DiscoveryClient-HeartbeatExecutor-%d] com.netflix.discovery.DiscoveryClient    : DiscoveryClient_CUSTOMER-STATUS-SERVICE/host.docker.internal:customer-status-service:8090 - Re-registering apps/CUSTOMER-STATUS-SERVICE
2025-12-18T00:21:12.060+05:30  INFO 12284 --- [customer-status-service] [DiscoveryClient-HeartbeatExecutor-%d] com.netflix.discovery.DiscoveryClient    : DiscoveryClient_CUSTOMER-STATUS-SERVICE/host.docker.internal:customer-status-service:8090: registering service...
2025-12-18T00:21:12.061+05:30 DEBUG 12284 --- [customer-status-service] [DiscoveryClient-HeartbeatExecutor-%d] o.s.web.client.RestTemplate              : HTTP POST http://localhost:8761/apps/CUSTOMER-STATUS-SERVICE
2025-12-18T00:21:12.061+05:30 DEBUG 12284 --- [customer-status-service] [DiscoveryClient-HeartbeatExecutor-%d] o.s.web.client.RestTemplate              : Accept=[application/json, application/*+json]
2025-12-18T00:21:12.061+05:30 DEBUG 12284 --- [customer-status-service] [DiscoveryClient-HeartbeatExecutor-%d] o.s.web.client.RestTemplate              : Writing [InstanceInfo [instanceId = host.docker.internal:customer-status-service:8090, appName = CUSTOMER-STATUS-SERVICE, hostName = host.docker.internal, status = UP, ipAddr = 192.168.1.4, port = 8090, securePort = 443, dataCenterInfo = com.netflix.appinfo.MyDataCenterInfo@56b66cc6] as "application/json"
2025-12-18T00:21:12.066+05:30 DEBUG 12284 --- [customer-status-service] [DiscoveryClient-HeartbeatExecutor-%d] o.s.web.client.RestTemplate              : Response 404 NOT_FOUND
2025-12-18T00:21:12.067+05:30  INFO 12284 --- [customer-status-service] [DiscoveryClient-HeartbeatExecutor-%d] com.netflix.discovery.DiscoveryClient    : DiscoveryClient_CUSTOMER-STATUS-SERVICE/host.docker.internal:customer-status-service:8090 - registration status: 404
2025-12-18T00:21:12.130+05:30  INFO 12284 --- [customer-status-service] [DiscoveryClient-CacheRefreshExecutor-%d] com.netflix.discovery.DiscoveryClient    : Disable delta property : false
2025-12-18T00:21:12.131+05:30  INFO 12284 --- [customer-status-service] [DiscoveryClient-CacheRefreshExecutor-%d] com.netflix.discovery.DiscoveryClient    : Single vip registry refresh property : null
2025-12-18T00:21:12.131+05:30  INFO 12284 --- [customer-status-service] [DiscoveryClient-CacheRefreshExecutor-%d] com.netflix.discovery.DiscoveryClient    : Force full registry fetch : false
2025-12-18T00:21:12.131+05:30  INFO 12284 --- [customer-status-service] [DiscoveryClient-CacheRefreshExecutor-%d] com.netflix.discovery.DiscoveryClient    : Application is null : false
2025-12-18T00:21:12.131+05:30  INFO 12284 --- [customer-status-service] [DiscoveryClient-CacheRefreshExecutor-%d] com.netflix.discovery.DiscoveryClient    : Registered Applications size is zero : true
2025-12-18T00:21:12.131+05:30  INFO 12284 --- [customer-status-service] [DiscoveryClient-CacheRefreshExecutor-%d] com.netflix.discovery.DiscoveryClient    : Application version is -1: true
2025-12-18T00:21:12.131+05:30  INFO 12284 --- [customer-status-service] [DiscoveryClient-CacheRefreshExecutor-%d] com.netflix.discovery.DiscoveryClient    : Getting all instance registry info from the eureka server
2025-12-18T00:21:12.141+05:30 DEBUG 12284 --- [customer-status-service] [DiscoveryClient-CacheRefreshExecutor-%d] o.s.web.client.RestTemplate              : HTTP GET http://localhost:8761/apps/
2025-12-18T00:21:12.155+05:30 DEBUG 12284 --- [customer-status-service] [DiscoveryClient-CacheRefreshExecutor-%d] o.s.web.client.RestTemplate              : Accept=[application/json, application/*+json]
2025-12-18T00:21:12.169+05:30 DEBUG 12284 --- [customer-status-service] [DiscoveryClient-CacheRefreshExecutor-%d] o.s.web.client.RestTemplate              : Response 404 NOT_FOUND
2025-12-18T00:21:12.169+05:30  WARN 12284 --- [customer-status-service] [DiscoveryClient-CacheRefreshExecutor-%d] c.n.d.s.t.d.RetryableEurekaHttpClient    : Request execution failure with status code 404; retrying on another server if available
2025-12-18T00:21:12.170+05:30  INFO 12284 --- [customer-status-service] [DiscoveryClient-CacheRefreshExecutor-%d] com.netflix.discovery.DiscoveryClient    : DiscoveryClient_CUSTOMER-STATUS-SERVICE/host.docker.internal:customer-status-service:8090 - was unable to refresh its cache! This periodic background refresh will be retried in 30 seconds. status = Cannot execute request on any known server stacktrace = com.netflix.discovery.shared.transport.TransportException: Cannot execute request on any known server
	at com.netflix.discovery.shared.transport.decorator.RetryableEurekaHttpClient.execute(RetryableEurekaHttpClient.java:112)
	at com.netflix.discovery.shared.transport.decorator.EurekaHttpClientDecorator.getApplications(EurekaHttpClientDecorator.java:134)
	at com.netflix.discovery.shared.transport.decorator.EurekaHttpClientDecorator$6.execute(EurekaHttpClientDecorator.java:137)
	at com.netflix.discovery.shared.transport.decorator.SessionedEurekaHttpClient.execute(SessionedEurekaHttpClient.java:76)
	at com.netflix.discovery.shared.transport.decorator.EurekaHttpClientDecorator.getApplications(EurekaHttpClientDecorator.java:134)
	at com.netflix.discovery.DiscoveryClient.getAndStoreFullRegistry(DiscoveryClient.java:1046)
	at com.netflix.discovery.DiscoveryClient.fetchRegistry(DiscoveryClient.java:961)
	at com.netflix.discovery.DiscoveryClient.refreshRegistry(DiscoveryClient.java:1473)
	at com.netflix.discovery.DiscoveryClient$CacheRefreshThread.run(DiscoveryClient.java:1441)
	at java.base/java.util.concurrent.Executors$RunnableAdapter.call(Executors.java:572)
	at java.base/java.util.concurrent.FutureTask.run(FutureTask.java:317)
	at java.base/java.util.concurrent.ThreadPoolExecutor.runWorker(ThreadPoolExecutor.java:1144)
	at java.base/java.util.concurrent.ThreadPoolExecutor$Worker.run(ThreadPoolExecutor.java:642)
	at java.base/java.lang.Thread.run(Thread.java:1583)

2025-12-18T00:21:42.059+05:30  INFO 12284 --- [customer-status-service] [DiscoveryClient-InstanceInfoReplicator-%d] com.netflix.discovery.DiscoveryClient    : DiscoveryClient_CUSTOMER-STATUS-SERVICE/host.docker.internal:customer-status-service:8090: registering service...
2025-12-18T00:21:42.061+05:30 DEBUG 12284 --- [customer-status-service] [DiscoveryClient-InstanceInfoReplicator-%d] o.s.web.client.RestTemplate              : HTTP POST http://localhost:8761/apps/CUSTOMER-STATUS-SERVICE
2025-12-18T00:21:42.061+05:30 DEBUG 12284 --- [customer-status-service] [DiscoveryClient-InstanceInfoReplicator-%d] o.s.web.client.RestTemplate              : Accept=[application/json, application/*+json]
2025-12-18T00:21:42.061+05:30 DEBUG 12284 --- [customer-status-service] [DiscoveryClient-InstanceInfoReplicator-%d] o.s.web.client.RestTemplate              : Writing [InstanceInfo [instanceId = host.docker.internal:customer-status-service:8090, appName = CUSTOMER-STATUS-SERVICE, hostName = host.docker.internal, status = UP, ipAddr = 192.168.1.4, port = 8090, securePort = 443, dataCenterInfo = com.netflix.appinfo.MyDataCenterInfo@56b66cc6] as "application/json"
2025-12-18T00:21:42.067+05:30 DEBUG 12284 --- [customer-status-service] [DiscoveryClient-HeartbeatExecutor-%d] o.s.web.client.RestTemplate              : HTTP PUT http://localhost:8761/apps/CUSTOMER-STATUS-SERVICE/host.docker.internal:customer-status-service:8090?status=UP&lastDirtyTimestamp=1765997472060
2025-12-18T00:21:42.069+05:30 DEBUG 12284 --- [customer-status-service] [DiscoveryClient-HeartbeatExecutor-%d] o.s.web.client.RestTemplate              : Accept=[application/json, application/*+json]
2025-12-18T00:21:42.079+05:30 DEBUG 12284 --- [customer-status-service] [DiscoveryClient-InstanceInfoReplicator-%d] o.s.web.client.RestTemplate              : Response 404 NOT_FOUND
2025-12-18T00:21:42.079+05:30  INFO 12284 --- [customer-status-service] [DiscoveryClient-InstanceInfoReplicator-%d] com.netflix.discovery.DiscoveryClient    : DiscoveryClient_CUSTOMER-STATUS-SERVICE/host.docker.internal:customer-status-service:8090 - registration status: 404
2025-12-18T00:21:42.084+05:30 DEBUG 12284 --- [customer-status-service] [DiscoveryClient-HeartbeatExecutor-%d] o.s.web.client.RestTemplate              : Response 404 NOT_FOUND
2025-12-18T00:21:42.084+05:30  INFO 12284 --- [customer-status-service] [DiscoveryClient-HeartbeatExecutor-%d] com.netflix.discovery.DiscoveryClient    : DiscoveryClient_CUSTOMER-STATUS-SERVICE/host.docker.internal:customer-status-service:8090 - Re-registering apps/CUSTOMER-STATUS-SERVICE
2025-12-18T00:21:42.084+05:30  INFO 12284 --- [customer-status-service] [DiscoveryClient-HeartbeatExecutor-%d] com.netflix.discovery.DiscoveryClient    : DiscoveryClient_CUSTOMER-STATUS-SERVICE/host.docker.internal:customer-status-service:8090: registering service...
2025-12-18T00:21:42.092+05:30 DEBUG 12284 --- [customer-status-service] [DiscoveryClient-HeartbeatExecutor-%d] o.s.web.client.RestTemplate              : HTTP POST http://localhost:8761/apps/CUSTOMER-STATUS-SERVICE
2025-12-18T00:21:42.092+05:30 DEBUG 12284 --- [customer-status-service] [DiscoveryClient-HeartbeatExecutor-%d] o.s.web.client.RestTemplate              : Accept=[application/json, application/*+json]
2025-12-18T00:21:42.092+05:30 DEBUG 12284 --- [customer-status-service] [DiscoveryClient-HeartbeatExecutor-%d] o.s.web.client.RestTemplate              : Writing [InstanceInfo [instanceId = host.docker.internal:customer-status-service:8090, appName = CUSTOMER-STATUS-SERVICE, hostName = host.docker.internal, status = UP, ipAddr = 192.168.1.4, port = 8090, securePort = 443, dataCenterInfo = com.netflix.appinfo.MyDataCenterInfo@56b66cc6] as "application/json"
2025-12-18T00:21:42.099+05:30 DEBUG 12284 --- [customer-status-service] [DiscoveryClient-HeartbeatExecutor-%d] o.s.web.client.RestTemplate              : Response 404 NOT_FOUND
2025-12-18T00:21:42.099+05:30  INFO 12284 --- [customer-status-service] [DiscoveryClient-HeartbeatExecutor-%d] com.netflix.discovery.DiscoveryClient    : DiscoveryClient_CUSTOMER-STATUS-SERVICE/host.docker.internal:customer-status-service:8090 - registration status: 404
2025-12-18T00:21:42.180+05:30  INFO 12284 --- [customer-status-service] [DiscoveryClient-CacheRefreshExecutor-%d] com.netflix.discovery.DiscoveryClient    : Disable delta property : false
2025-12-18T00:21:42.180+05:30  INFO 12284 --- [customer-status-service] [DiscoveryClient-CacheRefreshExecutor-%d] com.netflix.discovery.DiscoveryClient    : Single vip registry refresh property : null
2025-12-18T00:21:42.180+05:30  INFO 12284 --- [customer-status-service] [DiscoveryClient-CacheRefreshExecutor-%d] com.netflix.discovery.DiscoveryClient    : Force full registry fetch : false
2025-12-18T00:21:42.180+05:30  INFO 12284 --- [customer-status-service] [DiscoveryClient-CacheRefreshExecutor-%d] com.netflix.discovery.DiscoveryClient    : Application is null : false
2025-12-18T00:21:42.180+05:30  INFO 12284 --- [customer-status-service] [DiscoveryClient-CacheRefreshExecutor-%d] com.netflix.discovery.DiscoveryClient    : Registered Applications size is zero : true
2025-12-18T00:21:42.180+05:30  INFO 12284 --- [customer-status-service] [DiscoveryClient-CacheRefreshExecutor-%d] com.netflix.discovery.DiscoveryClient    : Application version is -1: true
2025-12-18T00:21:42.180+05:30  INFO 12284 --- [customer-status-service] [DiscoveryClient-CacheRefreshExecutor-%d] com.netflix.discovery.DiscoveryClient    : Getting all instance registry info from the eureka server
2025-12-18T00:21:42.180+05:30 DEBUG 12284 --- [customer-status-service] [DiscoveryClient-CacheRefreshExecutor-%d] o.s.web.client.RestTemplate              : HTTP GET http://localhost:8761/apps/
2025-12-18T00:21:42.191+05:30 DEBUG 12284 --- [customer-status-service] [DiscoveryClient-CacheRefreshExecutor-%d] o.s.web.client.RestTemplate              : Accept=[application/json, application/*+json]
2025-12-18T00:21:42.209+05:30 DEBUG 12284 --- [customer-status-service] [DiscoveryClient-CacheRefreshExecutor-%d] o.s.web.client.RestTemplate              : Response 404 NOT_FOUND
2025-12-18T00:21:42.211+05:30  WARN 12284 --- [customer-status-service] [DiscoveryClient-CacheRefreshExecutor-%d] c.n.d.s.t.d.RetryableEurekaHttpClient    : Request execution failure with status code 404; retrying on another server if available
2025-12-18T00:21:42.211+05:30  INFO 12284 --- [customer-status-service] [DiscoveryClient-CacheRefreshExecutor-%d] com.netflix.discovery.DiscoveryClient    : DiscoveryClient_CUSTOMER-STATUS-SERVICE/host.docker.internal:customer-status-service:8090 - was unable to refresh its cache! This periodic background refresh will be retried in 30 seconds. status = Cannot execute request on any known server stacktrace = com.netflix.discovery.shared.transport.TransportException: Cannot execute request on any known server
	at com.netflix.discovery.shared.transport.decorator.RetryableEurekaHttpClient.execute(RetryableEurekaHttpClient.java:112)
	at com.netflix.discovery.shared.transport.decorator.EurekaHttpClientDecorator.getApplications(EurekaHttpClientDecorator.java:134)
	at com.netflix.discovery.shared.transport.decorator.EurekaHttpClientDecorator$6.execute(EurekaHttpClientDecorator.java:137)
	at com.netflix.discovery.shared.transport.decorator.SessionedEurekaHttpClient.execute(SessionedEurekaHttpClient.java:76)
	at com.netflix.discovery.shared.transport.decorator.EurekaHttpClientDecorator.getApplications(EurekaHttpClientDecorator.java:134)
	at com.netflix.discovery.DiscoveryClient.getAndStoreFullRegistry(DiscoveryClient.java:1046)
	at com.netflix.discovery.DiscoveryClient.fetchRegistry(DiscoveryClient.java:961)
	at com.netflix.discovery.DiscoveryClient.refreshRegistry(DiscoveryClient.java:1473)
	at com.netflix.discovery.DiscoveryClient$CacheRefreshThread.run(DiscoveryClient.java:1441)
	at java.base/java.util.concurrent.Executors$RunnableAdapter.call(Executors.java:572)
	at java.base/java.util.concurrent.FutureTask.run(FutureTask.java:317)
	at java.base/java.util.concurrent.ThreadPoolExecutor.runWorker(ThreadPoolExecutor.java:1144)
	at java.base/java.util.concurrent.ThreadPoolExecutor$Worker.run(ThreadPoolExecutor.java:642)
	at java.base/java.lang.Thread.run(Thread.java:1583)

2025-12-18T00:22:12.082+05:30  INFO 12284 --- [customer-status-service] [DiscoveryClient-InstanceInfoReplicator-%d] com.netflix.discovery.DiscoveryClient    : DiscoveryClient_CUSTOMER-STATUS-SERVICE/host.docker.internal:customer-status-service:8090: registering service...
2025-12-18T00:22:12.082+05:30 DEBUG 12284 --- [customer-status-service] [DiscoveryClient-InstanceInfoReplicator-%d] o.s.web.client.RestTemplate              : HTTP POST http://localhost:8761/apps/CUSTOMER-STATUS-SERVICE
2025-12-18T00:22:12.084+05:30 DEBUG 12284 --- [customer-status-service] [DiscoveryClient-InstanceInfoReplicator-%d] o.s.web.client.RestTemplate              : Accept=[application/json, application/*+json]
2025-12-18T00:22:12.084+05:30 DEBUG 12284 --- [customer-status-service] [DiscoveryClient-InstanceInfoReplicator-%d] o.s.web.client.RestTemplate              : Writing [InstanceInfo [instanceId = host.docker.internal:customer-status-service:8090, appName = CUSTOMER-STATUS-SERVICE, hostName = host.docker.internal, status = UP, ipAddr = 192.168.1.4, port = 8090, securePort = 443, dataCenterInfo = com.netflix.appinfo.MyDataCenterInfo@56b66cc6] as "application/json"
2025-12-18T00:22:12.105+05:30 DEBUG 12284 --- [customer-status-service] [DiscoveryClient-InstanceInfoReplicator-%d] o.s.web.client.RestTemplate              : Response 404 NOT_FOUND
2025-12-18T00:22:12.105+05:30  INFO 12284 --- [customer-status-service] [DiscoveryClient-InstanceInfoReplicator-%d] com.netflix.discovery.DiscoveryClient    : DiscoveryClient_CUSTOMER-STATUS-SERVICE/host.docker.internal:customer-status-service:8090 - registration status: 404
2025-12-18T00:22:12.115+05:30 DEBUG 12284 --- [customer-status-service] [DiscoveryClient-HeartbeatExecutor-%d] o.s.web.client.RestTemplate              : HTTP PUT http://localhost:8761/apps/CUSTOMER-STATUS-SERVICE/host.docker.internal:customer-status-service:8090?status=UP&lastDirtyTimestamp=1765997502084
2025-12-18T00:22:12.115+05:30 DEBUG 12284 --- [customer-status-service] [DiscoveryClient-HeartbeatExecutor-%d] o.s.web.client.RestTemplate              : Accept=[application/json, application/*+json]
2025-12-18T00:22:12.121+05:30 DEBUG 12284 --- [customer-status-service] [DiscoveryClient-HeartbeatExecutor-%d] o.s.web.client.RestTemplate              : Response 404 NOT_FOUND
2025-12-18T00:22:12.122+05:30  INFO 12284 --- [customer-status-service] [DiscoveryClient-HeartbeatExecutor-%d] com.netflix.discovery.DiscoveryClient    : DiscoveryClient_CUSTOMER-STATUS-SERVICE/host.docker.internal:customer-status-service:8090 - Re-registering apps/CUSTOMER-STATUS-SERVICE
2025-12-18T00:22:12.122+05:30  INFO 12284 --- [customer-status-service] [DiscoveryClient-HeartbeatExecutor-%d] com.netflix.discovery.DiscoveryClient    : DiscoveryClient_CUSTOMER-STATUS-SERVICE/host.docker.internal:customer-status-service:8090: registering service...
2025-12-18T00:22:12.122+05:30 DEBUG 12284 --- [customer-status-service] [DiscoveryClient-HeartbeatExecutor-%d] o.s.web.client.RestTemplate              : HTTP POST http://localhost:8761/apps/CUSTOMER-STATUS-SERVICE
2025-12-18T00:22:12.123+05:30 DEBUG 12284 --- [customer-status-service] [DiscoveryClient-HeartbeatExecutor-%d] o.s.web.client.RestTemplate              : Accept=[application/json, application/*+json]
2025-12-18T00:22:12.123+05:30 DEBUG 12284 --- [customer-status-service] [DiscoveryClient-HeartbeatExecutor-%d] o.s.web.client.RestTemplate              : Writing [InstanceInfo [instanceId = host.docker.internal:customer-status-service:8090, appName = CUSTOMER-STATUS-SERVICE, hostName = host.docker.internal, status = UP, ipAddr = 192.168.1.4, port = 8090, securePort = 443, dataCenterInfo = com.netflix.appinfo.MyDataCenterInfo@56b66cc6] as "application/json"
2025-12-18T00:22:12.131+05:30 DEBUG 12284 --- [customer-status-service] [DiscoveryClient-HeartbeatExecutor-%d] o.s.web.client.RestTemplate              : Response 404 NOT_FOUND
2025-12-18T00:22:12.132+05:30  INFO 12284 --- [customer-status-service] [DiscoveryClient-HeartbeatExecutor-%d] com.netflix.discovery.DiscoveryClient    : DiscoveryClient_CUSTOMER-STATUS-SERVICE/host.docker.internal:customer-status-service:8090 - registration status: 404
2025-12-18T00:22:12.225+05:30  INFO 12284 --- [customer-status-service] [DiscoveryClient-CacheRefreshExecutor-%d] com.netflix.discovery.DiscoveryClient    : Disable delta property : false
2025-12-18T00:22:12.225+05:30  INFO 12284 --- [customer-status-service] [DiscoveryClient-CacheRefreshExecutor-%d] com.netflix.discovery.DiscoveryClient    : Single vip registry refresh property : null
2025-12-18T00:22:12.225+05:30  INFO 12284 --- [customer-status-service] [DiscoveryClient-CacheRefreshExecutor-%d] com.netflix.discovery.DiscoveryClient    : Force full registry fetch : false
2025-12-18T00:22:12.225+05:30  INFO 12284 --- [customer-status-service] [DiscoveryClient-CacheRefreshExecutor-%d] com.netflix.discovery.DiscoveryClient    : Application is null : false
2025-12-18T00:22:12.225+05:30  INFO 12284 --- [customer-status-service] [DiscoveryClient-CacheRefreshExecutor-%d] com.netflix.discovery.DiscoveryClient    : Registered Applications size is zero : true
2025-12-18T00:22:12.225+05:30  INFO 12284 --- [customer-status-service] [DiscoveryClient-CacheRefreshExecutor-%d] com.netflix.discovery.DiscoveryClient    : Application version is -1: true
2025-12-18T00:22:12.225+05:30  INFO 12284 --- [customer-status-service] [DiscoveryClient-CacheRefreshExecutor-%d] com.netflix.discovery.DiscoveryClient    : Getting all instance registry info from the eureka server
2025-12-18T00:22:12.233+05:30 DEBUG 12284 --- [customer-status-service] [DiscoveryClient-CacheRefreshExecutor-%d] o.s.web.client.RestTemplate              : HTTP GET http://localhost:8761/apps/
2025-12-18T00:22:12.238+05:30 DEBUG 12284 --- [customer-status-service] [DiscoveryClient-CacheRefreshExecutor-%d] o.s.web.client.RestTemplate              : Accept=[application/json, application/*+json]
2025-12-18T00:22:12.248+05:30 DEBUG 12284 --- [customer-status-service] [DiscoveryClient-CacheRefreshExecutor-%d] o.s.web.client.RestTemplate              : Response 404 NOT_FOUND
2025-12-18T00:22:12.249+05:30  WARN 12284 --- [customer-status-service] [DiscoveryClient-CacheRefreshExecutor-%d] c.n.d.s.t.d.RetryableEurekaHttpClient    : Request execution failure with status code 404; retrying on another server if available
2025-12-18T00:22:12.249+05:30  INFO 12284 --- [customer-status-service] [DiscoveryClient-CacheRefreshExecutor-%d] com.netflix.discovery.DiscoveryClient    : DiscoveryClient_CUSTOMER-STATUS-SERVICE/host.docker.internal:customer-status-service:8090 - was unable to refresh its cache! This periodic background refresh will be retried in 30 seconds. status = Cannot execute request on any known server stacktrace = com.netflix.discovery.shared.transport.TransportException: Cannot execute request on any known server
	at com.netflix.discovery.shared.transport.decorator.RetryableEurekaHttpClient.execute(RetryableEurekaHttpClient.java:112)
	at com.netflix.discovery.shared.transport.decorator.EurekaHttpClientDecorator.getApplications(EurekaHttpClientDecorator.java:134)
	at com.netflix.discovery.shared.transport.decorator.EurekaHttpClientDecorator$6.execute(EurekaHttpClientDecorator.java:137)
	at com.netflix.discovery.shared.transport.decorator.SessionedEurekaHttpClient.execute(SessionedEurekaHttpClient.java:76)
	at com.netflix.discovery.shared.transport.decorator.EurekaHttpClientDecorator.getApplications(EurekaHttpClientDecorator.java:134)
	at com.netflix.discovery.DiscoveryClient.getAndStoreFullRegistry(DiscoveryClient.java:1046)
	at com.netflix.discovery.DiscoveryClient.fetchRegistry(DiscoveryClient.java:961)
	at com.netflix.discovery.DiscoveryClient.refreshRegistry(DiscoveryClient.java:1473)
	at com.netflix.discovery.DiscoveryClient$CacheRefreshThread.run(DiscoveryClient.java:1441)
	at java.base/java.util.concurrent.Executors$RunnableAdapter.call(Executors.java:572)
	at java.base/java.util.concurrent.FutureTask.run(FutureTask.java:317)
	at java.base/java.util.concurrent.ThreadPoolExecutor.runWorker(ThreadPoolExecutor.java:1144)
	at java.base/java.util.concurrent.ThreadPoolExecutor$Worker.run(ThreadPoolExecutor.java:642)
	at java.base/java.lang.Thread.run(Thread.java:1583)

2025-12-18T00:22:42.120+05:30  INFO 12284 --- [customer-status-service] [DiscoveryClient-InstanceInfoReplicator-%d] com.netflix.discovery.DiscoveryClient    : DiscoveryClient_CUSTOMER-STATUS-SERVICE/host.docker.internal:customer-status-service:8090: registering service...
2025-12-18T00:22:42.120+05:30 DEBUG 12284 --- [customer-status-service] [DiscoveryClient-InstanceInfoReplicator-%d] o.s.web.client.RestTemplate              : HTTP POST http://localhost:8761/apps/CUSTOMER-STATUS-SERVICE
2025-12-18T00:22:42.120+05:30 DEBUG 12284 --- [customer-status-service] [DiscoveryClient-InstanceInfoReplicator-%d] o.s.web.client.RestTemplate              : Accept=[application/json, application/*+json]
2025-12-18T00:22:42.120+05:30 DEBUG 12284 --- [customer-status-service] [DiscoveryClient-InstanceInfoReplicator-%d] o.s.web.client.RestTemplate              : Writing [InstanceInfo [instanceId = host.docker.internal:customer-status-service:8090, appName = CUSTOMER-STATUS-SERVICE, hostName = host.docker.internal, status = UP, ipAddr = 192.168.1.4, port = 8090, securePort = 443, dataCenterInfo = com.netflix.appinfo.MyDataCenterInfo@56b66cc6] as "application/json"
2025-12-18T00:22:42.137+05:30 DEBUG 12284 --- [customer-status-service] [DiscoveryClient-HeartbeatExecutor-%d] o.s.web.client.RestTemplate              : HTTP PUT http://localhost:8761/apps/CUSTOMER-STATUS-SERVICE/host.docker.internal:customer-status-service:8090?status=UP&lastDirtyTimestamp=1765997532122
2025-12-18T00:22:42.137+05:30 DEBUG 12284 --- [customer-status-service] [DiscoveryClient-HeartbeatExecutor-%d] o.s.web.client.RestTemplate              : Accept=[application/json, application/*+json]
2025-12-18T00:22:42.145+05:30 DEBUG 12284 --- [customer-status-service] [DiscoveryClient-HeartbeatExecutor-%d] o.s.web.client.RestTemplate              : Response 404 NOT_FOUND
2025-12-18T00:22:42.145+05:30  INFO 12284 --- [customer-status-service] [DiscoveryClient-HeartbeatExecutor-%d] com.netflix.discovery.DiscoveryClient    : DiscoveryClient_CUSTOMER-STATUS-SERVICE/host.docker.internal:customer-status-service:8090 - Re-registering apps/CUSTOMER-STATUS-SERVICE
2025-12-18T00:22:42.145+05:30  INFO 12284 --- [customer-status-service] [DiscoveryClient-HeartbeatExecutor-%d] com.netflix.discovery.DiscoveryClient    : DiscoveryClient_CUSTOMER-STATUS-SERVICE/host.docker.internal:customer-status-service:8090: registering service...
2025-12-18T00:22:42.145+05:30 DEBUG 12284 --- [customer-status-service] [DiscoveryClient-InstanceInfoReplicator-%d] o.s.web.client.RestTemplate              : Response 404 NOT_FOUND
2025-12-18T00:22:42.145+05:30 DEBUG 12284 --- [customer-status-service] [DiscoveryClient-HeartbeatExecutor-%d] o.s.web.client.RestTemplate              : HTTP POST http://localhost:8761/apps/CUSTOMER-STATUS-SERVICE
2025-12-18T00:22:42.149+05:30 DEBUG 12284 --- [customer-status-service] [DiscoveryClient-HeartbeatExecutor-%d] o.s.web.client.RestTemplate              : Accept=[application/json, application/*+json]
2025-12-18T00:22:42.149+05:30  INFO 12284 --- [customer-status-service] [DiscoveryClient-InstanceInfoReplicator-%d] com.netflix.discovery.DiscoveryClient    : DiscoveryClient_CUSTOMER-STATUS-SERVICE/host.docker.internal:customer-status-service:8090 - registration status: 404
2025-12-18T00:22:42.149+05:30 DEBUG 12284 --- [customer-status-service] [DiscoveryClient-HeartbeatExecutor-%d] o.s.web.client.RestTemplate              : Writing [InstanceInfo [instanceId = host.docker.internal:customer-status-service:8090, appName = CUSTOMER-STATUS-SERVICE, hostName = host.docker.internal, status = UP, ipAddr = 192.168.1.4, port = 8090, securePort = 443, dataCenterInfo = com.netflix.appinfo.MyDataCenterInfo@56b66cc6] as "application/json"
2025-12-18T00:22:42.163+05:30 DEBUG 12284 --- [customer-status-service] [DiscoveryClient-HeartbeatExecutor-%d] o.s.web.client.RestTemplate              : Response 404 NOT_FOUND
2025-12-18T00:22:42.163+05:30  INFO 12284 --- [customer-status-service] [DiscoveryClient-HeartbeatExecutor-%d] com.netflix.discovery.DiscoveryClient    : DiscoveryClient_CUSTOMER-STATUS-SERVICE/host.docker.internal:customer-status-service:8090 - registration status: 404
2025-12-18T00:22:42.258+05:30  INFO 12284 --- [customer-status-service] [DiscoveryClient-CacheRefreshExecutor-%d] com.netflix.discovery.DiscoveryClient    : Disable delta property : false
2025-12-18T00:22:42.258+05:30  INFO 12284 --- [customer-status-service] [DiscoveryClient-CacheRefreshExecutor-%d] com.netflix.discovery.DiscoveryClient    : Single vip registry refresh property : null
2025-12-18T00:22:42.258+05:30  INFO 12284 --- [customer-status-service] [DiscoveryClient-CacheRefreshExecutor-%d] com.netflix.discovery.DiscoveryClient    : Force full registry fetch : false
2025-12-18T00:22:42.258+05:30  INFO 12284 --- [customer-status-service] [DiscoveryClient-CacheRefreshExecutor-%d] com.netflix.discovery.DiscoveryClient    : Application is null : false
2025-12-18T00:22:42.258+05:30  INFO 12284 --- [customer-status-service] [DiscoveryClient-CacheRefreshExecutor-%d] com.netflix.discovery.DiscoveryClient    : Registered Applications size is zero : true
2025-12-18T00:22:42.258+05:30  INFO 12284 --- [customer-status-service] [DiscoveryClient-CacheRefreshExecutor-%d] com.netflix.discovery.DiscoveryClient    : Application version is -1: true
2025-12-18T00:22:42.258+05:30  INFO 12284 --- [customer-status-service] [DiscoveryClient-CacheRefreshExecutor-%d] com.netflix.discovery.DiscoveryClient    : Getting all instance registry info from the eureka server
2025-12-18T00:22:42.270+05:30 DEBUG 12284 --- [customer-status-service] [DiscoveryClient-CacheRefreshExecutor-%d] o.s.web.client.RestTemplate              : HTTP GET http://localhost:8761/apps/
2025-12-18T00:22:42.281+05:30 DEBUG 12284 --- [customer-status-service] [DiscoveryClient-CacheRefreshExecutor-%d] o.s.web.client.RestTemplate              : Accept=[application/json, application/*+json]
2025-12-18T00:22:42.292+05:30 DEBUG 12284 --- [customer-status-service] [DiscoveryClient-CacheRefreshExecutor-%d] o.s.web.client.RestTemplate              : Response 404 NOT_FOUND
2025-12-18T00:22:42.298+05:30  WARN 12284 --- [customer-status-service] [DiscoveryClient-CacheRefreshExecutor-%d] c.n.d.s.t.d.RetryableEurekaHttpClient    : Request execution failure with status code 404; retrying on another server if available
2025-12-18T00:22:42.298+05:30  INFO 12284 --- [customer-status-service] [DiscoveryClient-CacheRefreshExecutor-%d] com.netflix.discovery.DiscoveryClient    : DiscoveryClient_CUSTOMER-STATUS-SERVICE/host.docker.internal:customer-status-service:8090 - was unable to refresh its cache! This periodic background refresh will be retried in 30 seconds. status = Cannot execute request on any known server stacktrace = com.netflix.discovery.shared.transport.TransportException: Cannot execute request on any known server
	at com.netflix.discovery.shared.transport.decorator.RetryableEurekaHttpClient.execute(RetryableEurekaHttpClient.java:112)
	at com.netflix.discovery.shared.transport.decorator.EurekaHttpClientDecorator.getApplications(EurekaHttpClientDecorator.java:134)
	at com.netflix.discovery.shared.transport.decorator.EurekaHttpClientDecorator$6.execute(EurekaHttpClientDecorator.java:137)
	at com.netflix.discovery.shared.transport.decorator.SessionedEurekaHttpClient.execute(SessionedEurekaHttpClient.java:76)
	at com.netflix.discovery.shared.transport.decorator.EurekaHttpClientDecorator.getApplications(EurekaHttpClientDecorator.java:134)
	at com.netflix.discovery.DiscoveryClient.getAndStoreFullRegistry(DiscoveryClient.java:1046)
	at com.netflix.discovery.DiscoveryClient.fetchRegistry(DiscoveryClient.java:961)
	at com.netflix.discovery.DiscoveryClient.refreshRegistry(DiscoveryClient.java:1473)
	at com.netflix.discovery.DiscoveryClient$CacheRefreshThread.run(DiscoveryClient.java:1441)
	at java.base/java.util.concurrent.Executors$RunnableAdapter.call(Executors.java:572)
	at java.base/java.util.concurrent.FutureTask.run(FutureTask.java:317)
	at java.base/java.util.concurrent.ThreadPoolExecutor.runWorker(ThreadPoolExecutor.java:1144)
	at java.base/java.util.concurrent.ThreadPoolExecutor$Worker.run(ThreadPoolExecutor.java:642)
	at java.base/java.lang.Thread.run(Thread.java:1583)

2025-12-18T00:23:12.151+05:30  INFO 12284 --- [customer-status-service] [DiscoveryClient-InstanceInfoReplicator-%d] com.netflix.discovery.DiscoveryClient    : DiscoveryClient_CUSTOMER-STATUS-SERVICE/host.docker.internal:customer-status-service:8090: registering service...
2025-12-18T00:23:12.161+05:30 DEBUG 12284 --- [customer-status-service] [DiscoveryClient-InstanceInfoReplicator-%d] o.s.web.client.RestTemplate              : HTTP POST http://localhost:8761/apps/CUSTOMER-STATUS-SERVICE
2025-12-18T00:23:12.162+05:30 DEBUG 12284 --- [customer-status-service] [DiscoveryClient-InstanceInfoReplicator-%d] o.s.web.client.RestTemplate              : Accept=[application/json, application/*+json]
2025-12-18T00:23:12.165+05:30 DEBUG 12284 --- [customer-status-service] [DiscoveryClient-InstanceInfoReplicator-%d] o.s.web.client.RestTemplate              : Writing [InstanceInfo [instanceId = host.docker.internal:customer-status-service:8090, appName = CUSTOMER-STATUS-SERVICE, hostName = host.docker.internal, status = UP, ipAddr = 192.168.1.4, port = 8090, securePort = 443, dataCenterInfo = com.netflix.appinfo.MyDataCenterInfo@56b66cc6] as "application/json"
2025-12-18T00:23:12.179+05:30 DEBUG 12284 --- [customer-status-service] [DiscoveryClient-InstanceInfoReplicator-%d] o.s.web.client.RestTemplate              : Response 404 NOT_FOUND
2025-12-18T00:23:12.179+05:30  INFO 12284 --- [customer-status-service] [DiscoveryClient-InstanceInfoReplicator-%d] com.netflix.discovery.DiscoveryClient    : DiscoveryClient_CUSTOMER-STATUS-SERVICE/host.docker.internal:customer-status-service:8090 - registration status: 404
2025-12-18T00:23:12.183+05:30 DEBUG 12284 --- [customer-status-service] [DiscoveryClient-HeartbeatExecutor-%d] o.s.web.client.RestTemplate              : HTTP PUT http://localhost:8761/apps/CUSTOMER-STATUS-SERVICE/host.docker.internal:customer-status-service:8090?status=UP&lastDirtyTimestamp=1765997562145
2025-12-18T00:23:12.187+05:30 DEBUG 12284 --- [customer-status-service] [DiscoveryClient-HeartbeatExecutor-%d] o.s.web.client.RestTemplate              : Accept=[application/json, application/*+json]
2025-12-18T00:23:12.195+05:30 DEBUG 12284 --- [customer-status-service] [DiscoveryClient-HeartbeatExecutor-%d] o.s.web.client.RestTemplate              : Response 404 NOT_FOUND
2025-12-18T00:23:12.195+05:30  INFO 12284 --- [customer-status-service] [DiscoveryClient-HeartbeatExecutor-%d] com.netflix.discovery.DiscoveryClient    : DiscoveryClient_CUSTOMER-STATUS-SERVICE/host.docker.internal:customer-status-service:8090 - Re-registering apps/CUSTOMER-STATUS-SERVICE
2025-12-18T00:23:12.195+05:30  INFO 12284 --- [customer-status-service] [DiscoveryClient-HeartbeatExecutor-%d] com.netflix.discovery.DiscoveryClient    : DiscoveryClient_CUSTOMER-STATUS-SERVICE/host.docker.internal:customer-status-service:8090: registering service...
2025-12-18T00:23:12.196+05:30 DEBUG 12284 --- [customer-status-service] [DiscoveryClient-HeartbeatExecutor-%d] o.s.web.client.RestTemplate              : HTTP POST http://localhost:8761/apps/CUSTOMER-STATUS-SERVICE
2025-12-18T00:23:12.196+05:30 DEBUG 12284 --- [customer-status-service] [DiscoveryClient-HeartbeatExecutor-%d] o.s.web.client.RestTemplate              : Accept=[application/json, application/*+json]
2025-12-18T00:23:12.196+05:30 DEBUG 12284 --- [customer-status-service] [DiscoveryClient-HeartbeatExecutor-%d] o.s.web.client.RestTemplate              : Writing [InstanceInfo [instanceId = host.docker.internal:customer-status-service:8090, appName = CUSTOMER-STATUS-SERVICE, hostName = host.docker.internal, status = UP, ipAddr = 192.168.1.4, port = 8090, securePort = 443, dataCenterInfo = com.netflix.appinfo.MyDataCenterInfo@56b66cc6] as "application/json"
2025-12-18T00:23:12.202+05:30 DEBUG 12284 --- [customer-status-service] [DiscoveryClient-HeartbeatExecutor-%d] o.s.web.client.RestTemplate              : Response 404 NOT_FOUND
2025-12-18T00:23:12.203+05:30  INFO 12284 --- [customer-status-service] [DiscoveryClient-HeartbeatExecutor-%d] com.netflix.discovery.DiscoveryClient    : DiscoveryClient_CUSTOMER-STATUS-SERVICE/host.docker.internal:customer-status-service:8090 - registration status: 404
2025-12-18T00:23:12.311+05:30  INFO 12284 --- [customer-status-service] [DiscoveryClient-CacheRefreshExecutor-%d] com.netflix.discovery.DiscoveryClient    : Disable delta property : false
2025-12-18T00:23:12.311+05:30  INFO 12284 --- [customer-status-service] [DiscoveryClient-CacheRefreshExecutor-%d] com.netflix.discovery.DiscoveryClient    : Single vip registry refresh property : null
2025-12-18T00:23:12.311+05:30  INFO 12284 --- [customer-status-service] [DiscoveryClient-CacheRefreshExecutor-%d] com.netflix.discovery.DiscoveryClient    : Force full registry fetch : false
2025-12-18T00:23:12.311+05:30  INFO 12284 --- [customer-status-service] [DiscoveryClient-CacheRefreshExecutor-%d] com.netflix.discovery.DiscoveryClient    : Application is null : false
2025-12-18T00:23:12.311+05:30  INFO 12284 --- [customer-status-service] [DiscoveryClient-CacheRefreshExecutor-%d] com.netflix.discovery.DiscoveryClient    : Registered Applications size is zero : true
2025-12-18T00:23:12.311+05:30  INFO 12284 --- [customer-status-service] [DiscoveryClient-CacheRefreshExecutor-%d] com.netflix.discovery.DiscoveryClient    : Application version is -1: true
2025-12-18T00:23:12.311+05:30  INFO 12284 --- [customer-status-service] [DiscoveryClient-CacheRefreshExecutor-%d] com.netflix.discovery.DiscoveryClient    : Getting all instance registry info from the eureka server
2025-12-18T00:23:12.320+05:30 DEBUG 12284 --- [customer-status-service] [DiscoveryClient-CacheRefreshExecutor-%d] o.s.web.client.RestTemplate              : HTTP GET http://localhost:8761/apps/
2025-12-18T00:23:12.330+05:30 DEBUG 12284 --- [customer-status-service] [DiscoveryClient-CacheRefreshExecutor-%d] o.s.web.client.RestTemplate              : Accept=[application/json, application/*+json]
2025-12-18T00:23:12.339+05:30 DEBUG 12284 --- [customer-status-service] [DiscoveryClient-CacheRefreshExecutor-%d] o.s.web.client.RestTemplate              : Response 404 NOT_FOUND
2025-12-18T00:23:12.340+05:30  WARN 12284 --- [customer-status-service] [DiscoveryClient-CacheRefreshExecutor-%d] c.n.d.s.t.d.RetryableEurekaHttpClient    : Request execution failure with status code 404; retrying on another server if available
2025-12-18T00:23:12.340+05:30  INFO 12284 --- [customer-status-service] [DiscoveryClient-CacheRefreshExecutor-%d] com.netflix.discovery.DiscoveryClient    : DiscoveryClient_CUSTOMER-STATUS-SERVICE/host.docker.internal:customer-status-service:8090 - was unable to refresh its cache! This periodic background refresh will be retried in 30 seconds. status = Cannot execute request on any known server stacktrace = com.netflix.discovery.shared.transport.TransportException: Cannot execute request on any known server
	at com.netflix.discovery.shared.transport.decorator.RetryableEurekaHttpClient.execute(RetryableEurekaHttpClient.java:112)
	at com.netflix.discovery.shared.transport.decorator.EurekaHttpClientDecorator.getApplications(EurekaHttpClientDecorator.java:134)
	at com.netflix.discovery.shared.transport.decorator.EurekaHttpClientDecorator$6.execute(EurekaHttpClientDecorator.java:137)
	at com.netflix.discovery.shared.transport.decorator.SessionedEurekaHttpClient.execute(SessionedEurekaHttpClient.java:76)
	at com.netflix.discovery.shared.transport.decorator.EurekaHttpClientDecorator.getApplications(EurekaHttpClientDecorator.java:134)
	at com.netflix.discovery.DiscoveryClient.getAndStoreFullRegistry(DiscoveryClient.java:1046)
	at com.netflix.discovery.DiscoveryClient.fetchRegistry(DiscoveryClient.java:961)
	at com.netflix.discovery.DiscoveryClient.refreshRegistry(DiscoveryClient.java:1473)
	at com.netflix.discovery.DiscoveryClient$CacheRefreshThread.run(DiscoveryClient.java:1441)
	at java.base/java.util.concurrent.Executors$RunnableAdapter.call(Executors.java:572)
	at java.base/java.util.concurrent.FutureTask.run(FutureTask.java:317)
	at java.base/java.util.concurrent.ThreadPoolExecutor.runWorker(ThreadPoolExecutor.java:1144)
	at java.base/java.util.concurrent.ThreadPoolExecutor$Worker.run(ThreadPoolExecutor.java:642)
	at java.base/java.lang.Thread.run(Thread.java:1583)

2025-12-18T00:39:30.441+05:30  INFO 27068 --- [customer-status-service] [main] c.e.c.CustomerStatusApiApplication       : Starting CustomerStatusApiApplication using Java 21.0.9 with PID 27068 (C:\Sridhar\Projects\customer-status-full-mysql\target\classes started by sridhar killampalli in C:\Sridhar\Projects\customer-status-full-mysql)
2025-12-18T00:39:30.449+05:30 DEBUG 27068 --- [customer-status-service] [main] c.e.c.CustomerStatusApiApplication       : Running with Spring Boot v3.2.0, Spring v6.1.1
2025-12-18T00:39:30.452+05:30  INFO 27068 --- [customer-status-service] [main] c.e.c.CustomerStatusApiApplication       : No active profile set, falling back to 1 default profile: "default"
2025-12-18T00:39:32.633+05:30  INFO 27068 --- [customer-status-service] [main] .s.d.r.c.RepositoryConfigurationDelegate : Bootstrapping Spring Data JPA repositories in DEFAULT mode.
2025-12-18T00:39:32.855+05:30  INFO 27068 --- [customer-status-service] [main] .s.d.r.c.RepositoryConfigurationDelegate : Finished Spring Data repository scanning in 206 ms. Found 1 JPA repository interface.
2025-12-18T00:39:33.427+05:30  INFO 27068 --- [customer-status-service] [main] o.s.cloud.context.scope.GenericScope     : BeanFactory id=9e6d4181-830f-3e65-8c60-4da9242a9167
2025-12-18T00:39:34.670+05:30  INFO 27068 --- [customer-status-service] [main] o.s.b.w.embedded.tomcat.TomcatWebServer  : Tomcat initialized with port 8090 (http)
2025-12-18T00:39:34.695+05:30  INFO 27068 --- [customer-status-service] [main] o.apache.catalina.core.StandardService   : Starting service [Tomcat]
2025-12-18T00:39:34.695+05:30  INFO 27068 --- [customer-status-service] [main] o.apache.catalina.core.StandardEngine    : Starting Servlet engine: [Apache Tomcat/10.1.16]
2025-12-18T00:39:34.864+05:30  INFO 27068 --- [customer-status-service] [main] o.a.c.c.C.[Tomcat].[localhost].[/]       : Initializing Spring embedded WebApplicationContext
2025-12-18T00:39:34.865+05:30  INFO 27068 --- [customer-status-service] [main] w.s.c.ServletWebServerApplicationContext : Root WebApplicationContext: initialization completed in 4220 ms
2025-12-18T00:39:35.374+05:30  INFO 27068 --- [customer-status-service] [main] o.hibernate.jpa.internal.util.LogHelper  : HHH000204: Processing PersistenceUnitInfo [name: default]
2025-12-18T00:39:35.477+05:30  INFO 27068 --- [customer-status-service] [main] org.hibernate.Version                    : HHH000412: Hibernate ORM core version 6.3.1.Final
2025-12-18T00:39:35.528+05:30  INFO 27068 --- [customer-status-service] [main] o.h.c.internal.RegionFactoryInitiator    : HHH000026: Second-level cache disabled
2025-12-18T00:39:35.932+05:30  INFO 27068 --- [customer-status-service] [main] o.s.o.j.p.SpringPersistenceUnitInfo      : No LoadTimeWeaver setup: ignoring JPA class transformer
2025-12-18T00:39:35.974+05:30  INFO 27068 --- [customer-status-service] [main] com.zaxxer.hikari.HikariDataSource       : HikariPool-1 - Starting...
2025-12-18T00:39:36.348+05:30  INFO 27068 --- [customer-status-service] [main] com.zaxxer.hikari.pool.HikariPool        : HikariPool-1 - Added connection com.mysql.cj.jdbc.ConnectionImpl@1201e064
2025-12-18T00:39:36.353+05:30  INFO 27068 --- [customer-status-service] [main] com.zaxxer.hikari.HikariDataSource       : HikariPool-1 - Start completed.
2025-12-18T00:39:36.432+05:30  WARN 27068 --- [customer-status-service] [main] org.hibernate.orm.deprecation            : HHH90000025: MySQL8Dialect does not need to be specified explicitly using 'hibernate.dialect' (remove the property setting and it will be selected by default)
2025-12-18T00:39:36.433+05:30  WARN 27068 --- [customer-status-service] [main] org.hibernate.orm.deprecation            : HHH90000026: MySQL8Dialect has been deprecated; use org.hibernate.dialect.MySQLDialect instead
2025-12-18T00:39:37.507+05:30  INFO 27068 --- [customer-status-service] [main] o.h.e.t.j.p.i.JtaPlatformInitiator       : HHH000489: No JTA platform available (set 'hibernate.transaction.jta.platform' to enable JTA platform integration)
2025-12-18T00:39:37.575+05:30  INFO 27068 --- [customer-status-service] [main] j.LocalContainerEntityManagerFactoryBean : Initialized JPA EntityManagerFactory for persistence unit 'default'
2025-12-18T00:39:38.103+05:30  WARN 27068 --- [customer-status-service] [main] JpaBaseConfiguration$JpaWebConfiguration : spring.jpa.open-in-view is enabled by default. Therefore, database queries may be performed during view rendering. Explicitly configure spring.jpa.open-in-view to disable this warning
2025-12-18T00:39:38.350+05:30 DEBUG 27068 --- [customer-status-service] [main] s.w.s.m.m.a.RequestMappingHandlerMapping : 3 mappings in 'requestMappingHandlerMapping'
2025-12-18T00:39:38.547+05:30 DEBUG 27068 --- [customer-status-service] [main] o.s.w.s.handler.SimpleUrlHandlerMapping  : Patterns [/webjars/**, /**] in 'resourceHandlerMapping'
2025-12-18T00:39:38.616+05:30 DEBUG 27068 --- [customer-status-service] [main] s.w.s.m.m.a.RequestMappingHandlerAdapter : ControllerAdvice beans: 0 @ModelAttribute, 0 @InitBinder, 1 RequestBodyAdvice, 1 ResponseBodyAdvice
2025-12-18T00:39:38.675+05:30 DEBUG 27068 --- [customer-status-service] [main] .m.m.a.ExceptionHandlerExceptionResolver : ControllerAdvice beans: 1 @ExceptionHandler, 1 ResponseBodyAdvice
2025-12-18T00:39:39.063+05:30  INFO 27068 --- [customer-status-service] [main] DiscoveryClientOptionalArgsConfiguration : Eureka HTTP Client uses RestTemplate.
2025-12-18T00:39:39.281+05:30  WARN 27068 --- [customer-status-service] [main] iguration$LoadBalancerCaffeineWarnLogger : Spring Cloud LoadBalancer is currently working with the default cache. While this cache implementation is useful for development and tests, it's recommended to use Caffeine cache in production.You can switch to using Caffeine cache, by adding it and org.springframework.cache.caffeine.CaffeineCacheManager to the classpath.
2025-12-18T00:39:39.327+05:30  INFO 27068 --- [customer-status-service] [main] o.s.c.n.eureka.InstanceInfoFactory       : Setting initial instance status as: STARTING
2025-12-18T00:39:39.368+05:30  INFO 27068 --- [customer-status-service] [main] com.netflix.discovery.DiscoveryClient    : Initializing Eureka in region us-east-1
2025-12-18T00:39:39.375+05:30  INFO 27068 --- [customer-status-service] [main] c.n.d.s.r.aws.ConfigClusterResolver      : Resolving eureka endpoints via configuration
2025-12-18T00:39:39.390+05:30  INFO 27068 --- [customer-status-service] [main] com.netflix.discovery.DiscoveryClient    : Disable delta property : false
2025-12-18T00:39:39.391+05:30  INFO 27068 --- [customer-status-service] [main] com.netflix.discovery.DiscoveryClient    : Single vip registry refresh property : null
2025-12-18T00:39:39.391+05:30  INFO 27068 --- [customer-status-service] [main] com.netflix.discovery.DiscoveryClient    : Force full registry fetch : false
2025-12-18T00:39:39.391+05:30  INFO 27068 --- [customer-status-service] [main] com.netflix.discovery.DiscoveryClient    : Application is null : false
2025-12-18T00:39:39.391+05:30  INFO 27068 --- [customer-status-service] [main] com.netflix.discovery.DiscoveryClient    : Registered Applications size is zero : true
2025-12-18T00:39:39.391+05:30  INFO 27068 --- [customer-status-service] [main] com.netflix.discovery.DiscoveryClient    : Application version is -1: true
2025-12-18T00:39:39.391+05:30  INFO 27068 --- [customer-status-service] [main] com.netflix.discovery.DiscoveryClient    : Getting all instance registry info from the eureka server
2025-12-18T00:39:39.840+05:30 DEBUG 27068 --- [customer-status-service] [main] o.s.web.client.RestTemplate              : HTTP GET http://localhost:8761/eureka/apps/
2025-12-18T00:39:40.065+05:30 DEBUG 27068 --- [customer-status-service] [main] o.s.web.client.RestTemplate              : Accept=[application/json, application/*+json]
2025-12-18T00:39:40.197+05:30 DEBUG 27068 --- [customer-status-service] [main] o.s.web.client.RestTemplate              : Response 404 NOT_FOUND
2025-12-18T00:39:40.208+05:30  WARN 27068 --- [customer-status-service] [main] c.n.d.s.t.d.RetryableEurekaHttpClient    : Request execution failure with status code 404; retrying on another server if available
2025-12-18T00:39:40.213+05:30  INFO 27068 --- [customer-status-service] [main] com.netflix.discovery.DiscoveryClient    : DiscoveryClient_CUSTOMER-STATUS-SERVICE/host.docker.internal:customer-status-service:8090 - was unable to refresh its cache! This periodic background refresh will be retried in 30 seconds. status = Cannot execute request on any known server stacktrace = com.netflix.discovery.shared.transport.TransportException: Cannot execute request on any known server
	at com.netflix.discovery.shared.transport.decorator.RetryableEurekaHttpClient.execute(RetryableEurekaHttpClient.java:112)
	at com.netflix.discovery.shared.transport.decorator.EurekaHttpClientDecorator.getApplications(EurekaHttpClientDecorator.java:134)
	at com.netflix.discovery.shared.transport.decorator.EurekaHttpClientDecorator$6.execute(EurekaHttpClientDecorator.java:137)
	at com.netflix.discovery.shared.transport.decorator.SessionedEurekaHttpClient.execute(SessionedEurekaHttpClient.java:76)
	at com.netflix.discovery.shared.transport.decorator.EurekaHttpClientDecorator.getApplications(EurekaHttpClientDecorator.java:134)
	at com.netflix.discovery.DiscoveryClient.getAndStoreFullRegistry(DiscoveryClient.java:1046)
	at com.netflix.discovery.DiscoveryClient.fetchRegistry(DiscoveryClient.java:961)
	at com.netflix.discovery.DiscoveryClient.<init>(DiscoveryClient.java:410)
	at com.netflix.discovery.DiscoveryClient.<init>(DiscoveryClient.java:245)
	at com.netflix.discovery.DiscoveryClient.<init>(DiscoveryClient.java:240)
	at org.springframework.cloud.netflix.eureka.CloudEurekaClient.<init>(CloudEurekaClient.java:68)
	at org.springframework.cloud.netflix.eureka.EurekaClientAutoConfiguration$RefreshableEurekaClientConfiguration.eurekaClient(EurekaClientAutoConfiguration.java:324)
	at java.base/jdk.internal.reflect.DirectMethodHandleAccessor.invoke(DirectMethodHandleAccessor.java:103)
	at java.base/java.lang.reflect.Method.invoke(Method.java:580)
	at org.springframework.beans.factory.support.SimpleInstantiationStrategy.instantiate(SimpleInstantiationStrategy.java:140)
	at org.springframework.beans.factory.support.ConstructorResolver.instantiate(ConstructorResolver.java:651)
	at org.springframework.beans.factory.support.ConstructorResolver.instantiateUsingFactoryMethod(ConstructorResolver.java:643)
	at org.springframework.beans.factory.support.AbstractAutowireCapableBeanFactory.instantiateUsingFactoryMethod(AbstractAutowireCapableBeanFactory.java:1336)
	at org.springframework.beans.factory.support.AbstractAutowireCapableBeanFactory.createBeanInstance(AbstractAutowireCapableBeanFactory.java:1166)
	at org.springframework.beans.factory.support.AbstractAutowireCapableBeanFactory.doCreateBean(AbstractAutowireCapableBeanFactory.java:563)
	at org.springframework.beans.factory.support.AbstractAutowireCapableBeanFactory.createBean(AbstractAutowireCapableBeanFactory.java:523)
	at org.springframework.beans.factory.support.AbstractBeanFactory.lambda$doGetBean$1(AbstractBeanFactory.java:364)
	at org.springframework.cloud.context.scope.GenericScope$BeanLifecycleWrapper.getBean(GenericScope.java:375)
	at org.springframework.cloud.context.scope.GenericScope.get(GenericScope.java:179)
	at org.springframework.beans.factory.support.AbstractBeanFactory.doGetBean(AbstractBeanFactory.java:361)
	at org.springframework.beans.factory.support.AbstractBeanFactory.getBean(AbstractBeanFactory.java:199)
	at org.springframework.aop.target.SimpleBeanTargetSource.getTarget(SimpleBeanTargetSource.java:35)
	at org.springframework.cloud.netflix.eureka.serviceregistry.EurekaRegistration.getTargetObject(EurekaRegistration.java:128)
	at org.springframework.cloud.netflix.eureka.serviceregistry.EurekaRegistration.getEurekaClient(EurekaRegistration.java:116)
	at java.base/jdk.internal.reflect.DirectMethodHandleAccessor.invoke(DirectMethodHandleAccessor.java:103)
	at java.base/java.lang.reflect.Method.invoke(Method.java:580)
	at org.springframework.util.ReflectionUtils.invokeMethod(ReflectionUtils.java:281)
	at org.springframework.cloud.context.scope.GenericScope$LockedScopedProxyFactoryBean.invoke(GenericScope.java:482)
	at org.springframework.aop.framework.ReflectiveMethodInvocation.proceed(ReflectiveMethodInvocation.java:184)
	at org.springframework.aop.framework.CglibAopProxy$CglibMethodInvocation.proceed(CglibAopProxy.java:765)
	at org.springframework.aop.framework.CglibAopProxy$DynamicAdvisedInterceptor.intercept(CglibAopProxy.java:717)
	at org.springframework.cloud.netflix.eureka.serviceregistry.EurekaRegistration$$SpringCGLIB$$0.getEurekaClient(<generated>)
	at org.springframework.cloud.netflix.eureka.serviceregistry.EurekaServiceRegistry.maybeInitializeClient(EurekaServiceRegistry.java:83)
	at org.springframework.cloud.netflix.eureka.serviceregistry.EurekaServiceRegistry.register(EurekaServiceRegistry.java:66)
	at org.springframework.cloud.netflix.eureka.serviceregistry.EurekaAutoServiceRegistration.start(EurekaAutoServiceRegistration.java:89)
	at org.springframework.context.support.DefaultLifecycleProcessor.doStart(DefaultLifecycleProcessor.java:284)
	at org.springframework.context.support.DefaultLifecycleProcessor$LifecycleGroup.start(DefaultLifecycleProcessor.java:467)
	at java.base/java.lang.Iterable.forEach(Iterable.java:75)
	at org.springframework.context.support.DefaultLifecycleProcessor.startBeans(DefaultLifecycleProcessor.java:256)
	at org.springframework.context.support.DefaultLifecycleProcessor.onRefresh(DefaultLifecycleProcessor.java:201)
	at org.springframework.context.support.AbstractApplicationContext.finishRefresh(AbstractApplicationContext.java:965)
	at org.springframework.context.support.AbstractApplicationContext.refresh(AbstractApplicationContext.java:619)
	at org.springframework.boot.web.servlet.context.ServletWebServerApplicationContext.refresh(ServletWebServerApplicationContext.java:146)
	at org.springframework.boot.SpringApplication.refresh(SpringApplication.java:753)
	at org.springframework.boot.SpringApplication.refreshContext(SpringApplication.java:455)
	at org.springframework.boot.SpringApplication.run(SpringApplication.java:323)
	at org.springframework.boot.SpringApplication.run(SpringApplication.java:1342)
	at org.springframework.boot.SpringApplication.run(SpringApplication.java:1331)
	at com.example.customerapi.CustomerStatusApiApplication.main(CustomerStatusApiApplication.java:9)

2025-12-18T00:39:40.213+05:30  INFO 27068 --- [customer-status-service] [main] com.netflix.discovery.DiscoveryClient    : Initial registry fetch from primary servers failed
2025-12-18T00:39:40.213+05:30  WARN 27068 --- [customer-status-service] [main] com.netflix.discovery.DiscoveryClient    : Using default backup registry implementation which does not do anything.
2025-12-18T00:39:40.214+05:30  INFO 27068 --- [customer-status-service] [main] com.netflix.discovery.DiscoveryClient    : Initial registry fetch from backup servers failed
2025-12-18T00:39:40.215+05:30  INFO 27068 --- [customer-status-service] [main] com.netflix.discovery.DiscoveryClient    : Starting heartbeat executor: renew interval is: 30
2025-12-18T00:39:40.218+05:30  INFO 27068 --- [customer-status-service] [main] c.n.discovery.InstanceInfoReplicator     : InstanceInfoReplicator onDemand update allowed rate per min is 4
2025-12-18T00:39:40.224+05:30  INFO 27068 --- [customer-status-service] [main] com.netflix.discovery.DiscoveryClient    : Discovery Client initialized at timestamp 1765998580220 with initial instances count: 0
2025-12-18T00:39:40.231+05:30  INFO 27068 --- [customer-status-service] [main] o.s.c.n.e.s.EurekaServiceRegistry        : Registering application CUSTOMER-STATUS-SERVICE with eureka with status UP
2025-12-18T00:39:40.231+05:30  INFO 27068 --- [customer-status-service] [main] com.netflix.discovery.DiscoveryClient    : Saw local status change event StatusChangeEvent [timestamp=1765998580231, current=UP, previous=STARTING]
2025-12-18T00:39:40.234+05:30  INFO 27068 --- [customer-status-service] [DiscoveryClient-InstanceInfoReplicator-%d] com.netflix.discovery.DiscoveryClient    : DiscoveryClient_CUSTOMER-STATUS-SERVICE/host.docker.internal:customer-status-service:8090: registering service...
2025-12-18T00:39:40.243+05:30 DEBUG 27068 --- [customer-status-service] [DiscoveryClient-InstanceInfoReplicator-%d] o.s.web.client.RestTemplate              : HTTP POST http://localhost:8761/eureka/apps/CUSTOMER-STATUS-SERVICE
2025-12-18T00:39:40.248+05:30 DEBUG 27068 --- [customer-status-service] [DiscoveryClient-InstanceInfoReplicator-%d] o.s.web.client.RestTemplate              : Accept=[application/json, application/*+json]
2025-12-18T00:39:40.281+05:30  INFO 27068 --- [customer-status-service] [main] o.s.b.w.embedded.tomcat.TomcatWebServer  : Tomcat started on port 8090 (http) with context path ''
2025-12-18T00:39:40.284+05:30  INFO 27068 --- [customer-status-service] [main] .s.c.n.e.s.EurekaAutoServiceRegistration : Updating port to 8090
2025-12-18T00:39:40.287+05:30 DEBUG 27068 --- [customer-status-service] [DiscoveryClient-InstanceInfoReplicator-%d] o.s.web.client.RestTemplate              : Writing [InstanceInfo [instanceId = host.docker.internal:customer-status-service:8090, appName = CUSTOMER-STATUS-SERVICE, hostName = host.docker.internal, status = UP, ipAddr = 192.168.1.4, port = 8090, securePort = 443, dataCenterInfo = com.netflix.appinfo.MyDataCenterInfo@147892be] as "application/json"
2025-12-18T00:39:40.312+05:30  INFO 27068 --- [customer-status-service] [main] c.e.c.CustomerStatusApiApplication       : Started CustomerStatusApiApplication in 10.852 seconds (process running for 11.722)
2025-12-18T00:39:40.338+05:30 DEBUG 27068 --- [customer-status-service] [DiscoveryClient-InstanceInfoReplicator-%d] o.s.web.client.RestTemplate              : Response 404 NOT_FOUND
2025-12-18T00:39:40.339+05:30  INFO 27068 --- [customer-status-service] [DiscoveryClient-InstanceInfoReplicator-%d] com.netflix.discovery.DiscoveryClient    : DiscoveryClient_CUSTOMER-STATUS-SERVICE/host.docker.internal:customer-status-service:8090 - registration status: 404
2025-12-18T00:40:10.229+05:30  INFO 27068 --- [customer-status-service] [DiscoveryClient-CacheRefreshExecutor-%d] com.netflix.discovery.DiscoveryClient    : Disable delta property : false
2025-12-18T00:40:10.232+05:30  INFO 27068 --- [customer-status-service] [DiscoveryClient-CacheRefreshExecutor-%d] com.netflix.discovery.DiscoveryClient    : Single vip registry refresh property : null
2025-12-18T00:40:10.232+05:30  INFO 27068 --- [customer-status-service] [DiscoveryClient-CacheRefreshExecutor-%d] com.netflix.discovery.DiscoveryClient    : Force full registry fetch : false
2025-12-18T00:40:10.232+05:30  INFO 27068 --- [customer-status-service] [DiscoveryClient-CacheRefreshExecutor-%d] com.netflix.discovery.DiscoveryClient    : Application is null : false
2025-12-18T00:40:10.232+05:30  INFO 27068 --- [customer-status-service] [DiscoveryClient-CacheRefreshExecutor-%d] com.netflix.discovery.DiscoveryClient    : Registered Applications size is zero : true
2025-12-18T00:40:10.232+05:30  INFO 27068 --- [customer-status-service] [DiscoveryClient-CacheRefreshExecutor-%d] com.netflix.discovery.DiscoveryClient    : Application version is -1: true
2025-12-18T00:40:10.232+05:30  INFO 27068 --- [customer-status-service] [DiscoveryClient-CacheRefreshExecutor-%d] com.netflix.discovery.DiscoveryClient    : Getting all instance registry info from the eureka server
2025-12-18T00:40:10.232+05:30 DEBUG 27068 --- [customer-status-service] [DiscoveryClient-HeartbeatExecutor-%d] o.s.web.client.RestTemplate              : HTTP PUT http://localhost:8761/eureka/apps/CUSTOMER-STATUS-SERVICE/host.docker.internal:customer-status-service:8090?status=UP&lastDirtyTimestamp=1765998580231
2025-12-18T00:40:10.250+05:30 DEBUG 27068 --- [customer-status-service] [DiscoveryClient-CacheRefreshExecutor-%d] o.s.web.client.RestTemplate              : HTTP GET http://localhost:8761/eureka/apps/
2025-12-18T00:40:10.250+05:30 DEBUG 27068 --- [customer-status-service] [DiscoveryClient-HeartbeatExecutor-%d] o.s.web.client.RestTemplate              : Accept=[application/json, application/*+json]
2025-12-18T00:40:10.269+05:30 DEBUG 27068 --- [customer-status-service] [DiscoveryClient-CacheRefreshExecutor-%d] o.s.web.client.RestTemplate              : Accept=[application/json, application/*+json]
2025-12-18T00:40:10.297+05:30 DEBUG 27068 --- [customer-status-service] [DiscoveryClient-CacheRefreshExecutor-%d] o.s.web.client.RestTemplate              : Response 404 NOT_FOUND
2025-12-18T00:40:10.297+05:30  WARN 27068 --- [customer-status-service] [DiscoveryClient-CacheRefreshExecutor-%d] c.n.d.s.t.d.RetryableEurekaHttpClient    : Request execution failure with status code 404; retrying on another server if available
2025-12-18T00:40:10.297+05:30  INFO 27068 --- [customer-status-service] [DiscoveryClient-CacheRefreshExecutor-%d] com.netflix.discovery.DiscoveryClient    : DiscoveryClient_CUSTOMER-STATUS-SERVICE/host.docker.internal:customer-status-service:8090 - was unable to refresh its cache! This periodic background refresh will be retried in 30 seconds. status = Cannot execute request on any known server stacktrace = com.netflix.discovery.shared.transport.TransportException: Cannot execute request on any known server
	at com.netflix.discovery.shared.transport.decorator.RetryableEurekaHttpClient.execute(RetryableEurekaHttpClient.java:112)
	at com.netflix.discovery.shared.transport.decorator.EurekaHttpClientDecorator.getApplications(EurekaHttpClientDecorator.java:134)
	at com.netflix.discovery.shared.transport.decorator.EurekaHttpClientDecorator$6.execute(EurekaHttpClientDecorator.java:137)
	at com.netflix.discovery.shared.transport.decorator.SessionedEurekaHttpClient.execute(SessionedEurekaHttpClient.java:76)
	at com.netflix.discovery.shared.transport.decorator.EurekaHttpClientDecorator.getApplications(EurekaHttpClientDecorator.java:134)
	at com.netflix.discovery.DiscoveryClient.getAndStoreFullRegistry(DiscoveryClient.java:1046)
	at com.netflix.discovery.DiscoveryClient.fetchRegistry(DiscoveryClient.java:961)
	at com.netflix.discovery.DiscoveryClient.refreshRegistry(DiscoveryClient.java:1473)
	at com.netflix.discovery.DiscoveryClient$CacheRefreshThread.run(DiscoveryClient.java:1441)
	at java.base/java.util.concurrent.Executors$RunnableAdapter.call(Executors.java:572)
	at java.base/java.util.concurrent.FutureTask.run(FutureTask.java:317)
	at java.base/java.util.concurrent.ThreadPoolExecutor.runWorker(ThreadPoolExecutor.java:1144)
	at java.base/java.util.concurrent.ThreadPoolExecutor$Worker.run(ThreadPoolExecutor.java:642)
	at java.base/java.lang.Thread.run(Thread.java:1583)

2025-12-18T00:40:10.311+05:30 DEBUG 27068 --- [customer-status-service] [DiscoveryClient-HeartbeatExecutor-%d] o.s.web.client.RestTemplate              : Response 404 NOT_FOUND
2025-12-18T00:40:10.313+05:30  INFO 27068 --- [customer-status-service] [DiscoveryClient-HeartbeatExecutor-%d] com.netflix.discovery.DiscoveryClient    : DiscoveryClient_CUSTOMER-STATUS-SERVICE/host.docker.internal:customer-status-service:8090 - Re-registering apps/CUSTOMER-STATUS-SERVICE
2025-12-18T00:40:10.313+05:30  INFO 27068 --- [customer-status-service] [DiscoveryClient-HeartbeatExecutor-%d] com.netflix.discovery.DiscoveryClient    : DiscoveryClient_CUSTOMER-STATUS-SERVICE/host.docker.internal:customer-status-service:8090: registering service...
2025-12-18T00:40:10.315+05:30 DEBUG 27068 --- [customer-status-service] [DiscoveryClient-HeartbeatExecutor-%d] o.s.web.client.RestTemplate              : HTTP POST http://localhost:8761/eureka/apps/CUSTOMER-STATUS-SERVICE
2025-12-18T00:40:10.315+05:30 DEBUG 27068 --- [customer-status-service] [DiscoveryClient-HeartbeatExecutor-%d] o.s.web.client.RestTemplate              : Accept=[application/json, application/*+json]
2025-12-18T00:40:10.317+05:30 DEBUG 27068 --- [customer-status-service] [DiscoveryClient-HeartbeatExecutor-%d] o.s.web.client.RestTemplate              : Writing [InstanceInfo [instanceId = host.docker.internal:customer-status-service:8090, appName = CUSTOMER-STATUS-SERVICE, hostName = host.docker.internal, status = UP, ipAddr = 192.168.1.4, port = 8090, securePort = 443, dataCenterInfo = com.netflix.appinfo.MyDataCenterInfo@147892be] as "application/json"
2025-12-18T00:40:10.354+05:30  INFO 27068 --- [customer-status-service] [DiscoveryClient-InstanceInfoReplicator-%d] com.netflix.discovery.DiscoveryClient    : DiscoveryClient_CUSTOMER-STATUS-SERVICE/host.docker.internal:customer-status-service:8090: registering service...
2025-12-18T00:40:10.354+05:30 DEBUG 27068 --- [customer-status-service] [DiscoveryClient-InstanceInfoReplicator-%d] o.s.web.client.RestTemplate              : HTTP POST http://localhost:8761/eureka/apps/CUSTOMER-STATUS-SERVICE
2025-12-18T00:40:10.356+05:30 DEBUG 27068 --- [customer-status-service] [DiscoveryClient-InstanceInfoReplicator-%d] o.s.web.client.RestTemplate              : Accept=[application/json, application/*+json]
2025-12-18T00:40:10.356+05:30 DEBUG 27068 --- [customer-status-service] [DiscoveryClient-InstanceInfoReplicator-%d] o.s.web.client.RestTemplate              : Writing [InstanceInfo [instanceId = host.docker.internal:customer-status-service:8090, appName = CUSTOMER-STATUS-SERVICE, hostName = host.docker.internal, status = UP, ipAddr = 192.168.1.4, port = 8090, securePort = 443, dataCenterInfo = com.netflix.appinfo.MyDataCenterInfo@147892be] as "application/json"
2025-12-18T00:40:10.365+05:30 DEBUG 27068 --- [customer-status-service] [DiscoveryClient-HeartbeatExecutor-%d] o.s.web.client.RestTemplate              : Response 404 NOT_FOUND
2025-12-18T00:40:10.365+05:30  INFO 27068 --- [customer-status-service] [DiscoveryClient-HeartbeatExecutor-%d] com.netflix.discovery.DiscoveryClient    : DiscoveryClient_CUSTOMER-STATUS-SERVICE/host.docker.internal:customer-status-service:8090 - registration status: 404
2025-12-18T00:40:10.369+05:30 DEBUG 27068 --- [customer-status-service] [DiscoveryClient-InstanceInfoReplicator-%d] o.s.web.client.RestTemplate              : Response 404 NOT_FOUND
2025-12-18T00:40:10.369+05:30  INFO 27068 --- [customer-status-service] [DiscoveryClient-InstanceInfoReplicator-%d] com.netflix.discovery.DiscoveryClient    : DiscoveryClient_CUSTOMER-STATUS-SERVICE/host.docker.internal:customer-status-service:8090 - registration status: 404
2025-12-18T00:40:36.189+05:30  INFO 12132 --- [customer-status-service] [main] c.e.c.CustomerStatusApiApplication       : Starting CustomerStatusApiApplication using Java 21.0.9 with PID 12132 (C:\Sridhar\Projects\customer-status-full-mysql\target\classes started by sridhar killampalli in C:\Sridhar\Projects\customer-status-full-mysql)
2025-12-18T00:40:36.193+05:30 DEBUG 12132 --- [customer-status-service] [main] c.e.c.CustomerStatusApiApplication       : Running with Spring Boot v3.2.0, Spring v6.1.1
2025-12-18T00:40:36.195+05:30  INFO 12132 --- [customer-status-service] [main] c.e.c.CustomerStatusApiApplication       : No active profile set, falling back to 1 default profile: "default"
2025-12-18T00:40:37.735+05:30  INFO 12132 --- [customer-status-service] [main] .s.d.r.c.RepositoryConfigurationDelegate : Bootstrapping Spring Data JPA repositories in DEFAULT mode.
2025-12-18T00:40:37.959+05:30  INFO 12132 --- [customer-status-service] [main] .s.d.r.c.RepositoryConfigurationDelegate : Finished Spring Data repository scanning in 208 ms. Found 1 JPA repository interface.
2025-12-18T00:40:38.513+05:30  INFO 12132 --- [customer-status-service] [main] o.s.cloud.context.scope.GenericScope     : BeanFactory id=9e6d4181-830f-3e65-8c60-4da9242a9167
2025-12-18T00:40:39.644+05:30  INFO 12132 --- [customer-status-service] [main] o.s.b.w.embedded.tomcat.TomcatWebServer  : Tomcat initialized with port 8090 (http)
2025-12-18T00:40:39.669+05:30  INFO 12132 --- [customer-status-service] [main] o.apache.catalina.core.StandardService   : Starting service [Tomcat]
2025-12-18T00:40:39.669+05:30  INFO 12132 --- [customer-status-service] [main] o.apache.catalina.core.StandardEngine    : Starting Servlet engine: [Apache Tomcat/10.1.16]
2025-12-18T00:40:39.800+05:30  INFO 12132 --- [customer-status-service] [main] o.a.c.c.C.[Tomcat].[localhost].[/]       : Initializing Spring embedded WebApplicationContext
2025-12-18T00:40:39.801+05:30  INFO 12132 --- [customer-status-service] [main] w.s.c.ServletWebServerApplicationContext : Root WebApplicationContext: initialization completed in 3460 ms
2025-12-18T00:40:40.279+05:30  INFO 12132 --- [customer-status-service] [main] o.hibernate.jpa.internal.util.LogHelper  : HHH000204: Processing PersistenceUnitInfo [name: default]
2025-12-18T00:40:40.369+05:30  INFO 12132 --- [customer-status-service] [main] org.hibernate.Version                    : HHH000412: Hibernate ORM core version 6.3.1.Final
2025-12-18T00:40:40.425+05:30  INFO 12132 --- [customer-status-service] [main] o.h.c.internal.RegionFactoryInitiator    : HHH000026: Second-level cache disabled
2025-12-18T00:40:40.799+05:30  INFO 12132 --- [customer-status-service] [main] o.s.o.j.p.SpringPersistenceUnitInfo      : No LoadTimeWeaver setup: ignoring JPA class transformer
2025-12-18T00:40:40.837+05:30  INFO 12132 --- [customer-status-service] [main] com.zaxxer.hikari.HikariDataSource       : HikariPool-1 - Starting...
2025-12-18T00:40:41.174+05:30  INFO 12132 --- [customer-status-service] [main] com.zaxxer.hikari.pool.HikariPool        : HikariPool-1 - Added connection com.mysql.cj.jdbc.ConnectionImpl@28f05b0c
2025-12-18T00:40:41.178+05:30  INFO 12132 --- [customer-status-service] [main] com.zaxxer.hikari.HikariDataSource       : HikariPool-1 - Start completed.
2025-12-18T00:40:41.265+05:30  WARN 12132 --- [customer-status-service] [main] org.hibernate.orm.deprecation            : HHH90000025: MySQL8Dialect does not need to be specified explicitly using 'hibernate.dialect' (remove the property setting and it will be selected by default)
2025-12-18T00:40:41.266+05:30  WARN 12132 --- [customer-status-service] [main] org.hibernate.orm.deprecation            : HHH90000026: MySQL8Dialect has been deprecated; use org.hibernate.dialect.MySQLDialect instead
2025-12-18T00:40:42.378+05:30  INFO 12132 --- [customer-status-service] [main] o.h.e.t.j.p.i.JtaPlatformInitiator       : HHH000489: No JTA platform available (set 'hibernate.transaction.jta.platform' to enable JTA platform integration)
2025-12-18T00:40:42.453+05:30  INFO 12132 --- [customer-status-service] [main] j.LocalContainerEntityManagerFactoryBean : Initialized JPA EntityManagerFactory for persistence unit 'default'
2025-12-18T00:40:43.010+05:30  WARN 12132 --- [customer-status-service] [main] JpaBaseConfiguration$JpaWebConfiguration : spring.jpa.open-in-view is enabled by default. Therefore, database queries may be performed during view rendering. Explicitly configure spring.jpa.open-in-view to disable this warning
2025-12-18T00:40:43.302+05:30 DEBUG 12132 --- [customer-status-service] [main] s.w.s.m.m.a.RequestMappingHandlerMapping : 3 mappings in 'requestMappingHandlerMapping'
2025-12-18T00:40:43.520+05:30 DEBUG 12132 --- [customer-status-service] [main] o.s.w.s.handler.SimpleUrlHandlerMapping  : Patterns [/webjars/**, /**] in 'resourceHandlerMapping'
2025-12-18T00:40:43.611+05:30 DEBUG 12132 --- [customer-status-service] [main] s.w.s.m.m.a.RequestMappingHandlerAdapter : ControllerAdvice beans: 0 @ModelAttribute, 0 @InitBinder, 1 RequestBodyAdvice, 1 ResponseBodyAdvice
2025-12-18T00:40:43.700+05:30 DEBUG 12132 --- [customer-status-service] [main] .m.m.a.ExceptionHandlerExceptionResolver : ControllerAdvice beans: 1 @ExceptionHandler, 1 ResponseBodyAdvice
2025-12-18T00:40:44.067+05:30  INFO 12132 --- [customer-status-service] [main] DiscoveryClientOptionalArgsConfiguration : Eureka HTTP Client uses RestTemplate.
2025-12-18T00:40:44.187+05:30  WARN 12132 --- [customer-status-service] [main] iguration$LoadBalancerCaffeineWarnLogger : Spring Cloud LoadBalancer is currently working with the default cache. While this cache implementation is useful for development and tests, it's recommended to use Caffeine cache in production.You can switch to using Caffeine cache, by adding it and org.springframework.cache.caffeine.CaffeineCacheManager to the classpath.
2025-12-18T00:40:44.234+05:30  INFO 12132 --- [customer-status-service] [main] o.s.c.n.eureka.InstanceInfoFactory       : Setting initial instance status as: STARTING
2025-12-18T00:40:44.279+05:30  INFO 12132 --- [customer-status-service] [main] com.netflix.discovery.DiscoveryClient    : Initializing Eureka in region us-east-1
2025-12-18T00:40:44.286+05:30  INFO 12132 --- [customer-status-service] [main] c.n.d.s.r.aws.ConfigClusterResolver      : Resolving eureka endpoints via configuration
2025-12-18T00:40:44.298+05:30  INFO 12132 --- [customer-status-service] [main] com.netflix.discovery.DiscoveryClient    : Disable delta property : false
2025-12-18T00:40:44.298+05:30  INFO 12132 --- [customer-status-service] [main] com.netflix.discovery.DiscoveryClient    : Single vip registry refresh property : null
2025-12-18T00:40:44.298+05:30  INFO 12132 --- [customer-status-service] [main] com.netflix.discovery.DiscoveryClient    : Force full registry fetch : false
2025-12-18T00:40:44.299+05:30  INFO 12132 --- [customer-status-service] [main] com.netflix.discovery.DiscoveryClient    : Application is null : false
2025-12-18T00:40:44.299+05:30  INFO 12132 --- [customer-status-service] [main] com.netflix.discovery.DiscoveryClient    : Registered Applications size is zero : true
2025-12-18T00:40:44.299+05:30  INFO 12132 --- [customer-status-service] [main] com.netflix.discovery.DiscoveryClient    : Application version is -1: true
2025-12-18T00:40:44.299+05:30  INFO 12132 --- [customer-status-service] [main] com.netflix.discovery.DiscoveryClient    : Getting all instance registry info from the eureka server
2025-12-18T00:40:44.736+05:30 DEBUG 12132 --- [customer-status-service] [main] o.s.web.client.RestTemplate              : HTTP GET http://localhost:8761/eureka/apps/
2025-12-18T00:40:44.970+05:30 DEBUG 12132 --- [customer-status-service] [main] o.s.web.client.RestTemplate              : Accept=[application/json, application/*+json]
2025-12-18T00:40:45.041+05:30 DEBUG 12132 --- [customer-status-service] [main] o.s.web.client.RestTemplate              : Response 404 NOT_FOUND
2025-12-18T00:40:45.051+05:30  WARN 12132 --- [customer-status-service] [main] c.n.d.s.t.d.RetryableEurekaHttpClient    : Request execution failure with status code 404; retrying on another server if available
2025-12-18T00:40:45.054+05:30  INFO 12132 --- [customer-status-service] [main] com.netflix.discovery.DiscoveryClient    : DiscoveryClient_CUSTOMER-STATUS-SERVICE/host.docker.internal:customer-status-service:8090 - was unable to refresh its cache! This periodic background refresh will be retried in 30 seconds. status = Cannot execute request on any known server stacktrace = com.netflix.discovery.shared.transport.TransportException: Cannot execute request on any known server
	at com.netflix.discovery.shared.transport.decorator.RetryableEurekaHttpClient.execute(RetryableEurekaHttpClient.java:112)
	at com.netflix.discovery.shared.transport.decorator.EurekaHttpClientDecorator.getApplications(EurekaHttpClientDecorator.java:134)
	at com.netflix.discovery.shared.transport.decorator.EurekaHttpClientDecorator$6.execute(EurekaHttpClientDecorator.java:137)
	at com.netflix.discovery.shared.transport.decorator.SessionedEurekaHttpClient.execute(SessionedEurekaHttpClient.java:76)
	at com.netflix.discovery.shared.transport.decorator.EurekaHttpClientDecorator.getApplications(EurekaHttpClientDecorator.java:134)
	at com.netflix.discovery.DiscoveryClient.getAndStoreFullRegistry(DiscoveryClient.java:1046)
	at com.netflix.discovery.DiscoveryClient.fetchRegistry(DiscoveryClient.java:961)
	at com.netflix.discovery.DiscoveryClient.<init>(DiscoveryClient.java:410)
	at com.netflix.discovery.DiscoveryClient.<init>(DiscoveryClient.java:245)
	at com.netflix.discovery.DiscoveryClient.<init>(DiscoveryClient.java:240)
	at org.springframework.cloud.netflix.eureka.CloudEurekaClient.<init>(CloudEurekaClient.java:68)
	at org.springframework.cloud.netflix.eureka.EurekaClientAutoConfiguration$RefreshableEurekaClientConfiguration.eurekaClient(EurekaClientAutoConfiguration.java:324)
	at java.base/jdk.internal.reflect.DirectMethodHandleAccessor.invoke(DirectMethodHandleAccessor.java:103)
	at java.base/java.lang.reflect.Method.invoke(Method.java:580)
	at org.springframework.beans.factory.support.SimpleInstantiationStrategy.instantiate(SimpleInstantiationStrategy.java:140)
	at org.springframework.beans.factory.support.ConstructorResolver.instantiate(ConstructorResolver.java:651)
	at org.springframework.beans.factory.support.ConstructorResolver.instantiateUsingFactoryMethod(ConstructorResolver.java:643)
	at org.springframework.beans.factory.support.AbstractAutowireCapableBeanFactory.instantiateUsingFactoryMethod(AbstractAutowireCapableBeanFactory.java:1336)
	at org.springframework.beans.factory.support.AbstractAutowireCapableBeanFactory.createBeanInstance(AbstractAutowireCapableBeanFactory.java:1166)
	at org.springframework.beans.factory.support.AbstractAutowireCapableBeanFactory.doCreateBean(AbstractAutowireCapableBeanFactory.java:563)
	at org.springframework.beans.factory.support.AbstractAutowireCapableBeanFactory.createBean(AbstractAutowireCapableBeanFactory.java:523)
	at org.springframework.beans.factory.support.AbstractBeanFactory.lambda$doGetBean$1(AbstractBeanFactory.java:364)
	at org.springframework.cloud.context.scope.GenericScope$BeanLifecycleWrapper.getBean(GenericScope.java:375)
	at org.springframework.cloud.context.scope.GenericScope.get(GenericScope.java:179)
	at org.springframework.beans.factory.support.AbstractBeanFactory.doGetBean(AbstractBeanFactory.java:361)
	at org.springframework.beans.factory.support.AbstractBeanFactory.getBean(AbstractBeanFactory.java:199)
	at org.springframework.aop.target.SimpleBeanTargetSource.getTarget(SimpleBeanTargetSource.java:35)
	at org.springframework.cloud.netflix.eureka.serviceregistry.EurekaRegistration.getTargetObject(EurekaRegistration.java:128)
	at org.springframework.cloud.netflix.eureka.serviceregistry.EurekaRegistration.getEurekaClient(EurekaRegistration.java:116)
	at java.base/jdk.internal.reflect.DirectMethodHandleAccessor.invoke(DirectMethodHandleAccessor.java:103)
	at java.base/java.lang.reflect.Method.invoke(Method.java:580)
	at org.springframework.util.ReflectionUtils.invokeMethod(ReflectionUtils.java:281)
	at org.springframework.cloud.context.scope.GenericScope$LockedScopedProxyFactoryBean.invoke(GenericScope.java:482)
	at org.springframework.aop.framework.ReflectiveMethodInvocation.proceed(ReflectiveMethodInvocation.java:184)
	at org.springframework.aop.framework.CglibAopProxy$CglibMethodInvocation.proceed(CglibAopProxy.java:765)
	at org.springframework.aop.framework.CglibAopProxy$DynamicAdvisedInterceptor.intercept(CglibAopProxy.java:717)
	at org.springframework.cloud.netflix.eureka.serviceregistry.EurekaRegistration$$SpringCGLIB$$0.getEurekaClient(<generated>)
	at org.springframework.cloud.netflix.eureka.serviceregistry.EurekaServiceRegistry.maybeInitializeClient(EurekaServiceRegistry.java:83)
	at org.springframework.cloud.netflix.eureka.serviceregistry.EurekaServiceRegistry.register(EurekaServiceRegistry.java:66)
	at org.springframework.cloud.netflix.eureka.serviceregistry.EurekaAutoServiceRegistration.start(EurekaAutoServiceRegistration.java:89)
	at org.springframework.context.support.DefaultLifecycleProcessor.doStart(DefaultLifecycleProcessor.java:284)
	at org.springframework.context.support.DefaultLifecycleProcessor$LifecycleGroup.start(DefaultLifecycleProcessor.java:467)
	at java.base/java.lang.Iterable.forEach(Iterable.java:75)
	at org.springframework.context.support.DefaultLifecycleProcessor.startBeans(DefaultLifecycleProcessor.java:256)
	at org.springframework.context.support.DefaultLifecycleProcessor.onRefresh(DefaultLifecycleProcessor.java:201)
	at org.springframework.context.support.AbstractApplicationContext.finishRefresh(AbstractApplicationContext.java:965)
	at org.springframework.context.support.AbstractApplicationContext.refresh(AbstractApplicationContext.java:619)
	at org.springframework.boot.web.servlet.context.ServletWebServerApplicationContext.refresh(ServletWebServerApplicationContext.java:146)
	at org.springframework.boot.SpringApplication.refresh(SpringApplication.java:753)
	at org.springframework.boot.SpringApplication.refreshContext(SpringApplication.java:455)
	at org.springframework.boot.SpringApplication.run(SpringApplication.java:323)
	at org.springframework.boot.SpringApplication.run(SpringApplication.java:1342)
	at org.springframework.boot.SpringApplication.run(SpringApplication.java:1331)
	at com.example.customerapi.CustomerStatusApiApplication.main(CustomerStatusApiApplication.java:9)

2025-12-18T00:40:45.055+05:30  INFO 12132 --- [customer-status-service] [main] com.netflix.discovery.DiscoveryClient    : Initial registry fetch from primary servers failed
2025-12-18T00:40:45.055+05:30  WARN 12132 --- [customer-status-service] [main] com.netflix.discovery.DiscoveryClient    : Using default backup registry implementation which does not do anything.
2025-12-18T00:40:45.056+05:30  INFO 12132 --- [customer-status-service] [main] com.netflix.discovery.DiscoveryClient    : Initial registry fetch from backup servers failed
2025-12-18T00:40:45.057+05:30  INFO 12132 --- [customer-status-service] [main] com.netflix.discovery.DiscoveryClient    : Starting heartbeat executor: renew interval is: 30
2025-12-18T00:40:45.060+05:30  INFO 12132 --- [customer-status-service] [main] c.n.discovery.InstanceInfoReplicator     : InstanceInfoReplicator onDemand update allowed rate per min is 4
2025-12-18T00:40:45.065+05:30  INFO 12132 --- [customer-status-service] [main] com.netflix.discovery.DiscoveryClient    : Discovery Client initialized at timestamp 1765998645061 with initial instances count: 0
2025-12-18T00:40:45.070+05:30  INFO 12132 --- [customer-status-service] [main] o.s.c.n.e.s.EurekaServiceRegistry        : Registering application CUSTOMER-STATUS-SERVICE with eureka with status UP
2025-12-18T00:40:45.071+05:30  INFO 12132 --- [customer-status-service] [main] com.netflix.discovery.DiscoveryClient    : Saw local status change event StatusChangeEvent [timestamp=1765998645071, current=UP, previous=STARTING]
2025-12-18T00:40:45.074+05:30  INFO 12132 --- [customer-status-service] [DiscoveryClient-InstanceInfoReplicator-%d] com.netflix.discovery.DiscoveryClient    : DiscoveryClient_CUSTOMER-STATUS-SERVICE/host.docker.internal:customer-status-service:8090: registering service...
2025-12-18T00:40:45.089+05:30 DEBUG 12132 --- [customer-status-service] [DiscoveryClient-InstanceInfoReplicator-%d] o.s.web.client.RestTemplate              : HTTP POST http://localhost:8761/eureka/apps/CUSTOMER-STATUS-SERVICE
2025-12-18T00:40:45.093+05:30 DEBUG 12132 --- [customer-status-service] [DiscoveryClient-InstanceInfoReplicator-%d] o.s.web.client.RestTemplate              : Accept=[application/json, application/*+json]
2025-12-18T00:40:45.129+05:30 DEBUG 12132 --- [customer-status-service] [DiscoveryClient-InstanceInfoReplicator-%d] o.s.web.client.RestTemplate              : Writing [InstanceInfo [instanceId = host.docker.internal:customer-status-service:8090, appName = CUSTOMER-STATUS-SERVICE, hostName = host.docker.internal, status = UP, ipAddr = 192.168.1.4, port = 8090, securePort = 443, dataCenterInfo = com.netflix.appinfo.MyDataCenterInfo@dc24732] as "application/json"
2025-12-18T00:40:45.134+05:30  INFO 12132 --- [customer-status-service] [main] o.s.b.w.embedded.tomcat.TomcatWebServer  : Tomcat started on port 8090 (http) with context path ''
2025-12-18T00:40:45.136+05:30  INFO 12132 --- [customer-status-service] [main] .s.c.n.e.s.EurekaAutoServiceRegistration : Updating port to 8090
2025-12-18T00:40:45.170+05:30  INFO 12132 --- [customer-status-service] [main] c.e.c.CustomerStatusApiApplication       : Started CustomerStatusApiApplication in 9.98 seconds (process running for 10.787)
2025-12-18T00:40:45.189+05:30 DEBUG 12132 --- [customer-status-service] [DiscoveryClient-InstanceInfoReplicator-%d] o.s.web.client.RestTemplate              : Response 404 NOT_FOUND
2025-12-18T00:40:45.189+05:30  INFO 12132 --- [customer-status-service] [DiscoveryClient-InstanceInfoReplicator-%d] com.netflix.discovery.DiscoveryClient    : DiscoveryClient_CUSTOMER-STATUS-SERVICE/host.docker.internal:customer-status-service:8090 - registration status: 404
2025-12-18T00:41:15.065+05:30  INFO 12132 --- [customer-status-service] [DiscoveryClient-CacheRefreshExecutor-%d] com.netflix.discovery.DiscoveryClient    : Disable delta property : false
2025-12-18T00:41:15.069+05:30  INFO 12132 --- [customer-status-service] [DiscoveryClient-CacheRefreshExecutor-%d] com.netflix.discovery.DiscoveryClient    : Single vip registry refresh property : null
2025-12-18T00:41:15.071+05:30 DEBUG 12132 --- [customer-status-service] [DiscoveryClient-HeartbeatExecutor-%d] o.s.web.client.RestTemplate              : HTTP PUT http://localhost:8761/eureka/apps/CUSTOMER-STATUS-SERVICE/host.docker.internal:customer-status-service:8090?status=UP&lastDirtyTimestamp=1765998645070
2025-12-18T00:41:15.069+05:30  INFO 12132 --- [customer-status-service] [DiscoveryClient-CacheRefreshExecutor-%d] com.netflix.discovery.DiscoveryClient    : Force full registry fetch : false
2025-12-18T00:41:15.074+05:30  INFO 12132 --- [customer-status-service] [DiscoveryClient-CacheRefreshExecutor-%d] com.netflix.discovery.DiscoveryClient    : Application is null : false
2025-12-18T00:41:15.074+05:30  INFO 12132 --- [customer-status-service] [DiscoveryClient-CacheRefreshExecutor-%d] com.netflix.discovery.DiscoveryClient    : Registered Applications size is zero : true
2025-12-18T00:41:15.074+05:30  INFO 12132 --- [customer-status-service] [DiscoveryClient-CacheRefreshExecutor-%d] com.netflix.discovery.DiscoveryClient    : Application version is -1: true
2025-12-18T00:41:15.074+05:30  INFO 12132 --- [customer-status-service] [DiscoveryClient-CacheRefreshExecutor-%d] com.netflix.discovery.DiscoveryClient    : Getting all instance registry info from the eureka server
2025-12-18T00:41:15.085+05:30 DEBUG 12132 --- [customer-status-service] [DiscoveryClient-CacheRefreshExecutor-%d] o.s.web.client.RestTemplate              : HTTP GET http://localhost:8761/eureka/apps/
2025-12-18T00:41:15.087+05:30 DEBUG 12132 --- [customer-status-service] [DiscoveryClient-HeartbeatExecutor-%d] o.s.web.client.RestTemplate              : Accept=[application/json, application/*+json]
2025-12-18T00:41:15.109+05:30 DEBUG 12132 --- [customer-status-service] [DiscoveryClient-CacheRefreshExecutor-%d] o.s.web.client.RestTemplate              : Accept=[application/json, application/*+json]
2025-12-18T00:41:15.121+05:30 DEBUG 12132 --- [customer-status-service] [DiscoveryClient-HeartbeatExecutor-%d] o.s.web.client.RestTemplate              : Response 404 NOT_FOUND
2025-12-18T00:41:15.121+05:30  INFO 12132 --- [customer-status-service] [DiscoveryClient-HeartbeatExecutor-%d] com.netflix.discovery.DiscoveryClient    : DiscoveryClient_CUSTOMER-STATUS-SERVICE/host.docker.internal:customer-status-service:8090 - Re-registering apps/CUSTOMER-STATUS-SERVICE
2025-12-18T00:41:15.121+05:30  INFO 12132 --- [customer-status-service] [DiscoveryClient-HeartbeatExecutor-%d] com.netflix.discovery.DiscoveryClient    : DiscoveryClient_CUSTOMER-STATUS-SERVICE/host.docker.internal:customer-status-service:8090: registering service...
2025-12-18T00:41:15.123+05:30 DEBUG 12132 --- [customer-status-service] [DiscoveryClient-HeartbeatExecutor-%d] o.s.web.client.RestTemplate              : HTTP POST http://localhost:8761/eureka/apps/CUSTOMER-STATUS-SERVICE
2025-12-18T00:41:15.123+05:30 DEBUG 12132 --- [customer-status-service] [DiscoveryClient-HeartbeatExecutor-%d] o.s.web.client.RestTemplate              : Accept=[application/json, application/*+json]
2025-12-18T00:41:15.123+05:30 DEBUG 12132 --- [customer-status-service] [DiscoveryClient-HeartbeatExecutor-%d] o.s.web.client.RestTemplate              : Writing [InstanceInfo [instanceId = host.docker.internal:customer-status-service:8090, appName = CUSTOMER-STATUS-SERVICE, hostName = host.docker.internal, status = UP, ipAddr = 192.168.1.4, port = 8090, securePort = 443, dataCenterInfo = com.netflix.appinfo.MyDataCenterInfo@dc24732] as "application/json"
2025-12-18T00:41:15.132+05:30 DEBUG 12132 --- [customer-status-service] [DiscoveryClient-CacheRefreshExecutor-%d] o.s.web.client.RestTemplate              : Response 404 NOT_FOUND
2025-12-18T00:41:15.134+05:30  WARN 12132 --- [customer-status-service] [DiscoveryClient-CacheRefreshExecutor-%d] c.n.d.s.t.d.RetryableEurekaHttpClient    : Request execution failure with status code 404; retrying on another server if available
2025-12-18T00:41:15.134+05:30  INFO 12132 --- [customer-status-service] [DiscoveryClient-CacheRefreshExecutor-%d] com.netflix.discovery.DiscoveryClient    : DiscoveryClient_CUSTOMER-STATUS-SERVICE/host.docker.internal:customer-status-service:8090 - was unable to refresh its cache! This periodic background refresh will be retried in 30 seconds. status = Cannot execute request on any known server stacktrace = com.netflix.discovery.shared.transport.TransportException: Cannot execute request on any known server
	at com.netflix.discovery.shared.transport.decorator.RetryableEurekaHttpClient.execute(RetryableEurekaHttpClient.java:112)
	at com.netflix.discovery.shared.transport.decorator.EurekaHttpClientDecorator.getApplications(EurekaHttpClientDecorator.java:134)
	at com.netflix.discovery.shared.transport.decorator.EurekaHttpClientDecorator$6.execute(EurekaHttpClientDecorator.java:137)
	at com.netflix.discovery.shared.transport.decorator.SessionedEurekaHttpClient.execute(SessionedEurekaHttpClient.java:76)
	at com.netflix.discovery.shared.transport.decorator.EurekaHttpClientDecorator.getApplications(EurekaHttpClientDecorator.java:134)
	at com.netflix.discovery.DiscoveryClient.getAndStoreFullRegistry(DiscoveryClient.java:1046)
	at com.netflix.discovery.DiscoveryClient.fetchRegistry(DiscoveryClient.java:961)
	at com.netflix.discovery.DiscoveryClient.refreshRegistry(DiscoveryClient.java:1473)
	at com.netflix.discovery.DiscoveryClient$CacheRefreshThread.run(DiscoveryClient.java:1441)
	at java.base/java.util.concurrent.Executors$RunnableAdapter.call(Executors.java:572)
	at java.base/java.util.concurrent.FutureTask.run(FutureTask.java:317)
	at java.base/java.util.concurrent.ThreadPoolExecutor.runWorker(ThreadPoolExecutor.java:1144)
	at java.base/java.util.concurrent.ThreadPoolExecutor$Worker.run(ThreadPoolExecutor.java:642)
	at java.base/java.lang.Thread.run(Thread.java:1583)

2025-12-18T00:41:15.134+05:30 DEBUG 12132 --- [customer-status-service] [DiscoveryClient-HeartbeatExecutor-%d] o.s.web.client.RestTemplate              : Response 404 NOT_FOUND
2025-12-18T00:41:15.134+05:30  INFO 12132 --- [customer-status-service] [DiscoveryClient-HeartbeatExecutor-%d] com.netflix.discovery.DiscoveryClient    : DiscoveryClient_CUSTOMER-STATUS-SERVICE/host.docker.internal:customer-status-service:8090 - registration status: 404
2025-12-18T00:41:15.195+05:30  INFO 12132 --- [customer-status-service] [DiscoveryClient-InstanceInfoReplicator-%d] com.netflix.discovery.DiscoveryClient    : DiscoveryClient_CUSTOMER-STATUS-SERVICE/host.docker.internal:customer-status-service:8090: registering service...
2025-12-18T00:41:15.195+05:30 DEBUG 12132 --- [customer-status-service] [DiscoveryClient-InstanceInfoReplicator-%d] o.s.web.client.RestTemplate              : HTTP POST http://localhost:8761/eureka/apps/CUSTOMER-STATUS-SERVICE
2025-12-18T00:41:15.195+05:30 DEBUG 12132 --- [customer-status-service] [DiscoveryClient-InstanceInfoReplicator-%d] o.s.web.client.RestTemplate              : Accept=[application/json, application/*+json]
2025-12-18T00:41:15.195+05:30 DEBUG 12132 --- [customer-status-service] [DiscoveryClient-InstanceInfoReplicator-%d] o.s.web.client.RestTemplate              : Writing [InstanceInfo [instanceId = host.docker.internal:customer-status-service:8090, appName = CUSTOMER-STATUS-SERVICE, hostName = host.docker.internal, status = UP, ipAddr = 192.168.1.4, port = 8090, securePort = 443, dataCenterInfo = com.netflix.appinfo.MyDataCenterInfo@dc24732] as "application/json"
2025-12-18T00:41:15.213+05:30 DEBUG 12132 --- [customer-status-service] [DiscoveryClient-InstanceInfoReplicator-%d] o.s.web.client.RestTemplate              : Response 404 NOT_FOUND
2025-12-18T00:41:15.215+05:30  INFO 12132 --- [customer-status-service] [DiscoveryClient-InstanceInfoReplicator-%d] com.netflix.discovery.DiscoveryClient    : DiscoveryClient_CUSTOMER-STATUS-SERVICE/host.docker.internal:customer-status-service:8090 - registration status: 404
2025-12-18T00:41:45.148+05:30  INFO 12132 --- [customer-status-service] [DiscoveryClient-CacheRefreshExecutor-%d] com.netflix.discovery.DiscoveryClient    : Disable delta property : false
2025-12-18T00:41:45.148+05:30 DEBUG 12132 --- [customer-status-service] [DiscoveryClient-HeartbeatExecutor-%d] o.s.web.client.RestTemplate              : HTTP PUT http://localhost:8761/eureka/apps/CUSTOMER-STATUS-SERVICE/host.docker.internal:customer-status-service:8090?status=UP&lastDirtyTimestamp=1765998675121
2025-12-18T00:41:45.149+05:30  INFO 12132 --- [customer-status-service] [DiscoveryClient-CacheRefreshExecutor-%d] com.netflix.discovery.DiscoveryClient    : Single vip registry refresh property : null
2025-12-18T00:41:45.149+05:30  INFO 12132 --- [customer-status-service] [DiscoveryClient-CacheRefreshExecutor-%d] com.netflix.discovery.DiscoveryClient    : Force full registry fetch : false
2025-12-18T00:41:45.149+05:30  INFO 12132 --- [customer-status-service] [DiscoveryClient-CacheRefreshExecutor-%d] com.netflix.discovery.DiscoveryClient    : Application is null : false
2025-12-18T00:41:45.149+05:30  INFO 12132 --- [customer-status-service] [DiscoveryClient-CacheRefreshExecutor-%d] com.netflix.discovery.DiscoveryClient    : Registered Applications size is zero : true
2025-12-18T00:41:45.149+05:30  INFO 12132 --- [customer-status-service] [DiscoveryClient-CacheRefreshExecutor-%d] com.netflix.discovery.DiscoveryClient    : Application version is -1: true
2025-12-18T00:41:45.149+05:30  INFO 12132 --- [customer-status-service] [DiscoveryClient-CacheRefreshExecutor-%d] com.netflix.discovery.DiscoveryClient    : Getting all instance registry info from the eureka server
2025-12-18T00:41:45.150+05:30 DEBUG 12132 --- [customer-status-service] [DiscoveryClient-HeartbeatExecutor-%d] o.s.web.client.RestTemplate              : Accept=[application/json, application/*+json]
2025-12-18T00:41:45.158+05:30 DEBUG 12132 --- [customer-status-service] [DiscoveryClient-CacheRefreshExecutor-%d] o.s.web.client.RestTemplate              : HTTP GET http://localhost:8761/eureka/apps/
2025-12-18T00:41:45.173+05:30 DEBUG 12132 --- [customer-status-service] [DiscoveryClient-CacheRefreshExecutor-%d] o.s.web.client.RestTemplate              : Accept=[application/json, application/*+json]
2025-12-18T00:41:45.174+05:30 DEBUG 12132 --- [customer-status-service] [DiscoveryClient-HeartbeatExecutor-%d] o.s.web.client.RestTemplate              : Response 404 NOT_FOUND
2025-12-18T00:41:45.176+05:30  INFO 12132 --- [customer-status-service] [DiscoveryClient-HeartbeatExecutor-%d] com.netflix.discovery.DiscoveryClient    : DiscoveryClient_CUSTOMER-STATUS-SERVICE/host.docker.internal:customer-status-service:8090 - Re-registering apps/CUSTOMER-STATUS-SERVICE
2025-12-18T00:41:45.176+05:30  INFO 12132 --- [customer-status-service] [DiscoveryClient-HeartbeatExecutor-%d] com.netflix.discovery.DiscoveryClient    : DiscoveryClient_CUSTOMER-STATUS-SERVICE/host.docker.internal:customer-status-service:8090: registering service...
2025-12-18T00:41:45.177+05:30 DEBUG 12132 --- [customer-status-service] [DiscoveryClient-HeartbeatExecutor-%d] o.s.web.client.RestTemplate              : HTTP POST http://localhost:8761/eureka/apps/CUSTOMER-STATUS-SERVICE
2025-12-18T00:41:45.177+05:30 DEBUG 12132 --- [customer-status-service] [DiscoveryClient-HeartbeatExecutor-%d] o.s.web.client.RestTemplate              : Accept=[application/json, application/*+json]
2025-12-18T00:41:45.177+05:30 DEBUG 12132 --- [customer-status-service] [DiscoveryClient-HeartbeatExecutor-%d] o.s.web.client.RestTemplate              : Writing [InstanceInfo [instanceId = host.docker.internal:customer-status-service:8090, appName = CUSTOMER-STATUS-SERVICE, hostName = host.docker.internal, status = UP, ipAddr = 192.168.1.4, port = 8090, securePort = 443, dataCenterInfo = com.netflix.appinfo.MyDataCenterInfo@dc24732] as "application/json"
2025-12-18T00:41:45.186+05:30 DEBUG 12132 --- [customer-status-service] [DiscoveryClient-CacheRefreshExecutor-%d] o.s.web.client.RestTemplate              : Response 404 NOT_FOUND
2025-12-18T00:41:45.186+05:30 DEBUG 12132 --- [customer-status-service] [DiscoveryClient-HeartbeatExecutor-%d] o.s.web.client.RestTemplate              : Response 404 NOT_FOUND
2025-12-18T00:41:45.187+05:30  WARN 12132 --- [customer-status-service] [DiscoveryClient-CacheRefreshExecutor-%d] c.n.d.s.t.d.RetryableEurekaHttpClient    : Request execution failure with status code 404; retrying on another server if available
2025-12-18T00:41:45.187+05:30  INFO 12132 --- [customer-status-service] [DiscoveryClient-HeartbeatExecutor-%d] com.netflix.discovery.DiscoveryClient    : DiscoveryClient_CUSTOMER-STATUS-SERVICE/host.docker.internal:customer-status-service:8090 - registration status: 404
2025-12-18T00:41:45.187+05:30  INFO 12132 --- [customer-status-service] [DiscoveryClient-CacheRefreshExecutor-%d] com.netflix.discovery.DiscoveryClient    : DiscoveryClient_CUSTOMER-STATUS-SERVICE/host.docker.internal:customer-status-service:8090 - was unable to refresh its cache! This periodic background refresh will be retried in 30 seconds. status = Cannot execute request on any known server stacktrace = com.netflix.discovery.shared.transport.TransportException: Cannot execute request on any known server
	at com.netflix.discovery.shared.transport.decorator.RetryableEurekaHttpClient.execute(RetryableEurekaHttpClient.java:112)
	at com.netflix.discovery.shared.transport.decorator.EurekaHttpClientDecorator.getApplications(EurekaHttpClientDecorator.java:134)
	at com.netflix.discovery.shared.transport.decorator.EurekaHttpClientDecorator$6.execute(EurekaHttpClientDecorator.java:137)
	at com.netflix.discovery.shared.transport.decorator.SessionedEurekaHttpClient.execute(SessionedEurekaHttpClient.java:76)
	at com.netflix.discovery.shared.transport.decorator.EurekaHttpClientDecorator.getApplications(EurekaHttpClientDecorator.java:134)
	at com.netflix.discovery.DiscoveryClient.getAndStoreFullRegistry(DiscoveryClient.java:1046)
	at com.netflix.discovery.DiscoveryClient.fetchRegistry(DiscoveryClient.java:961)
	at com.netflix.discovery.DiscoveryClient.refreshRegistry(DiscoveryClient.java:1473)
	at com.netflix.discovery.DiscoveryClient$CacheRefreshThread.run(DiscoveryClient.java:1441)
	at java.base/java.util.concurrent.Executors$RunnableAdapter.call(Executors.java:572)
	at java.base/java.util.concurrent.FutureTask.run(FutureTask.java:317)
	at java.base/java.util.concurrent.ThreadPoolExecutor.runWorker(ThreadPoolExecutor.java:1144)
	at java.base/java.util.concurrent.ThreadPoolExecutor$Worker.run(ThreadPoolExecutor.java:642)
	at java.base/java.lang.Thread.run(Thread.java:1583)

2025-12-18T00:41:45.223+05:30  INFO 12132 --- [customer-status-service] [DiscoveryClient-InstanceInfoReplicator-%d] com.netflix.discovery.DiscoveryClient    : DiscoveryClient_CUSTOMER-STATUS-SERVICE/host.docker.internal:customer-status-service:8090: registering service...
2025-12-18T00:41:45.224+05:30 DEBUG 12132 --- [customer-status-service] [DiscoveryClient-InstanceInfoReplicator-%d] o.s.web.client.RestTemplate              : HTTP POST http://localhost:8761/eureka/apps/CUSTOMER-STATUS-SERVICE
2025-12-18T00:41:45.225+05:30 DEBUG 12132 --- [customer-status-service] [DiscoveryClient-InstanceInfoReplicator-%d] o.s.web.client.RestTemplate              : Accept=[application/json, application/*+json]
2025-12-18T00:41:45.226+05:30 DEBUG 12132 --- [customer-status-service] [DiscoveryClient-InstanceInfoReplicator-%d] o.s.web.client.RestTemplate              : Writing [InstanceInfo [instanceId = host.docker.internal:customer-status-service:8090, appName = CUSTOMER-STATUS-SERVICE, hostName = host.docker.internal, status = UP, ipAddr = 192.168.1.4, port = 8090, securePort = 443, dataCenterInfo = com.netflix.appinfo.MyDataCenterInfo@dc24732] as "application/json"
2025-12-18T00:41:45.236+05:30 DEBUG 12132 --- [customer-status-service] [DiscoveryClient-InstanceInfoReplicator-%d] o.s.web.client.RestTemplate              : Response 404 NOT_FOUND
2025-12-18T00:41:45.236+05:30  INFO 12132 --- [customer-status-service] [DiscoveryClient-InstanceInfoReplicator-%d] com.netflix.discovery.DiscoveryClient    : DiscoveryClient_CUSTOMER-STATUS-SERVICE/host.docker.internal:customer-status-service:8090 - registration status: 404
2025-12-18T00:42:15.189+05:30  INFO 12132 --- [customer-status-service] [DiscoveryClient-CacheRefreshExecutor-%d] com.netflix.discovery.DiscoveryClient    : Disable delta property : false
2025-12-18T00:42:15.189+05:30  INFO 12132 --- [customer-status-service] [DiscoveryClient-CacheRefreshExecutor-%d] com.netflix.discovery.DiscoveryClient    : Single vip registry refresh property : null
2025-12-18T00:42:15.191+05:30  INFO 12132 --- [customer-status-service] [DiscoveryClient-CacheRefreshExecutor-%d] com.netflix.discovery.DiscoveryClient    : Force full registry fetch : false
2025-12-18T00:42:15.191+05:30  INFO 12132 --- [customer-status-service] [DiscoveryClient-CacheRefreshExecutor-%d] com.netflix.discovery.DiscoveryClient    : Application is null : false
2025-12-18T00:42:15.191+05:30  INFO 12132 --- [customer-status-service] [DiscoveryClient-CacheRefreshExecutor-%d] com.netflix.discovery.DiscoveryClient    : Registered Applications size is zero : true
2025-12-18T00:42:15.191+05:30  INFO 12132 --- [customer-status-service] [DiscoveryClient-CacheRefreshExecutor-%d] com.netflix.discovery.DiscoveryClient    : Application version is -1: true
2025-12-18T00:42:15.191+05:30  INFO 12132 --- [customer-status-service] [DiscoveryClient-CacheRefreshExecutor-%d] com.netflix.discovery.DiscoveryClient    : Getting all instance registry info from the eureka server
2025-12-18T00:42:15.193+05:30 DEBUG 12132 --- [customer-status-service] [DiscoveryClient-HeartbeatExecutor-%d] o.s.web.client.RestTemplate              : HTTP PUT http://localhost:8761/eureka/apps/CUSTOMER-STATUS-SERVICE/host.docker.internal:customer-status-service:8090?status=UP&lastDirtyTimestamp=1765998705176
2025-12-18T00:42:15.199+05:30 DEBUG 12132 --- [customer-status-service] [DiscoveryClient-HeartbeatExecutor-%d] o.s.web.client.RestTemplate              : Accept=[application/json, application/*+json]
2025-12-18T00:42:15.210+05:30 DEBUG 12132 --- [customer-status-service] [DiscoveryClient-CacheRefreshExecutor-%d] o.s.web.client.RestTemplate              : HTTP GET http://localhost:8761/eureka/apps/
2025-12-18T00:42:15.225+05:30 DEBUG 12132 --- [customer-status-service] [DiscoveryClient-HeartbeatExecutor-%d] o.s.web.client.RestTemplate              : Response 404 NOT_FOUND
2025-12-18T00:42:15.225+05:30  INFO 12132 --- [customer-status-service] [DiscoveryClient-HeartbeatExecutor-%d] com.netflix.discovery.DiscoveryClient    : DiscoveryClient_CUSTOMER-STATUS-SERVICE/host.docker.internal:customer-status-service:8090 - Re-registering apps/CUSTOMER-STATUS-SERVICE
2025-12-18T00:42:15.225+05:30  INFO 12132 --- [customer-status-service] [DiscoveryClient-HeartbeatExecutor-%d] com.netflix.discovery.DiscoveryClient    : DiscoveryClient_CUSTOMER-STATUS-SERVICE/host.docker.internal:customer-status-service:8090: registering service...
2025-12-18T00:42:15.225+05:30 DEBUG 12132 --- [customer-status-service] [DiscoveryClient-HeartbeatExecutor-%d] o.s.web.client.RestTemplate              : HTTP POST http://localhost:8761/eureka/apps/CUSTOMER-STATUS-SERVICE
2025-12-18T00:42:15.228+05:30 DEBUG 12132 --- [customer-status-service] [DiscoveryClient-HeartbeatExecutor-%d] o.s.web.client.RestTemplate              : Accept=[application/json, application/*+json]
2025-12-18T00:42:15.228+05:30 DEBUG 12132 --- [customer-status-service] [DiscoveryClient-HeartbeatExecutor-%d] o.s.web.client.RestTemplate              : Writing [InstanceInfo [instanceId = host.docker.internal:customer-status-service:8090, appName = CUSTOMER-STATUS-SERVICE, hostName = host.docker.internal, status = UP, ipAddr = 192.168.1.4, port = 8090, securePort = 443, dataCenterInfo = com.netflix.appinfo.MyDataCenterInfo@dc24732] as "application/json"
2025-12-18T00:42:15.234+05:30 DEBUG 12132 --- [customer-status-service] [DiscoveryClient-CacheRefreshExecutor-%d] o.s.web.client.RestTemplate              : Accept=[application/json, application/*+json]
2025-12-18T00:42:15.242+05:30  INFO 12132 --- [customer-status-service] [DiscoveryClient-InstanceInfoReplicator-%d] com.netflix.discovery.DiscoveryClient    : DiscoveryClient_CUSTOMER-STATUS-SERVICE/host.docker.internal:customer-status-service:8090: registering service...
2025-12-18T00:42:15.244+05:30 DEBUG 12132 --- [customer-status-service] [DiscoveryClient-InstanceInfoReplicator-%d] o.s.web.client.RestTemplate              : HTTP POST http://localhost:8761/eureka/apps/CUSTOMER-STATUS-SERVICE
2025-12-18T00:42:15.246+05:30 DEBUG 12132 --- [customer-status-service] [DiscoveryClient-HeartbeatExecutor-%d] o.s.web.client.RestTemplate              : Response 404 NOT_FOUND
2025-12-18T00:42:15.246+05:30 DEBUG 12132 --- [customer-status-service] [DiscoveryClient-InstanceInfoReplicator-%d] o.s.web.client.RestTemplate              : Accept=[application/json, application/*+json]
2025-12-18T00:42:15.248+05:30  INFO 12132 --- [customer-status-service] [DiscoveryClient-HeartbeatExecutor-%d] com.netflix.discovery.DiscoveryClient    : DiscoveryClient_CUSTOMER-STATUS-SERVICE/host.docker.internal:customer-status-service:8090 - registration status: 404
2025-12-18T00:42:15.248+05:30 DEBUG 12132 --- [customer-status-service] [DiscoveryClient-InstanceInfoReplicator-%d] o.s.web.client.RestTemplate              : Writing [InstanceInfo [instanceId = host.docker.internal:customer-status-service:8090, appName = CUSTOMER-STATUS-SERVICE, hostName = host.docker.internal, status = UP, ipAddr = 192.168.1.4, port = 8090, securePort = 443, dataCenterInfo = com.netflix.appinfo.MyDataCenterInfo@dc24732] as "application/json"
2025-12-18T00:42:15.257+05:30 DEBUG 12132 --- [customer-status-service] [DiscoveryClient-CacheRefreshExecutor-%d] o.s.web.client.RestTemplate              : Response 404 NOT_FOUND
2025-12-18T00:42:15.259+05:30  WARN 12132 --- [customer-status-service] [DiscoveryClient-CacheRefreshExecutor-%d] c.n.d.s.t.d.RetryableEurekaHttpClient    : Request execution failure with status code 404; retrying on another server if available
2025-12-18T00:42:15.265+05:30  INFO 12132 --- [customer-status-service] [DiscoveryClient-CacheRefreshExecutor-%d] com.netflix.discovery.DiscoveryClient    : DiscoveryClient_CUSTOMER-STATUS-SERVICE/host.docker.internal:customer-status-service:8090 - was unable to refresh its cache! This periodic background refresh will be retried in 30 seconds. status = Cannot execute request on any known server stacktrace = com.netflix.discovery.shared.transport.TransportException: Cannot execute request on any known server
	at com.netflix.discovery.shared.transport.decorator.RetryableEurekaHttpClient.execute(RetryableEurekaHttpClient.java:112)
	at com.netflix.discovery.shared.transport.decorator.EurekaHttpClientDecorator.getApplications(EurekaHttpClientDecorator.java:134)
	at com.netflix.discovery.shared.transport.decorator.EurekaHttpClientDecorator$6.execute(EurekaHttpClientDecorator.java:137)
	at com.netflix.discovery.shared.transport.decorator.SessionedEurekaHttpClient.execute(SessionedEurekaHttpClient.java:76)
	at com.netflix.discovery.shared.transport.decorator.EurekaHttpClientDecorator.getApplications(EurekaHttpClientDecorator.java:134)
	at com.netflix.discovery.DiscoveryClient.getAndStoreFullRegistry(DiscoveryClient.java:1046)
	at com.netflix.discovery.DiscoveryClient.fetchRegistry(DiscoveryClient.java:961)
	at com.netflix.discovery.DiscoveryClient.refreshRegistry(DiscoveryClient.java:1473)
	at com.netflix.discovery.DiscoveryClient$CacheRefreshThread.run(DiscoveryClient.java:1441)
	at java.base/java.util.concurrent.Executors$RunnableAdapter.call(Executors.java:572)
	at java.base/java.util.concurrent.FutureTask.run(FutureTask.java:317)
	at java.base/java.util.concurrent.ThreadPoolExecutor.runWorker(ThreadPoolExecutor.java:1144)
	at java.base/java.util.concurrent.ThreadPoolExecutor$Worker.run(ThreadPoolExecutor.java:642)
	at java.base/java.lang.Thread.run(Thread.java:1583)

2025-12-18T00:42:15.278+05:30 DEBUG 12132 --- [customer-status-service] [DiscoveryClient-InstanceInfoReplicator-%d] o.s.web.client.RestTemplate              : Response 404 NOT_FOUND
2025-12-18T00:42:15.285+05:30  INFO 12132 --- [customer-status-service] [DiscoveryClient-InstanceInfoReplicator-%d] com.netflix.discovery.DiscoveryClient    : DiscoveryClient_CUSTOMER-STATUS-SERVICE/host.docker.internal:customer-status-service:8090 - registration status: 404
2025-12-18T00:42:45.263+05:30 DEBUG 12132 --- [customer-status-service] [DiscoveryClient-HeartbeatExecutor-%d] o.s.web.client.RestTemplate              : HTTP PUT http://localhost:8761/eureka/apps/CUSTOMER-STATUS-SERVICE/host.docker.internal:customer-status-service:8090?status=UP&lastDirtyTimestamp=1765998735225
2025-12-18T00:42:45.265+05:30 DEBUG 12132 --- [customer-status-service] [DiscoveryClient-HeartbeatExecutor-%d] o.s.web.client.RestTemplate              : Accept=[application/json, application/*+json]
2025-12-18T00:42:45.279+05:30  INFO 12132 --- [customer-status-service] [DiscoveryClient-CacheRefreshExecutor-%d] com.netflix.discovery.DiscoveryClient    : Disable delta property : false
2025-12-18T00:42:45.279+05:30  INFO 12132 --- [customer-status-service] [DiscoveryClient-CacheRefreshExecutor-%d] com.netflix.discovery.DiscoveryClient    : Single vip registry refresh property : null
2025-12-18T00:42:45.279+05:30  INFO 12132 --- [customer-status-service] [DiscoveryClient-CacheRefreshExecutor-%d] com.netflix.discovery.DiscoveryClient    : Force full registry fetch : false
2025-12-18T00:42:45.279+05:30  INFO 12132 --- [customer-status-service] [DiscoveryClient-CacheRefreshExecutor-%d] com.netflix.discovery.DiscoveryClient    : Application is null : false
2025-12-18T00:42:45.279+05:30  INFO 12132 --- [customer-status-service] [DiscoveryClient-CacheRefreshExecutor-%d] com.netflix.discovery.DiscoveryClient    : Registered Applications size is zero : true
2025-12-18T00:42:45.279+05:30  INFO 12132 --- [customer-status-service] [DiscoveryClient-CacheRefreshExecutor-%d] com.netflix.discovery.DiscoveryClient    : Application version is -1: true
2025-12-18T00:42:45.279+05:30  INFO 12132 --- [customer-status-service] [DiscoveryClient-CacheRefreshExecutor-%d] com.netflix.discovery.DiscoveryClient    : Getting all instance registry info from the eureka server
2025-12-18T00:42:45.289+05:30 DEBUG 12132 --- [customer-status-service] [DiscoveryClient-HeartbeatExecutor-%d] o.s.web.client.RestTemplate              : Response 404 NOT_FOUND
2025-12-18T00:42:45.291+05:30 DEBUG 12132 --- [customer-status-service] [DiscoveryClient-CacheRefreshExecutor-%d] o.s.web.client.RestTemplate              : HTTP GET http://localhost:8761/eureka/apps/
2025-12-18T00:42:45.291+05:30  INFO 12132 --- [customer-status-service] [DiscoveryClient-HeartbeatExecutor-%d] com.netflix.discovery.DiscoveryClient    : DiscoveryClient_CUSTOMER-STATUS-SERVICE/host.docker.internal:customer-status-service:8090 - Re-registering apps/CUSTOMER-STATUS-SERVICE
2025-12-18T00:42:45.291+05:30  INFO 12132 --- [customer-status-service] [DiscoveryClient-HeartbeatExecutor-%d] com.netflix.discovery.DiscoveryClient    : DiscoveryClient_CUSTOMER-STATUS-SERVICE/host.docker.internal:customer-status-service:8090: registering service...
2025-12-18T00:42:45.293+05:30 DEBUG 12132 --- [customer-status-service] [DiscoveryClient-HeartbeatExecutor-%d] o.s.web.client.RestTemplate              : HTTP POST http://localhost:8761/eureka/apps/CUSTOMER-STATUS-SERVICE
2025-12-18T00:42:45.293+05:30 DEBUG 12132 --- [customer-status-service] [DiscoveryClient-HeartbeatExecutor-%d] o.s.web.client.RestTemplate              : Accept=[application/json, application/*+json]
2025-12-18T00:42:45.293+05:30 DEBUG 12132 --- [customer-status-service] [DiscoveryClient-HeartbeatExecutor-%d] o.s.web.client.RestTemplate              : Writing [InstanceInfo [instanceId = host.docker.internal:customer-status-service:8090, appName = CUSTOMER-STATUS-SERVICE, hostName = host.docker.internal, status = UP, ipAddr = 192.168.1.4, port = 8090, securePort = 443, dataCenterInfo = com.netflix.appinfo.MyDataCenterInfo@dc24732] as "application/json"
2025-12-18T00:42:45.302+05:30 DEBUG 12132 --- [customer-status-service] [DiscoveryClient-HeartbeatExecutor-%d] o.s.web.client.RestTemplate              : Response 404 NOT_FOUND
2025-12-18T00:42:45.302+05:30  INFO 12132 --- [customer-status-service] [DiscoveryClient-HeartbeatExecutor-%d] com.netflix.discovery.DiscoveryClient    : DiscoveryClient_CUSTOMER-STATUS-SERVICE/host.docker.internal:customer-status-service:8090 - registration status: 404
2025-12-18T00:42:45.302+05:30 DEBUG 12132 --- [customer-status-service] [DiscoveryClient-CacheRefreshExecutor-%d] o.s.web.client.RestTemplate              : Accept=[application/json, application/*+json]
2025-12-18T00:42:45.318+05:30 DEBUG 12132 --- [customer-status-service] [DiscoveryClient-CacheRefreshExecutor-%d] o.s.web.client.RestTemplate              : Response 404 NOT_FOUND
2025-12-18T00:42:45.327+05:30  WARN 12132 --- [customer-status-service] [DiscoveryClient-CacheRefreshExecutor-%d] c.n.d.s.t.d.RetryableEurekaHttpClient    : Request execution failure with status code 404; retrying on another server if available
2025-12-18T00:42:45.327+05:30  INFO 12132 --- [customer-status-service] [DiscoveryClient-CacheRefreshExecutor-%d] com.netflix.discovery.DiscoveryClient    : DiscoveryClient_CUSTOMER-STATUS-SERVICE/host.docker.internal:customer-status-service:8090 - was unable to refresh its cache! This periodic background refresh will be retried in 30 seconds. status = Cannot execute request on any known server stacktrace = com.netflix.discovery.shared.transport.TransportException: Cannot execute request on any known server
	at com.netflix.discovery.shared.transport.decorator.RetryableEurekaHttpClient.execute(RetryableEurekaHttpClient.java:112)
	at com.netflix.discovery.shared.transport.decorator.EurekaHttpClientDecorator.getApplications(EurekaHttpClientDecorator.java:134)
	at com.netflix.discovery.shared.transport.decorator.EurekaHttpClientDecorator$6.execute(EurekaHttpClientDecorator.java:137)
	at com.netflix.discovery.shared.transport.decorator.SessionedEurekaHttpClient.execute(SessionedEurekaHttpClient.java:76)
	at com.netflix.discovery.shared.transport.decorator.EurekaHttpClientDecorator.getApplications(EurekaHttpClientDecorator.java:134)
	at com.netflix.discovery.DiscoveryClient.getAndStoreFullRegistry(DiscoveryClient.java:1046)
	at com.netflix.discovery.DiscoveryClient.fetchRegistry(DiscoveryClient.java:961)
	at com.netflix.discovery.DiscoveryClient.refreshRegistry(DiscoveryClient.java:1473)
	at com.netflix.discovery.DiscoveryClient$CacheRefreshThread.run(DiscoveryClient.java:1441)
	at java.base/java.util.concurrent.Executors$RunnableAdapter.call(Executors.java:572)
	at java.base/java.util.concurrent.FutureTask.run(FutureTask.java:317)
	at java.base/java.util.concurrent.ThreadPoolExecutor.runWorker(ThreadPoolExecutor.java:1144)
	at java.base/java.util.concurrent.ThreadPoolExecutor$Worker.run(ThreadPoolExecutor.java:642)
	at java.base/java.lang.Thread.run(Thread.java:1583)

2025-12-18T00:43:15.294+05:30  INFO 12132 --- [customer-status-service] [DiscoveryClient-InstanceInfoReplicator-%d] com.netflix.discovery.DiscoveryClient    : DiscoveryClient_CUSTOMER-STATUS-SERVICE/host.docker.internal:customer-status-service:8090: registering service...
2025-12-18T00:43:15.294+05:30 DEBUG 12132 --- [customer-status-service] [DiscoveryClient-InstanceInfoReplicator-%d] o.s.web.client.RestTemplate              : HTTP POST http://localhost:8761/eureka/apps/CUSTOMER-STATUS-SERVICE
2025-12-18T00:43:15.301+05:30 DEBUG 12132 --- [customer-status-service] [DiscoveryClient-InstanceInfoReplicator-%d] o.s.web.client.RestTemplate              : Accept=[application/json, application/*+json]
2025-12-18T00:43:15.301+05:30 DEBUG 12132 --- [customer-status-service] [DiscoveryClient-InstanceInfoReplicator-%d] o.s.web.client.RestTemplate              : Writing [InstanceInfo [instanceId = host.docker.internal:customer-status-service:8090, appName = CUSTOMER-STATUS-SERVICE, hostName = host.docker.internal, status = UP, ipAddr = 192.168.1.4, port = 8090, securePort = 443, dataCenterInfo = com.netflix.appinfo.MyDataCenterInfo@dc24732] as "application/json"
2025-12-18T00:43:15.309+05:30 DEBUG 12132 --- [customer-status-service] [DiscoveryClient-HeartbeatExecutor-%d] o.s.web.client.RestTemplate              : HTTP PUT http://localhost:8761/eureka/apps/CUSTOMER-STATUS-SERVICE/host.docker.internal:customer-status-service:8090?status=UP&lastDirtyTimestamp=1765998765291
2025-12-18T00:43:15.309+05:30 DEBUG 12132 --- [customer-status-service] [DiscoveryClient-HeartbeatExecutor-%d] o.s.web.client.RestTemplate              : Accept=[application/json, application/*+json]
2025-12-18T00:43:15.322+05:30 DEBUG 12132 --- [customer-status-service] [DiscoveryClient-InstanceInfoReplicator-%d] o.s.web.client.RestTemplate              : Response 404 NOT_FOUND
2025-12-18T00:43:15.322+05:30  INFO 12132 --- [customer-status-service] [DiscoveryClient-InstanceInfoReplicator-%d] com.netflix.discovery.DiscoveryClient    : DiscoveryClient_CUSTOMER-STATUS-SERVICE/host.docker.internal:customer-status-service:8090 - registration status: 404
2025-12-18T00:43:15.325+05:30 DEBUG 12132 --- [customer-status-service] [DiscoveryClient-HeartbeatExecutor-%d] o.s.web.client.RestTemplate              : Response 404 NOT_FOUND
2025-12-18T00:43:15.325+05:30  INFO 12132 --- [customer-status-service] [DiscoveryClient-HeartbeatExecutor-%d] com.netflix.discovery.DiscoveryClient    : DiscoveryClient_CUSTOMER-STATUS-SERVICE/host.docker.internal:customer-status-service:8090 - Re-registering apps/CUSTOMER-STATUS-SERVICE
2025-12-18T00:43:15.325+05:30  INFO 12132 --- [customer-status-service] [DiscoveryClient-HeartbeatExecutor-%d] com.netflix.discovery.DiscoveryClient    : DiscoveryClient_CUSTOMER-STATUS-SERVICE/host.docker.internal:customer-status-service:8090: registering service...
2025-12-18T00:43:15.329+05:30 DEBUG 12132 --- [customer-status-service] [DiscoveryClient-HeartbeatExecutor-%d] o.s.web.client.RestTemplate              : HTTP POST http://localhost:8761/eureka/apps/CUSTOMER-STATUS-SERVICE
2025-12-18T00:43:15.329+05:30 DEBUG 12132 --- [customer-status-service] [DiscoveryClient-HeartbeatExecutor-%d] o.s.web.client.RestTemplate              : Accept=[application/json, application/*+json]
2025-12-18T00:43:15.329+05:30 DEBUG 12132 --- [customer-status-service] [DiscoveryClient-HeartbeatExecutor-%d] o.s.web.client.RestTemplate              : Writing [InstanceInfo [instanceId = host.docker.internal:customer-status-service:8090, appName = CUSTOMER-STATUS-SERVICE, hostName = host.docker.internal, status = UP, ipAddr = 192.168.1.4, port = 8090, securePort = 443, dataCenterInfo = com.netflix.appinfo.MyDataCenterInfo@dc24732] as "application/json"
2025-12-18T00:43:15.335+05:30  INFO 12132 --- [customer-status-service] [DiscoveryClient-CacheRefreshExecutor-%d] com.netflix.discovery.DiscoveryClient    : Disable delta property : false
2025-12-18T00:43:15.335+05:30  INFO 12132 --- [customer-status-service] [DiscoveryClient-CacheRefreshExecutor-%d] com.netflix.discovery.DiscoveryClient    : Single vip registry refresh property : null
2025-12-18T00:43:15.335+05:30  INFO 12132 --- [customer-status-service] [DiscoveryClient-CacheRefreshExecutor-%d] com.netflix.discovery.DiscoveryClient    : Force full registry fetch : false
2025-12-18T00:43:15.335+05:30  INFO 12132 --- [customer-status-service] [DiscoveryClient-CacheRefreshExecutor-%d] com.netflix.discovery.DiscoveryClient    : Application is null : false
2025-12-18T00:43:15.335+05:30  INFO 12132 --- [customer-status-service] [DiscoveryClient-CacheRefreshExecutor-%d] com.netflix.discovery.DiscoveryClient    : Registered Applications size is zero : true
2025-12-18T00:43:15.335+05:30  INFO 12132 --- [customer-status-service] [DiscoveryClient-CacheRefreshExecutor-%d] com.netflix.discovery.DiscoveryClient    : Application version is -1: true
2025-12-18T00:43:15.335+05:30  INFO 12132 --- [customer-status-service] [DiscoveryClient-CacheRefreshExecutor-%d] com.netflix.discovery.DiscoveryClient    : Getting all instance registry info from the eureka server
2025-12-18T00:43:15.340+05:30 DEBUG 12132 --- [customer-status-service] [DiscoveryClient-HeartbeatExecutor-%d] o.s.web.client.RestTemplate              : Response 404 NOT_FOUND
2025-12-18T00:43:15.340+05:30  INFO 12132 --- [customer-status-service] [DiscoveryClient-HeartbeatExecutor-%d] com.netflix.discovery.DiscoveryClient    : DiscoveryClient_CUSTOMER-STATUS-SERVICE/host.docker.internal:customer-status-service:8090 - registration status: 404
2025-12-18T00:43:15.340+05:30 DEBUG 12132 --- [customer-status-service] [DiscoveryClient-CacheRefreshExecutor-%d] o.s.web.client.RestTemplate              : HTTP GET http://localhost:8761/eureka/apps/
2025-12-18T00:43:15.368+05:30 DEBUG 12132 --- [customer-status-service] [DiscoveryClient-CacheRefreshExecutor-%d] o.s.web.client.RestTemplate              : Accept=[application/json, application/*+json]
2025-12-18T00:43:15.390+05:30 DEBUG 12132 --- [customer-status-service] [DiscoveryClient-CacheRefreshExecutor-%d] o.s.web.client.RestTemplate              : Response 404 NOT_FOUND
2025-12-18T00:43:15.392+05:30  WARN 12132 --- [customer-status-service] [DiscoveryClient-CacheRefreshExecutor-%d] c.n.d.s.t.d.RetryableEurekaHttpClient    : Request execution failure with status code 404; retrying on another server if available
2025-12-18T00:43:15.392+05:30  INFO 12132 --- [customer-status-service] [DiscoveryClient-CacheRefreshExecutor-%d] com.netflix.discovery.DiscoveryClient    : DiscoveryClient_CUSTOMER-STATUS-SERVICE/host.docker.internal:customer-status-service:8090 - was unable to refresh its cache! This periodic background refresh will be retried in 30 seconds. status = Cannot execute request on any known server stacktrace = com.netflix.discovery.shared.transport.TransportException: Cannot execute request on any known server
	at com.netflix.discovery.shared.transport.decorator.RetryableEurekaHttpClient.execute(RetryableEurekaHttpClient.java:112)
	at com.netflix.discovery.shared.transport.decorator.EurekaHttpClientDecorator.getApplications(EurekaHttpClientDecorator.java:134)
	at com.netflix.discovery.shared.transport.decorator.EurekaHttpClientDecorator$6.execute(EurekaHttpClientDecorator.java:137)
	at com.netflix.discovery.shared.transport.decorator.SessionedEurekaHttpClient.execute(SessionedEurekaHttpClient.java:76)
	at com.netflix.discovery.shared.transport.decorator.EurekaHttpClientDecorator.getApplications(EurekaHttpClientDecorator.java:134)
	at com.netflix.discovery.DiscoveryClient.getAndStoreFullRegistry(DiscoveryClient.java:1046)
	at com.netflix.discovery.DiscoveryClient.fetchRegistry(DiscoveryClient.java:961)
	at com.netflix.discovery.DiscoveryClient.refreshRegistry(DiscoveryClient.java:1473)
	at com.netflix.discovery.DiscoveryClient$CacheRefreshThread.run(DiscoveryClient.java:1441)
	at java.base/java.util.concurrent.Executors$RunnableAdapter.call(Executors.java:572)
	at java.base/java.util.concurrent.FutureTask.run(FutureTask.java:317)
	at java.base/java.util.concurrent.ThreadPoolExecutor.runWorker(ThreadPoolExecutor.java:1144)
	at java.base/java.util.concurrent.ThreadPoolExecutor$Worker.run(ThreadPoolExecutor.java:642)
	at java.base/java.lang.Thread.run(Thread.java:1583)

2025-12-18T00:43:45.327+05:30  INFO 12132 --- [customer-status-service] [DiscoveryClient-InstanceInfoReplicator-%d] com.netflix.discovery.DiscoveryClient    : DiscoveryClient_CUSTOMER-STATUS-SERVICE/host.docker.internal:customer-status-service:8090: registering service...
2025-12-18T00:43:45.327+05:30 DEBUG 12132 --- [customer-status-service] [DiscoveryClient-InstanceInfoReplicator-%d] o.s.web.client.RestTemplate              : HTTP POST http://localhost:8761/eureka/apps/CUSTOMER-STATUS-SERVICE
2025-12-18T00:43:45.327+05:30 DEBUG 12132 --- [customer-status-service] [DiscoveryClient-InstanceInfoReplicator-%d] o.s.web.client.RestTemplate              : Accept=[application/json, application/*+json]
2025-12-18T00:43:45.327+05:30 DEBUG 12132 --- [customer-status-service] [DiscoveryClient-InstanceInfoReplicator-%d] o.s.web.client.RestTemplate              : Writing [InstanceInfo [instanceId = host.docker.internal:customer-status-service:8090, appName = CUSTOMER-STATUS-SERVICE, hostName = host.docker.internal, status = UP, ipAddr = 192.168.1.4, port = 8090, securePort = 443, dataCenterInfo = com.netflix.appinfo.MyDataCenterInfo@dc24732] as "application/json"
2025-12-18T00:43:45.354+05:30 DEBUG 12132 --- [customer-status-service] [DiscoveryClient-InstanceInfoReplicator-%d] o.s.web.client.RestTemplate              : Response 404 NOT_FOUND
2025-12-18T00:43:45.356+05:30  INFO 12132 --- [customer-status-service] [DiscoveryClient-InstanceInfoReplicator-%d] com.netflix.discovery.DiscoveryClient    : DiscoveryClient_CUSTOMER-STATUS-SERVICE/host.docker.internal:customer-status-service:8090 - registration status: 404
2025-12-18T00:43:45.358+05:30 DEBUG 12132 --- [customer-status-service] [DiscoveryClient-HeartbeatExecutor-%d] o.s.web.client.RestTemplate              : HTTP PUT http://localhost:8761/eureka/apps/CUSTOMER-STATUS-SERVICE/host.docker.internal:customer-status-service:8090?status=UP&lastDirtyTimestamp=1765998795325
2025-12-18T00:43:45.358+05:30 DEBUG 12132 --- [customer-status-service] [DiscoveryClient-HeartbeatExecutor-%d] o.s.web.client.RestTemplate              : Accept=[application/json, application/*+json]
2025-12-18T00:43:45.368+05:30 DEBUG 12132 --- [customer-status-service] [DiscoveryClient-HeartbeatExecutor-%d] o.s.web.client.RestTemplate              : Response 404 NOT_FOUND
2025-12-18T00:43:45.370+05:30  INFO 12132 --- [customer-status-service] [DiscoveryClient-HeartbeatExecutor-%d] com.netflix.discovery.DiscoveryClient    : DiscoveryClient_CUSTOMER-STATUS-SERVICE/host.docker.internal:customer-status-service:8090 - Re-registering apps/CUSTOMER-STATUS-SERVICE
2025-12-18T00:43:45.370+05:30  INFO 12132 --- [customer-status-service] [DiscoveryClient-HeartbeatExecutor-%d] com.netflix.discovery.DiscoveryClient    : DiscoveryClient_CUSTOMER-STATUS-SERVICE/host.docker.internal:customer-status-service:8090: registering service...
2025-12-18T00:43:45.370+05:30 DEBUG 12132 --- [customer-status-service] [DiscoveryClient-HeartbeatExecutor-%d] o.s.web.client.RestTemplate              : HTTP POST http://localhost:8761/eureka/apps/CUSTOMER-STATUS-SERVICE
2025-12-18T00:43:45.372+05:30 DEBUG 12132 --- [customer-status-service] [DiscoveryClient-HeartbeatExecutor-%d] o.s.web.client.RestTemplate              : Accept=[application/json, application/*+json]
2025-12-18T00:43:45.372+05:30 DEBUG 12132 --- [customer-status-service] [DiscoveryClient-HeartbeatExecutor-%d] o.s.web.client.RestTemplate              : Writing [InstanceInfo [instanceId = host.docker.internal:customer-status-service:8090, appName = CUSTOMER-STATUS-SERVICE, hostName = host.docker.internal, status = UP, ipAddr = 192.168.1.4, port = 8090, securePort = 443, dataCenterInfo = com.netflix.appinfo.MyDataCenterInfo@dc24732] as "application/json"
2025-12-18T00:43:45.383+05:30 DEBUG 12132 --- [customer-status-service] [DiscoveryClient-HeartbeatExecutor-%d] o.s.web.client.RestTemplate              : Response 404 NOT_FOUND
2025-12-18T00:43:45.383+05:30  INFO 12132 --- [customer-status-service] [DiscoveryClient-HeartbeatExecutor-%d] com.netflix.discovery.DiscoveryClient    : DiscoveryClient_CUSTOMER-STATUS-SERVICE/host.docker.internal:customer-status-service:8090 - registration status: 404
2025-12-18T00:43:45.399+05:30  INFO 12132 --- [customer-status-service] [DiscoveryClient-CacheRefreshExecutor-%d] com.netflix.discovery.DiscoveryClient    : Disable delta property : false
2025-12-18T00:43:45.399+05:30  INFO 12132 --- [customer-status-service] [DiscoveryClient-CacheRefreshExecutor-%d] com.netflix.discovery.DiscoveryClient    : Single vip registry refresh property : null
2025-12-18T00:43:45.399+05:30  INFO 12132 --- [customer-status-service] [DiscoveryClient-CacheRefreshExecutor-%d] com.netflix.discovery.DiscoveryClient    : Force full registry fetch : false
2025-12-18T00:43:45.399+05:30  INFO 12132 --- [customer-status-service] [DiscoveryClient-CacheRefreshExecutor-%d] com.netflix.discovery.DiscoveryClient    : Application is null : false
2025-12-18T00:43:45.399+05:30  INFO 12132 --- [customer-status-service] [DiscoveryClient-CacheRefreshExecutor-%d] com.netflix.discovery.DiscoveryClient    : Registered Applications size is zero : true
2025-12-18T00:43:45.399+05:30  INFO 12132 --- [customer-status-service] [DiscoveryClient-CacheRefreshExecutor-%d] com.netflix.discovery.DiscoveryClient    : Application version is -1: true
2025-12-18T00:43:45.401+05:30  INFO 12132 --- [customer-status-service] [DiscoveryClient-CacheRefreshExecutor-%d] com.netflix.discovery.DiscoveryClient    : Getting all instance registry info from the eureka server
2025-12-18T00:43:45.409+05:30 DEBUG 12132 --- [customer-status-service] [DiscoveryClient-CacheRefreshExecutor-%d] o.s.web.client.RestTemplate              : HTTP GET http://localhost:8761/eureka/apps/
2025-12-18T00:43:45.415+05:30 DEBUG 12132 --- [customer-status-service] [DiscoveryClient-CacheRefreshExecutor-%d] o.s.web.client.RestTemplate              : Accept=[application/json, application/*+json]
2025-12-18T00:43:45.442+05:30 DEBUG 12132 --- [customer-status-service] [DiscoveryClient-CacheRefreshExecutor-%d] o.s.web.client.RestTemplate              : Response 404 NOT_FOUND
2025-12-18T00:43:45.442+05:30  WARN 12132 --- [customer-status-service] [DiscoveryClient-CacheRefreshExecutor-%d] c.n.d.s.t.d.RetryableEurekaHttpClient    : Request execution failure with status code 404; retrying on another server if available
2025-12-18T00:43:45.442+05:30  INFO 12132 --- [customer-status-service] [DiscoveryClient-CacheRefreshExecutor-%d] com.netflix.discovery.DiscoveryClient    : DiscoveryClient_CUSTOMER-STATUS-SERVICE/host.docker.internal:customer-status-service:8090 - was unable to refresh its cache! This periodic background refresh will be retried in 30 seconds. status = Cannot execute request on any known server stacktrace = com.netflix.discovery.shared.transport.TransportException: Cannot execute request on any known server
	at com.netflix.discovery.shared.transport.decorator.RetryableEurekaHttpClient.execute(RetryableEurekaHttpClient.java:112)
	at com.netflix.discovery.shared.transport.decorator.EurekaHttpClientDecorator.getApplications(EurekaHttpClientDecorator.java:134)
	at com.netflix.discovery.shared.transport.decorator.EurekaHttpClientDecorator$6.execute(EurekaHttpClientDecorator.java:137)
	at com.netflix.discovery.shared.transport.decorator.SessionedEurekaHttpClient.execute(SessionedEurekaHttpClient.java:76)
	at com.netflix.discovery.shared.transport.decorator.EurekaHttpClientDecorator.getApplications(EurekaHttpClientDecorator.java:134)
	at com.netflix.discovery.DiscoveryClient.getAndStoreFullRegistry(DiscoveryClient.java:1046)
	at com.netflix.discovery.DiscoveryClient.fetchRegistry(DiscoveryClient.java:961)
	at com.netflix.discovery.DiscoveryClient.refreshRegistry(DiscoveryClient.java:1473)
	at com.netflix.discovery.DiscoveryClient$CacheRefreshThread.run(DiscoveryClient.java:1441)
	at java.base/java.util.concurrent.Executors$RunnableAdapter.call(Executors.java:572)
	at java.base/java.util.concurrent.FutureTask.run(FutureTask.java:317)
	at java.base/java.util.concurrent.ThreadPoolExecutor.runWorker(ThreadPoolExecutor.java:1144)
	at java.base/java.util.concurrent.ThreadPoolExecutor$Worker.run(ThreadPoolExecutor.java:642)
	at java.base/java.lang.Thread.run(Thread.java:1583)

2025-12-18T00:44:15.359+05:30  INFO 12132 --- [customer-status-service] [DiscoveryClient-InstanceInfoReplicator-%d] com.netflix.discovery.DiscoveryClient    : DiscoveryClient_CUSTOMER-STATUS-SERVICE/host.docker.internal:customer-status-service:8090: registering service...
2025-12-18T00:44:15.361+05:30 DEBUG 12132 --- [customer-status-service] [DiscoveryClient-InstanceInfoReplicator-%d] o.s.web.client.RestTemplate              : HTTP POST http://localhost:8761/eureka/apps/CUSTOMER-STATUS-SERVICE
2025-12-18T00:44:15.361+05:30 DEBUG 12132 --- [customer-status-service] [DiscoveryClient-InstanceInfoReplicator-%d] o.s.web.client.RestTemplate              : Accept=[application/json, application/*+json]
2025-12-18T00:44:15.362+05:30 DEBUG 12132 --- [customer-status-service] [DiscoveryClient-InstanceInfoReplicator-%d] o.s.web.client.RestTemplate              : Writing [InstanceInfo [instanceId = host.docker.internal:customer-status-service:8090, appName = CUSTOMER-STATUS-SERVICE, hostName = host.docker.internal, status = UP, ipAddr = 192.168.1.4, port = 8090, securePort = 443, dataCenterInfo = com.netflix.appinfo.MyDataCenterInfo@dc24732] as "application/json"
2025-12-18T00:44:15.382+05:30 DEBUG 12132 --- [customer-status-service] [DiscoveryClient-InstanceInfoReplicator-%d] o.s.web.client.RestTemplate              : Response 404 NOT_FOUND
2025-12-18T00:44:15.383+05:30  INFO 12132 --- [customer-status-service] [DiscoveryClient-InstanceInfoReplicator-%d] com.netflix.discovery.DiscoveryClient    : DiscoveryClient_CUSTOMER-STATUS-SERVICE/host.docker.internal:customer-status-service:8090 - registration status: 404
2025-12-18T00:44:15.390+05:30 DEBUG 12132 --- [customer-status-service] [DiscoveryClient-HeartbeatExecutor-%d] o.s.web.client.RestTemplate              : HTTP PUT http://localhost:8761/eureka/apps/CUSTOMER-STATUS-SERVICE/host.docker.internal:customer-status-service:8090?status=UP&lastDirtyTimestamp=1765998825370
2025-12-18T00:44:15.391+05:30 DEBUG 12132 --- [customer-status-service] [DiscoveryClient-HeartbeatExecutor-%d] o.s.web.client.RestTemplate              : Accept=[application/json, application/*+json]
2025-12-18T00:44:15.395+05:30 DEBUG 12132 --- [customer-status-service] [DiscoveryClient-HeartbeatExecutor-%d] o.s.web.client.RestTemplate              : Response 404 NOT_FOUND
2025-12-18T00:44:15.396+05:30  INFO 12132 --- [customer-status-service] [DiscoveryClient-HeartbeatExecutor-%d] com.netflix.discovery.DiscoveryClient    : DiscoveryClient_CUSTOMER-STATUS-SERVICE/host.docker.internal:customer-status-service:8090 - Re-registering apps/CUSTOMER-STATUS-SERVICE
2025-12-18T00:44:15.396+05:30  INFO 12132 --- [customer-status-service] [DiscoveryClient-HeartbeatExecutor-%d] com.netflix.discovery.DiscoveryClient    : DiscoveryClient_CUSTOMER-STATUS-SERVICE/host.docker.internal:customer-status-service:8090: registering service...
2025-12-18T00:44:15.397+05:30 DEBUG 12132 --- [customer-status-service] [DiscoveryClient-HeartbeatExecutor-%d] o.s.web.client.RestTemplate              : HTTP POST http://localhost:8761/eureka/apps/CUSTOMER-STATUS-SERVICE
2025-12-18T00:44:15.398+05:30 DEBUG 12132 --- [customer-status-service] [DiscoveryClient-HeartbeatExecutor-%d] o.s.web.client.RestTemplate              : Accept=[application/json, application/*+json]
2025-12-18T00:44:15.398+05:30 DEBUG 12132 --- [customer-status-service] [DiscoveryClient-HeartbeatExecutor-%d] o.s.web.client.RestTemplate              : Writing [InstanceInfo [instanceId = host.docker.internal:customer-status-service:8090, appName = CUSTOMER-STATUS-SERVICE, hostName = host.docker.internal, status = UP, ipAddr = 192.168.1.4, port = 8090, securePort = 443, dataCenterInfo = com.netflix.appinfo.MyDataCenterInfo@dc24732] as "application/json"
2025-12-18T00:44:15.404+05:30 DEBUG 12132 --- [customer-status-service] [DiscoveryClient-HeartbeatExecutor-%d] o.s.web.client.RestTemplate              : Response 404 NOT_FOUND
2025-12-18T00:44:15.405+05:30  INFO 12132 --- [customer-status-service] [DiscoveryClient-HeartbeatExecutor-%d] com.netflix.discovery.DiscoveryClient    : DiscoveryClient_CUSTOMER-STATUS-SERVICE/host.docker.internal:customer-status-service:8090 - registration status: 404
2025-12-18T00:44:15.453+05:30  INFO 12132 --- [customer-status-service] [DiscoveryClient-CacheRefreshExecutor-%d] com.netflix.discovery.DiscoveryClient    : Disable delta property : false
2025-12-18T00:44:15.454+05:30  INFO 12132 --- [customer-status-service] [DiscoveryClient-CacheRefreshExecutor-%d] com.netflix.discovery.DiscoveryClient    : Single vip registry refresh property : null
2025-12-18T00:44:15.454+05:30  INFO 12132 --- [customer-status-service] [DiscoveryClient-CacheRefreshExecutor-%d] com.netflix.discovery.DiscoveryClient    : Force full registry fetch : false
2025-12-18T00:44:15.454+05:30  INFO 12132 --- [customer-status-service] [DiscoveryClient-CacheRefreshExecutor-%d] com.netflix.discovery.DiscoveryClient    : Application is null : false
2025-12-18T00:44:15.454+05:30  INFO 12132 --- [customer-status-service] [DiscoveryClient-CacheRefreshExecutor-%d] com.netflix.discovery.DiscoveryClient    : Registered Applications size is zero : true
2025-12-18T00:44:15.454+05:30  INFO 12132 --- [customer-status-service] [DiscoveryClient-CacheRefreshExecutor-%d] com.netflix.discovery.DiscoveryClient    : Application version is -1: true
2025-12-18T00:44:15.454+05:30  INFO 12132 --- [customer-status-service] [DiscoveryClient-CacheRefreshExecutor-%d] com.netflix.discovery.DiscoveryClient    : Getting all instance registry info from the eureka server
2025-12-18T00:44:15.460+05:30 DEBUG 12132 --- [customer-status-service] [DiscoveryClient-CacheRefreshExecutor-%d] o.s.web.client.RestTemplate              : HTTP GET http://localhost:8761/eureka/apps/
2025-12-18T00:44:15.470+05:30 DEBUG 12132 --- [customer-status-service] [DiscoveryClient-CacheRefreshExecutor-%d] o.s.web.client.RestTemplate              : Accept=[application/json, application/*+json]
2025-12-18T00:44:15.477+05:30 DEBUG 12132 --- [customer-status-service] [DiscoveryClient-CacheRefreshExecutor-%d] o.s.web.client.RestTemplate              : Response 404 NOT_FOUND
2025-12-18T00:44:15.478+05:30  WARN 12132 --- [customer-status-service] [DiscoveryClient-CacheRefreshExecutor-%d] c.n.d.s.t.d.RetryableEurekaHttpClient    : Request execution failure with status code 404; retrying on another server if available
2025-12-18T00:44:15.479+05:30  INFO 12132 --- [customer-status-service] [DiscoveryClient-CacheRefreshExecutor-%d] com.netflix.discovery.DiscoveryClient    : DiscoveryClient_CUSTOMER-STATUS-SERVICE/host.docker.internal:customer-status-service:8090 - was unable to refresh its cache! This periodic background refresh will be retried in 30 seconds. status = Cannot execute request on any known server stacktrace = com.netflix.discovery.shared.transport.TransportException: Cannot execute request on any known server
	at com.netflix.discovery.shared.transport.decorator.RetryableEurekaHttpClient.execute(RetryableEurekaHttpClient.java:112)
	at com.netflix.discovery.shared.transport.decorator.EurekaHttpClientDecorator.getApplications(EurekaHttpClientDecorator.java:134)
	at com.netflix.discovery.shared.transport.decorator.EurekaHttpClientDecorator$6.execute(EurekaHttpClientDecorator.java:137)
	at com.netflix.discovery.shared.transport.decorator.SessionedEurekaHttpClient.execute(SessionedEurekaHttpClient.java:76)
	at com.netflix.discovery.shared.transport.decorator.EurekaHttpClientDecorator.getApplications(EurekaHttpClientDecorator.java:134)
	at com.netflix.discovery.DiscoveryClient.getAndStoreFullRegistry(DiscoveryClient.java:1046)
	at com.netflix.discovery.DiscoveryClient.fetchRegistry(DiscoveryClient.java:961)
	at com.netflix.discovery.DiscoveryClient.refreshRegistry(DiscoveryClient.java:1473)
	at com.netflix.discovery.DiscoveryClient$CacheRefreshThread.run(DiscoveryClient.java:1441)
	at java.base/java.util.concurrent.Executors$RunnableAdapter.call(Executors.java:572)
	at java.base/java.util.concurrent.FutureTask.run(FutureTask.java:317)
	at java.base/java.util.concurrent.ThreadPoolExecutor.runWorker(ThreadPoolExecutor.java:1144)
	at java.base/java.util.concurrent.ThreadPoolExecutor$Worker.run(ThreadPoolExecutor.java:642)
	at java.base/java.lang.Thread.run(Thread.java:1583)

2025-12-18T00:44:45.389+05:30  INFO 12132 --- [customer-status-service] [DiscoveryClient-InstanceInfoReplicator-%d] com.netflix.discovery.DiscoveryClient    : DiscoveryClient_CUSTOMER-STATUS-SERVICE/host.docker.internal:customer-status-service:8090: registering service...
2025-12-18T00:44:45.390+05:30 DEBUG 12132 --- [customer-status-service] [DiscoveryClient-InstanceInfoReplicator-%d] o.s.web.client.RestTemplate              : HTTP POST http://localhost:8761/eureka/apps/CUSTOMER-STATUS-SERVICE
2025-12-18T00:44:45.391+05:30 DEBUG 12132 --- [customer-status-service] [DiscoveryClient-InstanceInfoReplicator-%d] o.s.web.client.RestTemplate              : Accept=[application/json, application/*+json]
2025-12-18T00:44:45.392+05:30 DEBUG 12132 --- [customer-status-service] [DiscoveryClient-InstanceInfoReplicator-%d] o.s.web.client.RestTemplate              : Writing [InstanceInfo [instanceId = host.docker.internal:customer-status-service:8090, appName = CUSTOMER-STATUS-SERVICE, hostName = host.docker.internal, status = UP, ipAddr = 192.168.1.4, port = 8090, securePort = 443, dataCenterInfo = com.netflix.appinfo.MyDataCenterInfo@dc24732] as "application/json"
2025-12-18T00:44:45.413+05:30 DEBUG 12132 --- [customer-status-service] [DiscoveryClient-InstanceInfoReplicator-%d] o.s.web.client.RestTemplate              : Response 404 NOT_FOUND
2025-12-18T00:44:45.415+05:30  INFO 12132 --- [customer-status-service] [DiscoveryClient-InstanceInfoReplicator-%d] com.netflix.discovery.DiscoveryClient    : DiscoveryClient_CUSTOMER-STATUS-SERVICE/host.docker.internal:customer-status-service:8090 - registration status: 404
2025-12-18T00:44:45.420+05:30 DEBUG 12132 --- [customer-status-service] [DiscoveryClient-HeartbeatExecutor-%d] o.s.web.client.RestTemplate              : HTTP PUT http://localhost:8761/eureka/apps/CUSTOMER-STATUS-SERVICE/host.docker.internal:customer-status-service:8090?status=UP&lastDirtyTimestamp=1765998855396
2025-12-18T00:44:45.421+05:30 DEBUG 12132 --- [customer-status-service] [DiscoveryClient-HeartbeatExecutor-%d] o.s.web.client.RestTemplate              : Accept=[application/json, application/*+json]
2025-12-18T00:44:45.431+05:30 DEBUG 12132 --- [customer-status-service] [DiscoveryClient-HeartbeatExecutor-%d] o.s.web.client.RestTemplate              : Response 404 NOT_FOUND
2025-12-18T00:44:45.432+05:30  INFO 12132 --- [customer-status-service] [DiscoveryClient-HeartbeatExecutor-%d] com.netflix.discovery.DiscoveryClient    : DiscoveryClient_CUSTOMER-STATUS-SERVICE/host.docker.internal:customer-status-service:8090 - Re-registering apps/CUSTOMER-STATUS-SERVICE
2025-12-18T00:44:45.432+05:30  INFO 12132 --- [customer-status-service] [DiscoveryClient-HeartbeatExecutor-%d] com.netflix.discovery.DiscoveryClient    : DiscoveryClient_CUSTOMER-STATUS-SERVICE/host.docker.internal:customer-status-service:8090: registering service...
2025-12-18T00:44:45.434+05:30 DEBUG 12132 --- [customer-status-service] [DiscoveryClient-HeartbeatExecutor-%d] o.s.web.client.RestTemplate              : HTTP POST http://localhost:8761/eureka/apps/CUSTOMER-STATUS-SERVICE
2025-12-18T00:44:45.436+05:30 DEBUG 12132 --- [customer-status-service] [DiscoveryClient-HeartbeatExecutor-%d] o.s.web.client.RestTemplate              : Accept=[application/json, application/*+json]
2025-12-18T00:44:45.436+05:30 DEBUG 12132 --- [customer-status-service] [DiscoveryClient-HeartbeatExecutor-%d] o.s.web.client.RestTemplate              : Writing [InstanceInfo [instanceId = host.docker.internal:customer-status-service:8090, appName = CUSTOMER-STATUS-SERVICE, hostName = host.docker.internal, status = UP, ipAddr = 192.168.1.4, port = 8090, securePort = 443, dataCenterInfo = com.netflix.appinfo.MyDataCenterInfo@dc24732] as "application/json"
2025-12-18T00:44:45.442+05:30 DEBUG 12132 --- [customer-status-service] [DiscoveryClient-HeartbeatExecutor-%d] o.s.web.client.RestTemplate              : Response 404 NOT_FOUND
2025-12-18T00:44:45.443+05:30  INFO 12132 --- [customer-status-service] [DiscoveryClient-HeartbeatExecutor-%d] com.netflix.discovery.DiscoveryClient    : DiscoveryClient_CUSTOMER-STATUS-SERVICE/host.docker.internal:customer-status-service:8090 - registration status: 404
2025-12-18T00:44:45.483+05:30  INFO 12132 --- [customer-status-service] [DiscoveryClient-CacheRefreshExecutor-%d] com.netflix.discovery.DiscoveryClient    : Disable delta property : false
2025-12-18T00:44:45.484+05:30  INFO 12132 --- [customer-status-service] [DiscoveryClient-CacheRefreshExecutor-%d] com.netflix.discovery.DiscoveryClient    : Single vip registry refresh property : null
2025-12-18T00:44:45.484+05:30  INFO 12132 --- [customer-status-service] [DiscoveryClient-CacheRefreshExecutor-%d] com.netflix.discovery.DiscoveryClient    : Force full registry fetch : false
2025-12-18T00:44:45.484+05:30  INFO 12132 --- [customer-status-service] [DiscoveryClient-CacheRefreshExecutor-%d] com.netflix.discovery.DiscoveryClient    : Application is null : false
2025-12-18T00:44:45.484+05:30  INFO 12132 --- [customer-status-service] [DiscoveryClient-CacheRefreshExecutor-%d] com.netflix.discovery.DiscoveryClient    : Registered Applications size is zero : true
2025-12-18T00:44:45.484+05:30  INFO 12132 --- [customer-status-service] [DiscoveryClient-CacheRefreshExecutor-%d] com.netflix.discovery.DiscoveryClient    : Application version is -1: true
2025-12-18T00:44:45.484+05:30  INFO 12132 --- [customer-status-service] [DiscoveryClient-CacheRefreshExecutor-%d] com.netflix.discovery.DiscoveryClient    : Getting all instance registry info from the eureka server
2025-12-18T00:44:45.491+05:30 DEBUG 12132 --- [customer-status-service] [DiscoveryClient-CacheRefreshExecutor-%d] o.s.web.client.RestTemplate              : HTTP GET http://localhost:8761/eureka/apps/
2025-12-18T00:44:45.513+05:30 DEBUG 12132 --- [customer-status-service] [DiscoveryClient-CacheRefreshExecutor-%d] o.s.web.client.RestTemplate              : Accept=[application/json, application/*+json]
2025-12-18T00:44:45.524+05:30 DEBUG 12132 --- [customer-status-service] [DiscoveryClient-CacheRefreshExecutor-%d] o.s.web.client.RestTemplate              : Response 404 NOT_FOUND
2025-12-18T00:44:45.525+05:30  WARN 12132 --- [customer-status-service] [DiscoveryClient-CacheRefreshExecutor-%d] c.n.d.s.t.d.RetryableEurekaHttpClient    : Request execution failure with status code 404; retrying on another server if available
2025-12-18T00:44:45.525+05:30  INFO 12132 --- [customer-status-service] [DiscoveryClient-CacheRefreshExecutor-%d] com.netflix.discovery.DiscoveryClient    : DiscoveryClient_CUSTOMER-STATUS-SERVICE/host.docker.internal:customer-status-service:8090 - was unable to refresh its cache! This periodic background refresh will be retried in 30 seconds. status = Cannot execute request on any known server stacktrace = com.netflix.discovery.shared.transport.TransportException: Cannot execute request on any known server
	at com.netflix.discovery.shared.transport.decorator.RetryableEurekaHttpClient.execute(RetryableEurekaHttpClient.java:112)
	at com.netflix.discovery.shared.transport.decorator.EurekaHttpClientDecorator.getApplications(EurekaHttpClientDecorator.java:134)
	at com.netflix.discovery.shared.transport.decorator.EurekaHttpClientDecorator$6.execute(EurekaHttpClientDecorator.java:137)
	at com.netflix.discovery.shared.transport.decorator.SessionedEurekaHttpClient.execute(SessionedEurekaHttpClient.java:76)
	at com.netflix.discovery.shared.transport.decorator.EurekaHttpClientDecorator.getApplications(EurekaHttpClientDecorator.java:134)
	at com.netflix.discovery.DiscoveryClient.getAndStoreFullRegistry(DiscoveryClient.java:1046)
	at com.netflix.discovery.DiscoveryClient.fetchRegistry(DiscoveryClient.java:961)
	at com.netflix.discovery.DiscoveryClient.refreshRegistry(DiscoveryClient.java:1473)
	at com.netflix.discovery.DiscoveryClient$CacheRefreshThread.run(DiscoveryClient.java:1441)
	at java.base/java.util.concurrent.Executors$RunnableAdapter.call(Executors.java:572)
	at java.base/java.util.concurrent.FutureTask.run(FutureTask.java:317)
	at java.base/java.util.concurrent.ThreadPoolExecutor.runWorker(ThreadPoolExecutor.java:1144)
	at java.base/java.util.concurrent.ThreadPoolExecutor$Worker.run(ThreadPoolExecutor.java:642)
	at java.base/java.lang.Thread.run(Thread.java:1583)

2025-12-18T00:45:15.424+05:30  INFO 12132 --- [customer-status-service] [DiscoveryClient-InstanceInfoReplicator-%d] com.netflix.discovery.DiscoveryClient    : DiscoveryClient_CUSTOMER-STATUS-SERVICE/host.docker.internal:customer-status-service:8090: registering service...
2025-12-18T00:45:15.426+05:30 DEBUG 12132 --- [customer-status-service] [DiscoveryClient-InstanceInfoReplicator-%d] o.s.web.client.RestTemplate              : HTTP POST http://localhost:8761/eureka/apps/CUSTOMER-STATUS-SERVICE
2025-12-18T00:45:15.427+05:30 DEBUG 12132 --- [customer-status-service] [DiscoveryClient-InstanceInfoReplicator-%d] o.s.web.client.RestTemplate              : Accept=[application/json, application/*+json]
2025-12-18T00:45:15.427+05:30 DEBUG 12132 --- [customer-status-service] [DiscoveryClient-InstanceInfoReplicator-%d] o.s.web.client.RestTemplate              : Writing [InstanceInfo [instanceId = host.docker.internal:customer-status-service:8090, appName = CUSTOMER-STATUS-SERVICE, hostName = host.docker.internal, status = UP, ipAddr = 192.168.1.4, port = 8090, securePort = 443, dataCenterInfo = com.netflix.appinfo.MyDataCenterInfo@dc24732] as "application/json"
2025-12-18T00:45:15.446+05:30 DEBUG 12132 --- [customer-status-service] [DiscoveryClient-InstanceInfoReplicator-%d] o.s.web.client.RestTemplate              : Response 404 NOT_FOUND
2025-12-18T00:45:15.447+05:30  INFO 12132 --- [customer-status-service] [DiscoveryClient-InstanceInfoReplicator-%d] com.netflix.discovery.DiscoveryClient    : DiscoveryClient_CUSTOMER-STATUS-SERVICE/host.docker.internal:customer-status-service:8090 - registration status: 404
2025-12-18T00:45:15.456+05:30 DEBUG 12132 --- [customer-status-service] [DiscoveryClient-HeartbeatExecutor-%d] o.s.web.client.RestTemplate              : HTTP PUT http://localhost:8761/eureka/apps/CUSTOMER-STATUS-SERVICE/host.docker.internal:customer-status-service:8090?status=UP&lastDirtyTimestamp=1765998885432
2025-12-18T00:45:15.457+05:30 DEBUG 12132 --- [customer-status-service] [DiscoveryClient-HeartbeatExecutor-%d] o.s.web.client.RestTemplate              : Accept=[application/json, application/*+json]
2025-12-18T00:45:15.464+05:30 DEBUG 12132 --- [customer-status-service] [DiscoveryClient-HeartbeatExecutor-%d] o.s.web.client.RestTemplate              : Response 404 NOT_FOUND
2025-12-18T00:45:15.464+05:30  INFO 12132 --- [customer-status-service] [DiscoveryClient-HeartbeatExecutor-%d] com.netflix.discovery.DiscoveryClient    : DiscoveryClient_CUSTOMER-STATUS-SERVICE/host.docker.internal:customer-status-service:8090 - Re-registering apps/CUSTOMER-STATUS-SERVICE
2025-12-18T00:45:15.464+05:30  INFO 12132 --- [customer-status-service] [DiscoveryClient-HeartbeatExecutor-%d] com.netflix.discovery.DiscoveryClient    : DiscoveryClient_CUSTOMER-STATUS-SERVICE/host.docker.internal:customer-status-service:8090: registering service...
2025-12-18T00:45:15.465+05:30 DEBUG 12132 --- [customer-status-service] [DiscoveryClient-HeartbeatExecutor-%d] o.s.web.client.RestTemplate              : HTTP POST http://localhost:8761/eureka/apps/CUSTOMER-STATUS-SERVICE
2025-12-18T00:45:15.466+05:30 DEBUG 12132 --- [customer-status-service] [DiscoveryClient-HeartbeatExecutor-%d] o.s.web.client.RestTemplate              : Accept=[application/json, application/*+json]
2025-12-18T00:45:15.466+05:30 DEBUG 12132 --- [customer-status-service] [DiscoveryClient-HeartbeatExecutor-%d] o.s.web.client.RestTemplate              : Writing [InstanceInfo [instanceId = host.docker.internal:customer-status-service:8090, appName = CUSTOMER-STATUS-SERVICE, hostName = host.docker.internal, status = UP, ipAddr = 192.168.1.4, port = 8090, securePort = 443, dataCenterInfo = com.netflix.appinfo.MyDataCenterInfo@dc24732] as "application/json"
2025-12-18T00:45:15.473+05:30 DEBUG 12132 --- [customer-status-service] [DiscoveryClient-HeartbeatExecutor-%d] o.s.web.client.RestTemplate              : Response 404 NOT_FOUND
2025-12-18T00:45:15.475+05:30  INFO 12132 --- [customer-status-service] [DiscoveryClient-HeartbeatExecutor-%d] com.netflix.discovery.DiscoveryClient    : DiscoveryClient_CUSTOMER-STATUS-SERVICE/host.docker.internal:customer-status-service:8090 - registration status: 404
2025-12-18T00:45:15.536+05:30  INFO 12132 --- [customer-status-service] [DiscoveryClient-CacheRefreshExecutor-%d] com.netflix.discovery.DiscoveryClient    : Disable delta property : false
2025-12-18T00:45:15.536+05:30  INFO 12132 --- [customer-status-service] [DiscoveryClient-CacheRefreshExecutor-%d] com.netflix.discovery.DiscoveryClient    : Single vip registry refresh property : null
2025-12-18T00:45:15.537+05:30  INFO 12132 --- [customer-status-service] [DiscoveryClient-CacheRefreshExecutor-%d] com.netflix.discovery.DiscoveryClient    : Force full registry fetch : false
2025-12-18T00:45:15.537+05:30  INFO 12132 --- [customer-status-service] [DiscoveryClient-CacheRefreshExecutor-%d] com.netflix.discovery.DiscoveryClient    : Application is null : false
2025-12-18T00:45:15.537+05:30  INFO 12132 --- [customer-status-service] [DiscoveryClient-CacheRefreshExecutor-%d] com.netflix.discovery.DiscoveryClient    : Registered Applications size is zero : true
2025-12-18T00:45:15.537+05:30  INFO 12132 --- [customer-status-service] [DiscoveryClient-CacheRefreshExecutor-%d] com.netflix.discovery.DiscoveryClient    : Application version is -1: true
2025-12-18T00:45:15.537+05:30  INFO 12132 --- [customer-status-service] [DiscoveryClient-CacheRefreshExecutor-%d] com.netflix.discovery.DiscoveryClient    : Getting all instance registry info from the eureka server
2025-12-18T00:45:15.544+05:30 DEBUG 12132 --- [customer-status-service] [DiscoveryClient-CacheRefreshExecutor-%d] o.s.web.client.RestTemplate              : HTTP GET http://localhost:8761/eureka/apps/
2025-12-18T00:45:15.553+05:30 DEBUG 12132 --- [customer-status-service] [DiscoveryClient-CacheRefreshExecutor-%d] o.s.web.client.RestTemplate              : Accept=[application/json, application/*+json]
2025-12-18T00:45:15.562+05:30 DEBUG 12132 --- [customer-status-service] [DiscoveryClient-CacheRefreshExecutor-%d] o.s.web.client.RestTemplate              : Response 404 NOT_FOUND
2025-12-18T00:45:15.563+05:30  WARN 12132 --- [customer-status-service] [DiscoveryClient-CacheRefreshExecutor-%d] c.n.d.s.t.d.RetryableEurekaHttpClient    : Request execution failure with status code 404; retrying on another server if available
2025-12-18T00:45:15.563+05:30  INFO 12132 --- [customer-status-service] [DiscoveryClient-CacheRefreshExecutor-%d] com.netflix.discovery.DiscoveryClient    : DiscoveryClient_CUSTOMER-STATUS-SERVICE/host.docker.internal:customer-status-service:8090 - was unable to refresh its cache! This periodic background refresh will be retried in 30 seconds. status = Cannot execute request on any known server stacktrace = com.netflix.discovery.shared.transport.TransportException: Cannot execute request on any known server
	at com.netflix.discovery.shared.transport.decorator.RetryableEurekaHttpClient.execute(RetryableEurekaHttpClient.java:112)
	at com.netflix.discovery.shared.transport.decorator.EurekaHttpClientDecorator.getApplications(EurekaHttpClientDecorator.java:134)
	at com.netflix.discovery.shared.transport.decorator.EurekaHttpClientDecorator$6.execute(EurekaHttpClientDecorator.java:137)
	at com.netflix.discovery.shared.transport.decorator.SessionedEurekaHttpClient.execute(SessionedEurekaHttpClient.java:76)
	at com.netflix.discovery.shared.transport.decorator.EurekaHttpClientDecorator.getApplications(EurekaHttpClientDecorator.java:134)
	at com.netflix.discovery.DiscoveryClient.getAndStoreFullRegistry(DiscoveryClient.java:1046)
	at com.netflix.discovery.DiscoveryClient.fetchRegistry(DiscoveryClient.java:961)
	at com.netflix.discovery.DiscoveryClient.refreshRegistry(DiscoveryClient.java:1473)
	at com.netflix.discovery.DiscoveryClient$CacheRefreshThread.run(DiscoveryClient.java:1441)
	at java.base/java.util.concurrent.Executors$RunnableAdapter.call(Executors.java:572)
	at java.base/java.util.concurrent.FutureTask.run(FutureTask.java:317)
	at java.base/java.util.concurrent.ThreadPoolExecutor.runWorker(ThreadPoolExecutor.java:1144)
	at java.base/java.util.concurrent.ThreadPoolExecutor$Worker.run(ThreadPoolExecutor.java:642)
	at java.base/java.lang.Thread.run(Thread.java:1583)

2025-12-18T00:45:44.316+05:30  INFO 12132 --- [customer-status-service] [AsyncResolver-bootstrap-executor-%d] c.n.d.s.r.aws.ConfigClusterResolver      : Resolving eureka endpoints via configuration
2025-12-18T00:45:45.454+05:30  INFO 12132 --- [customer-status-service] [DiscoveryClient-InstanceInfoReplicator-%d] com.netflix.discovery.DiscoveryClient    : DiscoveryClient_CUSTOMER-STATUS-SERVICE/host.docker.internal:customer-status-service:8090: registering service...
2025-12-18T00:45:45.455+05:30 DEBUG 12132 --- [customer-status-service] [DiscoveryClient-InstanceInfoReplicator-%d] o.s.web.client.RestTemplate              : HTTP POST http://localhost:8761/eureka/apps/CUSTOMER-STATUS-SERVICE
2025-12-18T00:45:45.456+05:30 DEBUG 12132 --- [customer-status-service] [DiscoveryClient-InstanceInfoReplicator-%d] o.s.web.client.RestTemplate              : Accept=[application/json, application/*+json]
2025-12-18T00:45:45.456+05:30 DEBUG 12132 --- [customer-status-service] [DiscoveryClient-InstanceInfoReplicator-%d] o.s.web.client.RestTemplate              : Writing [InstanceInfo [instanceId = host.docker.internal:customer-status-service:8090, appName = CUSTOMER-STATUS-SERVICE, hostName = host.docker.internal, status = UP, ipAddr = 192.168.1.4, port = 8090, securePort = 443, dataCenterInfo = com.netflix.appinfo.MyDataCenterInfo@dc24732] as "application/json"
2025-12-18T00:45:45.478+05:30 DEBUG 12132 --- [customer-status-service] [DiscoveryClient-InstanceInfoReplicator-%d] o.s.web.client.RestTemplate              : Response 404 NOT_FOUND
2025-12-18T00:45:45.478+05:30  INFO 12132 --- [customer-status-service] [DiscoveryClient-InstanceInfoReplicator-%d] com.netflix.discovery.DiscoveryClient    : DiscoveryClient_CUSTOMER-STATUS-SERVICE/host.docker.internal:customer-status-service:8090 - registration status: 404
2025-12-18T00:45:45.487+05:30 DEBUG 12132 --- [customer-status-service] [DiscoveryClient-HeartbeatExecutor-%d] o.s.web.client.RestTemplate              : HTTP PUT http://localhost:8761/eureka/apps/CUSTOMER-STATUS-SERVICE/host.docker.internal:customer-status-service:8090?status=UP&lastDirtyTimestamp=1765998915464
2025-12-18T00:45:45.488+05:30 DEBUG 12132 --- [customer-status-service] [DiscoveryClient-HeartbeatExecutor-%d] o.s.web.client.RestTemplate              : Accept=[application/json, application/*+json]
2025-12-18T00:45:45.500+05:30 DEBUG 12132 --- [customer-status-service] [DiscoveryClient-HeartbeatExecutor-%d] o.s.web.client.RestTemplate              : Response 404 NOT_FOUND
2025-12-18T00:45:45.500+05:30  INFO 12132 --- [customer-status-service] [DiscoveryClient-HeartbeatExecutor-%d] com.netflix.discovery.DiscoveryClient    : DiscoveryClient_CUSTOMER-STATUS-SERVICE/host.docker.internal:customer-status-service:8090 - Re-registering apps/CUSTOMER-STATUS-SERVICE
2025-12-18T00:45:45.500+05:30  INFO 12132 --- [customer-status-service] [DiscoveryClient-HeartbeatExecutor-%d] com.netflix.discovery.DiscoveryClient    : DiscoveryClient_CUSTOMER-STATUS-SERVICE/host.docker.internal:customer-status-service:8090: registering service...
2025-12-18T00:45:45.501+05:30 DEBUG 12132 --- [customer-status-service] [DiscoveryClient-HeartbeatExecutor-%d] o.s.web.client.RestTemplate              : HTTP POST http://localhost:8761/eureka/apps/CUSTOMER-STATUS-SERVICE
2025-12-18T00:45:45.504+05:30 DEBUG 12132 --- [customer-status-service] [DiscoveryClient-HeartbeatExecutor-%d] o.s.web.client.RestTemplate              : Accept=[application/json, application/*+json]
2025-12-18T00:45:45.504+05:30 DEBUG 12132 --- [customer-status-service] [DiscoveryClient-HeartbeatExecutor-%d] o.s.web.client.RestTemplate              : Writing [InstanceInfo [instanceId = host.docker.internal:customer-status-service:8090, appName = CUSTOMER-STATUS-SERVICE, hostName = host.docker.internal, status = UP, ipAddr = 192.168.1.4, port = 8090, securePort = 443, dataCenterInfo = com.netflix.appinfo.MyDataCenterInfo@dc24732] as "application/json"
2025-12-18T00:45:45.514+05:30 DEBUG 12132 --- [customer-status-service] [DiscoveryClient-HeartbeatExecutor-%d] o.s.web.client.RestTemplate              : Response 404 NOT_FOUND
2025-12-18T00:45:45.515+05:30  INFO 12132 --- [customer-status-service] [DiscoveryClient-HeartbeatExecutor-%d] com.netflix.discovery.DiscoveryClient    : DiscoveryClient_CUSTOMER-STATUS-SERVICE/host.docker.internal:customer-status-service:8090 - registration status: 404
2025-12-18T00:45:45.578+05:30  INFO 12132 --- [customer-status-service] [DiscoveryClient-CacheRefreshExecutor-%d] com.netflix.discovery.DiscoveryClient    : Disable delta property : false
2025-12-18T00:45:45.579+05:30  INFO 12132 --- [customer-status-service] [DiscoveryClient-CacheRefreshExecutor-%d] com.netflix.discovery.DiscoveryClient    : Single vip registry refresh property : null
2025-12-18T00:45:45.579+05:30  INFO 12132 --- [customer-status-service] [DiscoveryClient-CacheRefreshExecutor-%d] com.netflix.discovery.DiscoveryClient    : Force full registry fetch : false
2025-12-18T00:45:45.579+05:30  INFO 12132 --- [customer-status-service] [DiscoveryClient-CacheRefreshExecutor-%d] com.netflix.discovery.DiscoveryClient    : Application is null : false
2025-12-18T00:45:45.579+05:30  INFO 12132 --- [customer-status-service] [DiscoveryClient-CacheRefreshExecutor-%d] com.netflix.discovery.DiscoveryClient    : Registered Applications size is zero : true
2025-12-18T00:45:45.579+05:30  INFO 12132 --- [customer-status-service] [DiscoveryClient-CacheRefreshExecutor-%d] com.netflix.discovery.DiscoveryClient    : Application version is -1: true
2025-12-18T00:45:45.579+05:30  INFO 12132 --- [customer-status-service] [DiscoveryClient-CacheRefreshExecutor-%d] com.netflix.discovery.DiscoveryClient    : Getting all instance registry info from the eureka server
2025-12-18T00:45:45.589+05:30 DEBUG 12132 --- [customer-status-service] [DiscoveryClient-CacheRefreshExecutor-%d] o.s.web.client.RestTemplate              : HTTP GET http://localhost:8761/eureka/apps/
2025-12-18T00:45:45.597+05:30 DEBUG 12132 --- [customer-status-service] [DiscoveryClient-CacheRefreshExecutor-%d] o.s.web.client.RestTemplate              : Accept=[application/json, application/*+json]
2025-12-18T00:45:45.609+05:30 DEBUG 12132 --- [customer-status-service] [DiscoveryClient-CacheRefreshExecutor-%d] o.s.web.client.RestTemplate              : Response 404 NOT_FOUND
2025-12-18T00:45:45.610+05:30  WARN 12132 --- [customer-status-service] [DiscoveryClient-CacheRefreshExecutor-%d] c.n.d.s.t.d.RetryableEurekaHttpClient    : Request execution failure with status code 404; retrying on another server if available
2025-12-18T00:45:45.610+05:30  INFO 12132 --- [customer-status-service] [DiscoveryClient-CacheRefreshExecutor-%d] com.netflix.discovery.DiscoveryClient    : DiscoveryClient_CUSTOMER-STATUS-SERVICE/host.docker.internal:customer-status-service:8090 - was unable to refresh its cache! This periodic background refresh will be retried in 30 seconds. status = Cannot execute request on any known server stacktrace = com.netflix.discovery.shared.transport.TransportException: Cannot execute request on any known server
	at com.netflix.discovery.shared.transport.decorator.RetryableEurekaHttpClient.execute(RetryableEurekaHttpClient.java:112)
	at com.netflix.discovery.shared.transport.decorator.EurekaHttpClientDecorator.getApplications(EurekaHttpClientDecorator.java:134)
	at com.netflix.discovery.shared.transport.decorator.EurekaHttpClientDecorator$6.execute(EurekaHttpClientDecorator.java:137)
	at com.netflix.discovery.shared.transport.decorator.SessionedEurekaHttpClient.execute(SessionedEurekaHttpClient.java:76)
	at com.netflix.discovery.shared.transport.decorator.EurekaHttpClientDecorator.getApplications(EurekaHttpClientDecorator.java:134)
	at com.netflix.discovery.DiscoveryClient.getAndStoreFullRegistry(DiscoveryClient.java:1046)
	at com.netflix.discovery.DiscoveryClient.fetchRegistry(DiscoveryClient.java:961)
	at com.netflix.discovery.DiscoveryClient.refreshRegistry(DiscoveryClient.java:1473)
	at com.netflix.discovery.DiscoveryClient$CacheRefreshThread.run(DiscoveryClient.java:1441)
	at java.base/java.util.concurrent.Executors$RunnableAdapter.call(Executors.java:572)
	at java.base/java.util.concurrent.FutureTask.run(FutureTask.java:317)
	at java.base/java.util.concurrent.ThreadPoolExecutor.runWorker(ThreadPoolExecutor.java:1144)
	at java.base/java.util.concurrent.ThreadPoolExecutor$Worker.run(ThreadPoolExecutor.java:642)
	at java.base/java.lang.Thread.run(Thread.java:1583)

2025-12-18T00:46:15.491+05:30  INFO 12132 --- [customer-status-service] [DiscoveryClient-InstanceInfoReplicator-%d] com.netflix.discovery.DiscoveryClient    : DiscoveryClient_CUSTOMER-STATUS-SERVICE/host.docker.internal:customer-status-service:8090: registering service...
2025-12-18T00:46:15.492+05:30 DEBUG 12132 --- [customer-status-service] [DiscoveryClient-InstanceInfoReplicator-%d] o.s.web.client.RestTemplate              : HTTP POST http://localhost:8761/eureka/apps/CUSTOMER-STATUS-SERVICE
2025-12-18T00:46:15.494+05:30 DEBUG 12132 --- [customer-status-service] [DiscoveryClient-InstanceInfoReplicator-%d] o.s.web.client.RestTemplate              : Accept=[application/json, application/*+json]
2025-12-18T00:46:15.495+05:30 DEBUG 12132 --- [customer-status-service] [DiscoveryClient-InstanceInfoReplicator-%d] o.s.web.client.RestTemplate              : Writing [InstanceInfo [instanceId = host.docker.internal:customer-status-service:8090, appName = CUSTOMER-STATUS-SERVICE, hostName = host.docker.internal, status = UP, ipAddr = 192.168.1.4, port = 8090, securePort = 443, dataCenterInfo = com.netflix.appinfo.MyDataCenterInfo@dc24732] as "application/json"
2025-12-18T00:46:15.514+05:30 DEBUG 12132 --- [customer-status-service] [DiscoveryClient-InstanceInfoReplicator-%d] o.s.web.client.RestTemplate              : Response 404 NOT_FOUND
2025-12-18T00:46:15.516+05:30  INFO 12132 --- [customer-status-service] [DiscoveryClient-InstanceInfoReplicator-%d] com.netflix.discovery.DiscoveryClient    : DiscoveryClient_CUSTOMER-STATUS-SERVICE/host.docker.internal:customer-status-service:8090 - registration status: 404
2025-12-18T00:46:15.523+05:30 DEBUG 12132 --- [customer-status-service] [DiscoveryClient-HeartbeatExecutor-%d] o.s.web.client.RestTemplate              : HTTP PUT http://localhost:8761/eureka/apps/CUSTOMER-STATUS-SERVICE/host.docker.internal:customer-status-service:8090?status=UP&lastDirtyTimestamp=1765998945500
2025-12-18T00:46:15.524+05:30 DEBUG 12132 --- [customer-status-service] [DiscoveryClient-HeartbeatExecutor-%d] o.s.web.client.RestTemplate              : Accept=[application/json, application/*+json]
2025-12-18T00:46:15.531+05:30 DEBUG 12132 --- [customer-status-service] [DiscoveryClient-HeartbeatExecutor-%d] o.s.web.client.RestTemplate              : Response 404 NOT_FOUND
2025-12-18T00:46:15.532+05:30  INFO 12132 --- [customer-status-service] [DiscoveryClient-HeartbeatExecutor-%d] com.netflix.discovery.DiscoveryClient    : DiscoveryClient_CUSTOMER-STATUS-SERVICE/host.docker.internal:customer-status-service:8090 - Re-registering apps/CUSTOMER-STATUS-SERVICE
2025-12-18T00:46:15.532+05:30  INFO 12132 --- [customer-status-service] [DiscoveryClient-HeartbeatExecutor-%d] com.netflix.discovery.DiscoveryClient    : DiscoveryClient_CUSTOMER-STATUS-SERVICE/host.docker.internal:customer-status-service:8090: registering service...
2025-12-18T00:46:15.533+05:30 DEBUG 12132 --- [customer-status-service] [DiscoveryClient-HeartbeatExecutor-%d] o.s.web.client.RestTemplate              : HTTP POST http://localhost:8761/eureka/apps/CUSTOMER-STATUS-SERVICE
2025-12-18T00:46:15.533+05:30 DEBUG 12132 --- [customer-status-service] [DiscoveryClient-HeartbeatExecutor-%d] o.s.web.client.RestTemplate              : Accept=[application/json, application/*+json]
2025-12-18T00:46:15.533+05:30 DEBUG 12132 --- [customer-status-service] [DiscoveryClient-HeartbeatExecutor-%d] o.s.web.client.RestTemplate              : Writing [InstanceInfo [instanceId = host.docker.internal:customer-status-service:8090, appName = CUSTOMER-STATUS-SERVICE, hostName = host.docker.internal, status = UP, ipAddr = 192.168.1.4, port = 8090, securePort = 443, dataCenterInfo = com.netflix.appinfo.MyDataCenterInfo@dc24732] as "application/json"
2025-12-18T00:46:15.542+05:30 DEBUG 12132 --- [customer-status-service] [DiscoveryClient-HeartbeatExecutor-%d] o.s.web.client.RestTemplate              : Response 404 NOT_FOUND
2025-12-18T00:46:15.543+05:30  INFO 12132 --- [customer-status-service] [DiscoveryClient-HeartbeatExecutor-%d] com.netflix.discovery.DiscoveryClient    : DiscoveryClient_CUSTOMER-STATUS-SERVICE/host.docker.internal:customer-status-service:8090 - registration status: 404
2025-12-18T00:46:15.616+05:30  INFO 12132 --- [customer-status-service] [DiscoveryClient-CacheRefreshExecutor-%d] com.netflix.discovery.DiscoveryClient    : Disable delta property : false
2025-12-18T00:46:15.616+05:30  INFO 12132 --- [customer-status-service] [DiscoveryClient-CacheRefreshExecutor-%d] com.netflix.discovery.DiscoveryClient    : Single vip registry refresh property : null
2025-12-18T00:46:15.616+05:30  INFO 12132 --- [customer-status-service] [DiscoveryClient-CacheRefreshExecutor-%d] com.netflix.discovery.DiscoveryClient    : Force full registry fetch : false
2025-12-18T00:46:15.616+05:30  INFO 12132 --- [customer-status-service] [DiscoveryClient-CacheRefreshExecutor-%d] com.netflix.discovery.DiscoveryClient    : Application is null : false
2025-12-18T00:46:15.616+05:30  INFO 12132 --- [customer-status-service] [DiscoveryClient-CacheRefreshExecutor-%d] com.netflix.discovery.DiscoveryClient    : Registered Applications size is zero : true
2025-12-18T00:46:15.616+05:30  INFO 12132 --- [customer-status-service] [DiscoveryClient-CacheRefreshExecutor-%d] com.netflix.discovery.DiscoveryClient    : Application version is -1: true
2025-12-18T00:46:15.616+05:30  INFO 12132 --- [customer-status-service] [DiscoveryClient-CacheRefreshExecutor-%d] com.netflix.discovery.DiscoveryClient    : Getting all instance registry info from the eureka server
2025-12-18T00:46:15.623+05:30 DEBUG 12132 --- [customer-status-service] [DiscoveryClient-CacheRefreshExecutor-%d] o.s.web.client.RestTemplate              : HTTP GET http://localhost:8761/eureka/apps/
2025-12-18T00:46:15.629+05:30 DEBUG 12132 --- [customer-status-service] [DiscoveryClient-CacheRefreshExecutor-%d] o.s.web.client.RestTemplate              : Accept=[application/json, application/*+json]
2025-12-18T00:46:15.643+05:30 DEBUG 12132 --- [customer-status-service] [DiscoveryClient-CacheRefreshExecutor-%d] o.s.web.client.RestTemplate              : Response 404 NOT_FOUND
2025-12-18T00:46:15.644+05:30  WARN 12132 --- [customer-status-service] [DiscoveryClient-CacheRefreshExecutor-%d] c.n.d.s.t.d.RetryableEurekaHttpClient    : Request execution failure with status code 404; retrying on another server if available
2025-12-18T00:46:15.644+05:30  INFO 12132 --- [customer-status-service] [DiscoveryClient-CacheRefreshExecutor-%d] com.netflix.discovery.DiscoveryClient    : DiscoveryClient_CUSTOMER-STATUS-SERVICE/host.docker.internal:customer-status-service:8090 - was unable to refresh its cache! This periodic background refresh will be retried in 30 seconds. status = Cannot execute request on any known server stacktrace = com.netflix.discovery.shared.transport.TransportException: Cannot execute request on any known server
	at com.netflix.discovery.shared.transport.decorator.RetryableEurekaHttpClient.execute(RetryableEurekaHttpClient.java:112)
	at com.netflix.discovery.shared.transport.decorator.EurekaHttpClientDecorator.getApplications(EurekaHttpClientDecorator.java:134)
	at com.netflix.discovery.shared.transport.decorator.EurekaHttpClientDecorator$6.execute(EurekaHttpClientDecorator.java:137)
	at com.netflix.discovery.shared.transport.decorator.SessionedEurekaHttpClient.execute(SessionedEurekaHttpClient.java:76)
	at com.netflix.discovery.shared.transport.decorator.EurekaHttpClientDecorator.getApplications(EurekaHttpClientDecorator.java:134)
	at com.netflix.discovery.DiscoveryClient.getAndStoreFullRegistry(DiscoveryClient.java:1046)
	at com.netflix.discovery.DiscoveryClient.fetchRegistry(DiscoveryClient.java:961)
	at com.netflix.discovery.DiscoveryClient.refreshRegistry(DiscoveryClient.java:1473)
	at com.netflix.discovery.DiscoveryClient$CacheRefreshThread.run(DiscoveryClient.java:1441)
	at java.base/java.util.concurrent.Executors$RunnableAdapter.call(Executors.java:572)
	at java.base/java.util.concurrent.FutureTask.run(FutureTask.java:317)
	at java.base/java.util.concurrent.ThreadPoolExecutor.runWorker(ThreadPoolExecutor.java:1144)
	at java.base/java.util.concurrent.ThreadPoolExecutor$Worker.run(ThreadPoolExecutor.java:642)
	at java.base/java.lang.Thread.run(Thread.java:1583)

2025-12-18T00:46:45.527+05:30  INFO 12132 --- [customer-status-service] [DiscoveryClient-InstanceInfoReplicator-%d] com.netflix.discovery.DiscoveryClient    : DiscoveryClient_CUSTOMER-STATUS-SERVICE/host.docker.internal:customer-status-service:8090: registering service...
2025-12-18T00:46:45.530+05:30 DEBUG 12132 --- [customer-status-service] [DiscoveryClient-InstanceInfoReplicator-%d] o.s.web.client.RestTemplate              : HTTP POST http://localhost:8761/eureka/apps/CUSTOMER-STATUS-SERVICE
2025-12-18T00:46:45.531+05:30 DEBUG 12132 --- [customer-status-service] [DiscoveryClient-InstanceInfoReplicator-%d] o.s.web.client.RestTemplate              : Accept=[application/json, application/*+json]
2025-12-18T00:46:45.532+05:30 DEBUG 12132 --- [customer-status-service] [DiscoveryClient-InstanceInfoReplicator-%d] o.s.web.client.RestTemplate              : Writing [InstanceInfo [instanceId = host.docker.internal:customer-status-service:8090, appName = CUSTOMER-STATUS-SERVICE, hostName = host.docker.internal, status = UP, ipAddr = 192.168.1.4, port = 8090, securePort = 443, dataCenterInfo = com.netflix.appinfo.MyDataCenterInfo@dc24732] as "application/json"
2025-12-18T00:46:45.549+05:30 DEBUG 12132 --- [customer-status-service] [DiscoveryClient-InstanceInfoReplicator-%d] o.s.web.client.RestTemplate              : Response 404 NOT_FOUND
2025-12-18T00:46:45.550+05:30  INFO 12132 --- [customer-status-service] [DiscoveryClient-InstanceInfoReplicator-%d] com.netflix.discovery.DiscoveryClient    : DiscoveryClient_CUSTOMER-STATUS-SERVICE/host.docker.internal:customer-status-service:8090 - registration status: 404
2025-12-18T00:46:45.559+05:30 DEBUG 12132 --- [customer-status-service] [DiscoveryClient-HeartbeatExecutor-%d] o.s.web.client.RestTemplate              : HTTP PUT http://localhost:8761/eureka/apps/CUSTOMER-STATUS-SERVICE/host.docker.internal:customer-status-service:8090?status=UP&lastDirtyTimestamp=1765998975532
2025-12-18T00:46:45.560+05:30 DEBUG 12132 --- [customer-status-service] [DiscoveryClient-HeartbeatExecutor-%d] o.s.web.client.RestTemplate              : Accept=[application/json, application/*+json]
2025-12-18T00:46:45.568+05:30 DEBUG 12132 --- [customer-status-service] [DiscoveryClient-HeartbeatExecutor-%d] o.s.web.client.RestTemplate              : Response 404 NOT_FOUND
2025-12-18T00:46:45.569+05:30  INFO 12132 --- [customer-status-service] [DiscoveryClient-HeartbeatExecutor-%d] com.netflix.discovery.DiscoveryClient    : DiscoveryClient_CUSTOMER-STATUS-SERVICE/host.docker.internal:customer-status-service:8090 - Re-registering apps/CUSTOMER-STATUS-SERVICE
2025-12-18T00:46:45.570+05:30  INFO 12132 --- [customer-status-service] [DiscoveryClient-HeartbeatExecutor-%d] com.netflix.discovery.DiscoveryClient    : DiscoveryClient_CUSTOMER-STATUS-SERVICE/host.docker.internal:customer-status-service:8090: registering service...
2025-12-18T00:46:45.570+05:30 DEBUG 12132 --- [customer-status-service] [DiscoveryClient-HeartbeatExecutor-%d] o.s.web.client.RestTemplate              : HTTP POST http://localhost:8761/eureka/apps/CUSTOMER-STATUS-SERVICE
2025-12-18T00:46:45.571+05:30 DEBUG 12132 --- [customer-status-service] [DiscoveryClient-HeartbeatExecutor-%d] o.s.web.client.RestTemplate              : Accept=[application/json, application/*+json]
2025-12-18T00:46:45.571+05:30 DEBUG 12132 --- [customer-status-service] [DiscoveryClient-HeartbeatExecutor-%d] o.s.web.client.RestTemplate              : Writing [InstanceInfo [instanceId = host.docker.internal:customer-status-service:8090, appName = CUSTOMER-STATUS-SERVICE, hostName = host.docker.internal, status = UP, ipAddr = 192.168.1.4, port = 8090, securePort = 443, dataCenterInfo = com.netflix.appinfo.MyDataCenterInfo@dc24732] as "application/json"
2025-12-18T00:46:45.578+05:30 DEBUG 12132 --- [customer-status-service] [DiscoveryClient-HeartbeatExecutor-%d] o.s.web.client.RestTemplate              : Response 404 NOT_FOUND
2025-12-18T00:46:45.578+05:30  INFO 12132 --- [customer-status-service] [DiscoveryClient-HeartbeatExecutor-%d] com.netflix.discovery.DiscoveryClient    : DiscoveryClient_CUSTOMER-STATUS-SERVICE/host.docker.internal:customer-status-service:8090 - registration status: 404
2025-12-18T00:46:45.654+05:30  INFO 12132 --- [customer-status-service] [DiscoveryClient-CacheRefreshExecutor-%d] com.netflix.discovery.DiscoveryClient    : Disable delta property : false
2025-12-18T00:46:45.654+05:30  INFO 12132 --- [customer-status-service] [DiscoveryClient-CacheRefreshExecutor-%d] com.netflix.discovery.DiscoveryClient    : Single vip registry refresh property : null
2025-12-18T00:46:45.654+05:30  INFO 12132 --- [customer-status-service] [DiscoveryClient-CacheRefreshExecutor-%d] com.netflix.discovery.DiscoveryClient    : Force full registry fetch : false
2025-12-18T00:46:45.655+05:30  INFO 12132 --- [customer-status-service] [DiscoveryClient-CacheRefreshExecutor-%d] com.netflix.discovery.DiscoveryClient    : Application is null : false
2025-12-18T00:46:45.655+05:30  INFO 12132 --- [customer-status-service] [DiscoveryClient-CacheRefreshExecutor-%d] com.netflix.discovery.DiscoveryClient    : Registered Applications size is zero : true
2025-12-18T00:46:45.655+05:30  INFO 12132 --- [customer-status-service] [DiscoveryClient-CacheRefreshExecutor-%d] com.netflix.discovery.DiscoveryClient    : Application version is -1: true
2025-12-18T00:46:45.655+05:30  INFO 12132 --- [customer-status-service] [DiscoveryClient-CacheRefreshExecutor-%d] com.netflix.discovery.DiscoveryClient    : Getting all instance registry info from the eureka server
2025-12-18T00:46:45.674+05:30 DEBUG 12132 --- [customer-status-service] [DiscoveryClient-CacheRefreshExecutor-%d] o.s.web.client.RestTemplate              : HTTP GET http://localhost:8761/eureka/apps/
2025-12-18T00:46:45.683+05:30 DEBUG 12132 --- [customer-status-service] [DiscoveryClient-CacheRefreshExecutor-%d] o.s.web.client.RestTemplate              : Accept=[application/json, application/*+json]
2025-12-18T00:46:45.691+05:30 DEBUG 12132 --- [customer-status-service] [DiscoveryClient-CacheRefreshExecutor-%d] o.s.web.client.RestTemplate              : Response 404 NOT_FOUND
2025-12-18T00:46:45.692+05:30  WARN 12132 --- [customer-status-service] [DiscoveryClient-CacheRefreshExecutor-%d] c.n.d.s.t.d.RetryableEurekaHttpClient    : Request execution failure with status code 404; retrying on another server if available
2025-12-18T00:46:45.692+05:30  INFO 12132 --- [customer-status-service] [DiscoveryClient-CacheRefreshExecutor-%d] com.netflix.discovery.DiscoveryClient    : DiscoveryClient_CUSTOMER-STATUS-SERVICE/host.docker.internal:customer-status-service:8090 - was unable to refresh its cache! This periodic background refresh will be retried in 30 seconds. status = Cannot execute request on any known server stacktrace = com.netflix.discovery.shared.transport.TransportException: Cannot execute request on any known server
	at com.netflix.discovery.shared.transport.decorator.RetryableEurekaHttpClient.execute(RetryableEurekaHttpClient.java:112)
	at com.netflix.discovery.shared.transport.decorator.EurekaHttpClientDecorator.getApplications(EurekaHttpClientDecorator.java:134)
	at com.netflix.discovery.shared.transport.decorator.EurekaHttpClientDecorator$6.execute(EurekaHttpClientDecorator.java:137)
	at com.netflix.discovery.shared.transport.decorator.SessionedEurekaHttpClient.execute(SessionedEurekaHttpClient.java:76)
	at com.netflix.discovery.shared.transport.decorator.EurekaHttpClientDecorator.getApplications(EurekaHttpClientDecorator.java:134)
	at com.netflix.discovery.DiscoveryClient.getAndStoreFullRegistry(DiscoveryClient.java:1046)
	at com.netflix.discovery.DiscoveryClient.fetchRegistry(DiscoveryClient.java:961)
	at com.netflix.discovery.DiscoveryClient.refreshRegistry(DiscoveryClient.java:1473)
	at com.netflix.discovery.DiscoveryClient$CacheRefreshThread.run(DiscoveryClient.java:1441)
	at java.base/java.util.concurrent.Executors$RunnableAdapter.call(Executors.java:572)
	at java.base/java.util.concurrent.FutureTask.run(FutureTask.java:317)
	at java.base/java.util.concurrent.ThreadPoolExecutor.runWorker(ThreadPoolExecutor.java:1144)
	at java.base/java.util.concurrent.ThreadPoolExecutor$Worker.run(ThreadPoolExecutor.java:642)
	at java.base/java.lang.Thread.run(Thread.java:1583)

2025-12-18T00:47:15.563+05:30  INFO 12132 --- [customer-status-service] [DiscoveryClient-InstanceInfoReplicator-%d] com.netflix.discovery.DiscoveryClient    : DiscoveryClient_CUSTOMER-STATUS-SERVICE/host.docker.internal:customer-status-service:8090: registering service...
2025-12-18T00:47:15.564+05:30 DEBUG 12132 --- [customer-status-service] [DiscoveryClient-InstanceInfoReplicator-%d] o.s.web.client.RestTemplate              : HTTP POST http://localhost:8761/eureka/apps/CUSTOMER-STATUS-SERVICE
2025-12-18T00:47:15.565+05:30 DEBUG 12132 --- [customer-status-service] [DiscoveryClient-InstanceInfoReplicator-%d] o.s.web.client.RestTemplate              : Accept=[application/json, application/*+json]
2025-12-18T00:47:15.566+05:30 DEBUG 12132 --- [customer-status-service] [DiscoveryClient-InstanceInfoReplicator-%d] o.s.web.client.RestTemplate              : Writing [InstanceInfo [instanceId = host.docker.internal:customer-status-service:8090, appName = CUSTOMER-STATUS-SERVICE, hostName = host.docker.internal, status = UP, ipAddr = 192.168.1.4, port = 8090, securePort = 443, dataCenterInfo = com.netflix.appinfo.MyDataCenterInfo@dc24732] as "application/json"
2025-12-18T00:47:15.580+05:30 DEBUG 12132 --- [customer-status-service] [DiscoveryClient-HeartbeatExecutor-%d] o.s.web.client.RestTemplate              : HTTP PUT http://localhost:8761/eureka/apps/CUSTOMER-STATUS-SERVICE/host.docker.internal:customer-status-service:8090?status=UP&lastDirtyTimestamp=1765999005570
2025-12-18T00:47:15.581+05:30 DEBUG 12132 --- [customer-status-service] [DiscoveryClient-HeartbeatExecutor-%d] o.s.web.client.RestTemplate              : Accept=[application/json, application/*+json]
2025-12-18T00:47:15.589+05:30 DEBUG 12132 --- [customer-status-service] [DiscoveryClient-InstanceInfoReplicator-%d] o.s.web.client.RestTemplate              : Response 404 NOT_FOUND
2025-12-18T00:47:15.590+05:30  INFO 12132 --- [customer-status-service] [DiscoveryClient-InstanceInfoReplicator-%d] com.netflix.discovery.DiscoveryClient    : DiscoveryClient_CUSTOMER-STATUS-SERVICE/host.docker.internal:customer-status-service:8090 - registration status: 404
2025-12-18T00:47:15.594+05:30 DEBUG 12132 --- [customer-status-service] [DiscoveryClient-HeartbeatExecutor-%d] o.s.web.client.RestTemplate              : Response 404 NOT_FOUND
2025-12-18T00:47:15.594+05:30  INFO 12132 --- [customer-status-service] [DiscoveryClient-HeartbeatExecutor-%d] com.netflix.discovery.DiscoveryClient    : DiscoveryClient_CUSTOMER-STATUS-SERVICE/host.docker.internal:customer-status-service:8090 - Re-registering apps/CUSTOMER-STATUS-SERVICE
2025-12-18T00:47:15.594+05:30  INFO 12132 --- [customer-status-service] [DiscoveryClient-HeartbeatExecutor-%d] com.netflix.discovery.DiscoveryClient    : DiscoveryClient_CUSTOMER-STATUS-SERVICE/host.docker.internal:customer-status-service:8090: registering service...
2025-12-18T00:47:15.595+05:30 DEBUG 12132 --- [customer-status-service] [DiscoveryClient-HeartbeatExecutor-%d] o.s.web.client.RestTemplate              : HTTP POST http://localhost:8761/eureka/apps/CUSTOMER-STATUS-SERVICE
2025-12-18T00:47:15.595+05:30 DEBUG 12132 --- [customer-status-service] [DiscoveryClient-HeartbeatExecutor-%d] o.s.web.client.RestTemplate              : Accept=[application/json, application/*+json]
2025-12-18T00:47:15.595+05:30 DEBUG 12132 --- [customer-status-service] [DiscoveryClient-HeartbeatExecutor-%d] o.s.web.client.RestTemplate              : Writing [InstanceInfo [instanceId = host.docker.internal:customer-status-service:8090, appName = CUSTOMER-STATUS-SERVICE, hostName = host.docker.internal, status = UP, ipAddr = 192.168.1.4, port = 8090, securePort = 443, dataCenterInfo = com.netflix.appinfo.MyDataCenterInfo@dc24732] as "application/json"
2025-12-18T00:47:15.606+05:30 DEBUG 12132 --- [customer-status-service] [DiscoveryClient-HeartbeatExecutor-%d] o.s.web.client.RestTemplate              : Response 404 NOT_FOUND
2025-12-18T00:47:15.607+05:30  INFO 12132 --- [customer-status-service] [DiscoveryClient-HeartbeatExecutor-%d] com.netflix.discovery.DiscoveryClient    : DiscoveryClient_CUSTOMER-STATUS-SERVICE/host.docker.internal:customer-status-service:8090 - registration status: 404
2025-12-18T00:47:15.702+05:30  INFO 12132 --- [customer-status-service] [DiscoveryClient-CacheRefreshExecutor-%d] com.netflix.discovery.DiscoveryClient    : Disable delta property : false
2025-12-18T00:47:15.703+05:30  INFO 12132 --- [customer-status-service] [DiscoveryClient-CacheRefreshExecutor-%d] com.netflix.discovery.DiscoveryClient    : Single vip registry refresh property : null
2025-12-18T00:47:15.703+05:30  INFO 12132 --- [customer-status-service] [DiscoveryClient-CacheRefreshExecutor-%d] com.netflix.discovery.DiscoveryClient    : Force full registry fetch : false
2025-12-18T00:47:15.703+05:30  INFO 12132 --- [customer-status-service] [DiscoveryClient-CacheRefreshExecutor-%d] com.netflix.discovery.DiscoveryClient    : Application is null : false
2025-12-18T00:47:15.706+05:30  INFO 12132 --- [customer-status-service] [DiscoveryClient-CacheRefreshExecutor-%d] com.netflix.discovery.DiscoveryClient    : Registered Applications size is zero : true
2025-12-18T00:47:15.706+05:30  INFO 12132 --- [customer-status-service] [DiscoveryClient-CacheRefreshExecutor-%d] com.netflix.discovery.DiscoveryClient    : Application version is -1: true
2025-12-18T00:47:15.706+05:30  INFO 12132 --- [customer-status-service] [DiscoveryClient-CacheRefreshExecutor-%d] com.netflix.discovery.DiscoveryClient    : Getting all instance registry info from the eureka server
2025-12-18T00:47:15.713+05:30 DEBUG 12132 --- [customer-status-service] [DiscoveryClient-CacheRefreshExecutor-%d] o.s.web.client.RestTemplate              : HTTP GET http://localhost:8761/eureka/apps/
2025-12-18T00:47:15.725+05:30 DEBUG 12132 --- [customer-status-service] [DiscoveryClient-CacheRefreshExecutor-%d] o.s.web.client.RestTemplate              : Accept=[application/json, application/*+json]
2025-12-18T00:47:15.736+05:30 DEBUG 12132 --- [customer-status-service] [DiscoveryClient-CacheRefreshExecutor-%d] o.s.web.client.RestTemplate              : Response 404 NOT_FOUND
2025-12-18T00:47:15.739+05:30  WARN 12132 --- [customer-status-service] [DiscoveryClient-CacheRefreshExecutor-%d] c.n.d.s.t.d.RetryableEurekaHttpClient    : Request execution failure with status code 404; retrying on another server if available
2025-12-18T00:47:15.739+05:30  INFO 12132 --- [customer-status-service] [DiscoveryClient-CacheRefreshExecutor-%d] com.netflix.discovery.DiscoveryClient    : DiscoveryClient_CUSTOMER-STATUS-SERVICE/host.docker.internal:customer-status-service:8090 - was unable to refresh its cache! This periodic background refresh will be retried in 30 seconds. status = Cannot execute request on any known server stacktrace = com.netflix.discovery.shared.transport.TransportException: Cannot execute request on any known server
	at com.netflix.discovery.shared.transport.decorator.RetryableEurekaHttpClient.execute(RetryableEurekaHttpClient.java:112)
	at com.netflix.discovery.shared.transport.decorator.EurekaHttpClientDecorator.getApplications(EurekaHttpClientDecorator.java:134)
	at com.netflix.discovery.shared.transport.decorator.EurekaHttpClientDecorator$6.execute(EurekaHttpClientDecorator.java:137)
	at com.netflix.discovery.shared.transport.decorator.SessionedEurekaHttpClient.execute(SessionedEurekaHttpClient.java:76)
	at com.netflix.discovery.shared.transport.decorator.EurekaHttpClientDecorator.getApplications(EurekaHttpClientDecorator.java:134)
	at com.netflix.discovery.DiscoveryClient.getAndStoreFullRegistry(DiscoveryClient.java:1046)
	at com.netflix.discovery.DiscoveryClient.fetchRegistry(DiscoveryClient.java:961)
	at com.netflix.discovery.DiscoveryClient.refreshRegistry(DiscoveryClient.java:1473)
	at com.netflix.discovery.DiscoveryClient$CacheRefreshThread.run(DiscoveryClient.java:1441)
	at java.base/java.util.concurrent.Executors$RunnableAdapter.call(Executors.java:572)
	at java.base/java.util.concurrent.FutureTask.run(FutureTask.java:317)
	at java.base/java.util.concurrent.ThreadPoolExecutor.runWorker(ThreadPoolExecutor.java:1144)
	at java.base/java.util.concurrent.ThreadPoolExecutor$Worker.run(ThreadPoolExecutor.java:642)
	at java.base/java.lang.Thread.run(Thread.java:1583)

2025-12-18T00:47:45.593+05:30  INFO 12132 --- [customer-status-service] [DiscoveryClient-InstanceInfoReplicator-%d] com.netflix.discovery.DiscoveryClient    : DiscoveryClient_CUSTOMER-STATUS-SERVICE/host.docker.internal:customer-status-service:8090: registering service...
2025-12-18T00:47:45.595+05:30 DEBUG 12132 --- [customer-status-service] [DiscoveryClient-InstanceInfoReplicator-%d] o.s.web.client.RestTemplate              : HTTP POST http://localhost:8761/eureka/apps/CUSTOMER-STATUS-SERVICE
2025-12-18T00:47:45.596+05:30 DEBUG 12132 --- [customer-status-service] [DiscoveryClient-InstanceInfoReplicator-%d] o.s.web.client.RestTemplate              : Accept=[application/json, application/*+json]
2025-12-18T00:47:45.596+05:30 DEBUG 12132 --- [customer-status-service] [DiscoveryClient-InstanceInfoReplicator-%d] o.s.web.client.RestTemplate              : Writing [InstanceInfo [instanceId = host.docker.internal:customer-status-service:8090, appName = CUSTOMER-STATUS-SERVICE, hostName = host.docker.internal, status = UP, ipAddr = 192.168.1.4, port = 8090, securePort = 443, dataCenterInfo = com.netflix.appinfo.MyDataCenterInfo@dc24732] as "application/json"
2025-12-18T00:47:45.609+05:30 DEBUG 12132 --- [customer-status-service] [DiscoveryClient-HeartbeatExecutor-%d] o.s.web.client.RestTemplate              : HTTP PUT http://localhost:8761/eureka/apps/CUSTOMER-STATUS-SERVICE/host.docker.internal:customer-status-service:8090?status=UP&lastDirtyTimestamp=1765999035594
2025-12-18T00:47:45.610+05:30 DEBUG 12132 --- [customer-status-service] [DiscoveryClient-HeartbeatExecutor-%d] o.s.web.client.RestTemplate              : Accept=[application/json, application/*+json]
2025-12-18T00:47:45.618+05:30 DEBUG 12132 --- [customer-status-service] [DiscoveryClient-InstanceInfoReplicator-%d] o.s.web.client.RestTemplate              : Response 404 NOT_FOUND
2025-12-18T00:47:45.618+05:30  INFO 12132 --- [customer-status-service] [DiscoveryClient-InstanceInfoReplicator-%d] com.netflix.discovery.DiscoveryClient    : DiscoveryClient_CUSTOMER-STATUS-SERVICE/host.docker.internal:customer-status-service:8090 - registration status: 404
2025-12-18T00:47:45.631+05:30 DEBUG 12132 --- [customer-status-service] [DiscoveryClient-HeartbeatExecutor-%d] o.s.web.client.RestTemplate              : Response 404 NOT_FOUND
2025-12-18T00:47:45.631+05:30  INFO 12132 --- [customer-status-service] [DiscoveryClient-HeartbeatExecutor-%d] com.netflix.discovery.DiscoveryClient    : DiscoveryClient_CUSTOMER-STATUS-SERVICE/host.docker.internal:customer-status-service:8090 - Re-registering apps/CUSTOMER-STATUS-SERVICE
2025-12-18T00:47:45.632+05:30  INFO 12132 --- [customer-status-service] [DiscoveryClient-HeartbeatExecutor-%d] com.netflix.discovery.DiscoveryClient    : DiscoveryClient_CUSTOMER-STATUS-SERVICE/host.docker.internal:customer-status-service:8090: registering service...
2025-12-18T00:47:45.632+05:30 DEBUG 12132 --- [customer-status-service] [DiscoveryClient-HeartbeatExecutor-%d] o.s.web.client.RestTemplate              : HTTP POST http://localhost:8761/eureka/apps/CUSTOMER-STATUS-SERVICE
2025-12-18T00:47:45.633+05:30 DEBUG 12132 --- [customer-status-service] [DiscoveryClient-HeartbeatExecutor-%d] o.s.web.client.RestTemplate              : Accept=[application/json, application/*+json]
2025-12-18T00:47:45.634+05:30 DEBUG 12132 --- [customer-status-service] [DiscoveryClient-HeartbeatExecutor-%d] o.s.web.client.RestTemplate              : Writing [InstanceInfo [instanceId = host.docker.internal:customer-status-service:8090, appName = CUSTOMER-STATUS-SERVICE, hostName = host.docker.internal, status = UP, ipAddr = 192.168.1.4, port = 8090, securePort = 443, dataCenterInfo = com.netflix.appinfo.MyDataCenterInfo@dc24732] as "application/json"
2025-12-18T00:47:45.643+05:30 DEBUG 12132 --- [customer-status-service] [DiscoveryClient-HeartbeatExecutor-%d] o.s.web.client.RestTemplate              : Response 404 NOT_FOUND
2025-12-18T00:47:45.644+05:30  INFO 12132 --- [customer-status-service] [DiscoveryClient-HeartbeatExecutor-%d] com.netflix.discovery.DiscoveryClient    : DiscoveryClient_CUSTOMER-STATUS-SERVICE/host.docker.internal:customer-status-service:8090 - registration status: 404
2025-12-18T00:47:45.752+05:30  INFO 12132 --- [customer-status-service] [DiscoveryClient-CacheRefreshExecutor-%d] com.netflix.discovery.DiscoveryClient    : Disable delta property : false
2025-12-18T00:47:45.752+05:30  INFO 12132 --- [customer-status-service] [DiscoveryClient-CacheRefreshExecutor-%d] com.netflix.discovery.DiscoveryClient    : Single vip registry refresh property : null
2025-12-18T00:47:45.752+05:30  INFO 12132 --- [customer-status-service] [DiscoveryClient-CacheRefreshExecutor-%d] com.netflix.discovery.DiscoveryClient    : Force full registry fetch : false
2025-12-18T00:47:45.752+05:30  INFO 12132 --- [customer-status-service] [DiscoveryClient-CacheRefreshExecutor-%d] com.netflix.discovery.DiscoveryClient    : Application is null : false
2025-12-18T00:47:45.752+05:30  INFO 12132 --- [customer-status-service] [DiscoveryClient-CacheRefreshExecutor-%d] com.netflix.discovery.DiscoveryClient    : Registered Applications size is zero : true
2025-12-18T00:47:45.752+05:30  INFO 12132 --- [customer-status-service] [DiscoveryClient-CacheRefreshExecutor-%d] com.netflix.discovery.DiscoveryClient    : Application version is -1: true
2025-12-18T00:47:45.752+05:30  INFO 12132 --- [customer-status-service] [DiscoveryClient-CacheRefreshExecutor-%d] com.netflix.discovery.DiscoveryClient    : Getting all instance registry info from the eureka server
2025-12-18T00:47:45.761+05:30 DEBUG 12132 --- [customer-status-service] [DiscoveryClient-CacheRefreshExecutor-%d] o.s.web.client.RestTemplate              : HTTP GET http://localhost:8761/eureka/apps/
2025-12-18T00:47:45.768+05:30 DEBUG 12132 --- [customer-status-service] [DiscoveryClient-CacheRefreshExecutor-%d] o.s.web.client.RestTemplate              : Accept=[application/json, application/*+json]
2025-12-18T00:47:45.781+05:30 DEBUG 12132 --- [customer-status-service] [DiscoveryClient-CacheRefreshExecutor-%d] o.s.web.client.RestTemplate              : Response 404 NOT_FOUND
2025-12-18T00:47:45.781+05:30  WARN 12132 --- [customer-status-service] [DiscoveryClient-CacheRefreshExecutor-%d] c.n.d.s.t.d.RetryableEurekaHttpClient    : Request execution failure with status code 404; retrying on another server if available
2025-12-18T00:47:45.782+05:30  INFO 12132 --- [customer-status-service] [DiscoveryClient-CacheRefreshExecutor-%d] com.netflix.discovery.DiscoveryClient    : DiscoveryClient_CUSTOMER-STATUS-SERVICE/host.docker.internal:customer-status-service:8090 - was unable to refresh its cache! This periodic background refresh will be retried in 30 seconds. status = Cannot execute request on any known server stacktrace = com.netflix.discovery.shared.transport.TransportException: Cannot execute request on any known server
	at com.netflix.discovery.shared.transport.decorator.RetryableEurekaHttpClient.execute(RetryableEurekaHttpClient.java:112)
	at com.netflix.discovery.shared.transport.decorator.EurekaHttpClientDecorator.getApplications(EurekaHttpClientDecorator.java:134)
	at com.netflix.discovery.shared.transport.decorator.EurekaHttpClientDecorator$6.execute(EurekaHttpClientDecorator.java:137)
	at com.netflix.discovery.shared.transport.decorator.SessionedEurekaHttpClient.execute(SessionedEurekaHttpClient.java:76)
	at com.netflix.discovery.shared.transport.decorator.EurekaHttpClientDecorator.getApplications(EurekaHttpClientDecorator.java:134)
	at com.netflix.discovery.DiscoveryClient.getAndStoreFullRegistry(DiscoveryClient.java:1046)
	at com.netflix.discovery.DiscoveryClient.fetchRegistry(DiscoveryClient.java:961)
	at com.netflix.discovery.DiscoveryClient.refreshRegistry(DiscoveryClient.java:1473)
	at com.netflix.discovery.DiscoveryClient$CacheRefreshThread.run(DiscoveryClient.java:1441)
	at java.base/java.util.concurrent.Executors$RunnableAdapter.call(Executors.java:572)
	at java.base/java.util.concurrent.FutureTask.run(FutureTask.java:317)
	at java.base/java.util.concurrent.ThreadPoolExecutor.runWorker(ThreadPoolExecutor.java:1144)
	at java.base/java.util.concurrent.ThreadPoolExecutor$Worker.run(ThreadPoolExecutor.java:642)
	at java.base/java.lang.Thread.run(Thread.java:1583)

2025-12-18T00:48:15.633+05:30  INFO 12132 --- [customer-status-service] [DiscoveryClient-InstanceInfoReplicator-%d] com.netflix.discovery.DiscoveryClient    : DiscoveryClient_CUSTOMER-STATUS-SERVICE/host.docker.internal:customer-status-service:8090: registering service...
2025-12-18T00:48:15.636+05:30 DEBUG 12132 --- [customer-status-service] [DiscoveryClient-InstanceInfoReplicator-%d] o.s.web.client.RestTemplate              : HTTP POST http://localhost:8761/eureka/apps/CUSTOMER-STATUS-SERVICE
2025-12-18T00:48:15.637+05:30 DEBUG 12132 --- [customer-status-service] [DiscoveryClient-InstanceInfoReplicator-%d] o.s.web.client.RestTemplate              : Accept=[application/json, application/*+json]
2025-12-18T00:48:15.638+05:30 DEBUG 12132 --- [customer-status-service] [DiscoveryClient-InstanceInfoReplicator-%d] o.s.web.client.RestTemplate              : Writing [InstanceInfo [instanceId = host.docker.internal:customer-status-service:8090, appName = CUSTOMER-STATUS-SERVICE, hostName = host.docker.internal, status = UP, ipAddr = 192.168.1.4, port = 8090, securePort = 443, dataCenterInfo = com.netflix.appinfo.MyDataCenterInfo@dc24732] as "application/json"
2025-12-18T00:48:15.650+05:30 DEBUG 12132 --- [customer-status-service] [DiscoveryClient-HeartbeatExecutor-%d] o.s.web.client.RestTemplate              : HTTP PUT http://localhost:8761/eureka/apps/CUSTOMER-STATUS-SERVICE/host.docker.internal:customer-status-service:8090?status=UP&lastDirtyTimestamp=1765999065632
2025-12-18T00:48:15.651+05:30 DEBUG 12132 --- [customer-status-service] [DiscoveryClient-HeartbeatExecutor-%d] o.s.web.client.RestTemplate              : Accept=[application/json, application/*+json]
2025-12-18T00:48:15.660+05:30 DEBUG 12132 --- [customer-status-service] [DiscoveryClient-InstanceInfoReplicator-%d] o.s.web.client.RestTemplate              : Response 404 NOT_FOUND
2025-12-18T00:48:15.661+05:30  INFO 12132 --- [customer-status-service] [DiscoveryClient-InstanceInfoReplicator-%d] com.netflix.discovery.DiscoveryClient    : DiscoveryClient_CUSTOMER-STATUS-SERVICE/host.docker.internal:customer-status-service:8090 - registration status: 404
2025-12-18T00:48:15.667+05:30 DEBUG 12132 --- [customer-status-service] [DiscoveryClient-HeartbeatExecutor-%d] o.s.web.client.RestTemplate              : Response 404 NOT_FOUND
2025-12-18T00:48:15.668+05:30  INFO 12132 --- [customer-status-service] [DiscoveryClient-HeartbeatExecutor-%d] com.netflix.discovery.DiscoveryClient    : DiscoveryClient_CUSTOMER-STATUS-SERVICE/host.docker.internal:customer-status-service:8090 - Re-registering apps/CUSTOMER-STATUS-SERVICE
2025-12-18T00:48:15.668+05:30  INFO 12132 --- [customer-status-service] [DiscoveryClient-HeartbeatExecutor-%d] com.netflix.discovery.DiscoveryClient    : DiscoveryClient_CUSTOMER-STATUS-SERVICE/host.docker.internal:customer-status-service:8090: registering service...
2025-12-18T00:48:15.668+05:30 DEBUG 12132 --- [customer-status-service] [DiscoveryClient-HeartbeatExecutor-%d] o.s.web.client.RestTemplate              : HTTP POST http://localhost:8761/eureka/apps/CUSTOMER-STATUS-SERVICE
2025-12-18T00:48:15.669+05:30 DEBUG 12132 --- [customer-status-service] [DiscoveryClient-HeartbeatExecutor-%d] o.s.web.client.RestTemplate              : Accept=[application/json, application/*+json]
2025-12-18T00:48:15.669+05:30 DEBUG 12132 --- [customer-status-service] [DiscoveryClient-HeartbeatExecutor-%d] o.s.web.client.RestTemplate              : Writing [InstanceInfo [instanceId = host.docker.internal:customer-status-service:8090, appName = CUSTOMER-STATUS-SERVICE, hostName = host.docker.internal, status = UP, ipAddr = 192.168.1.4, port = 8090, securePort = 443, dataCenterInfo = com.netflix.appinfo.MyDataCenterInfo@dc24732] as "application/json"
2025-12-18T00:48:15.676+05:30 DEBUG 12132 --- [customer-status-service] [DiscoveryClient-HeartbeatExecutor-%d] o.s.web.client.RestTemplate              : Response 404 NOT_FOUND
2025-12-18T00:48:15.677+05:30  INFO 12132 --- [customer-status-service] [DiscoveryClient-HeartbeatExecutor-%d] com.netflix.discovery.DiscoveryClient    : DiscoveryClient_CUSTOMER-STATUS-SERVICE/host.docker.internal:customer-status-service:8090 - registration status: 404
2025-12-18T00:48:15.792+05:30  INFO 12132 --- [customer-status-service] [DiscoveryClient-CacheRefreshExecutor-%d] com.netflix.discovery.DiscoveryClient    : Disable delta property : false
2025-12-18T00:48:15.792+05:30  INFO 12132 --- [customer-status-service] [DiscoveryClient-CacheRefreshExecutor-%d] com.netflix.discovery.DiscoveryClient    : Single vip registry refresh property : null
2025-12-18T00:48:15.792+05:30  INFO 12132 --- [customer-status-service] [DiscoveryClient-CacheRefreshExecutor-%d] com.netflix.discovery.DiscoveryClient    : Force full registry fetch : false
2025-12-18T00:48:15.792+05:30  INFO 12132 --- [customer-status-service] [DiscoveryClient-CacheRefreshExecutor-%d] com.netflix.discovery.DiscoveryClient    : Application is null : false
2025-12-18T00:48:15.792+05:30  INFO 12132 --- [customer-status-service] [DiscoveryClient-CacheRefreshExecutor-%d] com.netflix.discovery.DiscoveryClient    : Registered Applications size is zero : true
2025-12-18T00:48:15.792+05:30  INFO 12132 --- [customer-status-service] [DiscoveryClient-CacheRefreshExecutor-%d] com.netflix.discovery.DiscoveryClient    : Application version is -1: true
2025-12-18T00:48:15.792+05:30  INFO 12132 --- [customer-status-service] [DiscoveryClient-CacheRefreshExecutor-%d] com.netflix.discovery.DiscoveryClient    : Getting all instance registry info from the eureka server
2025-12-18T00:48:15.800+05:30 DEBUG 12132 --- [customer-status-service] [DiscoveryClient-CacheRefreshExecutor-%d] o.s.web.client.RestTemplate              : HTTP GET http://localhost:8761/eureka/apps/
2025-12-18T00:48:15.810+05:30 DEBUG 12132 --- [customer-status-service] [DiscoveryClient-CacheRefreshExecutor-%d] o.s.web.client.RestTemplate              : Accept=[application/json, application/*+json]
2025-12-18T00:48:15.825+05:30 DEBUG 12132 --- [customer-status-service] [DiscoveryClient-CacheRefreshExecutor-%d] o.s.web.client.RestTemplate              : Response 404 NOT_FOUND
2025-12-18T00:48:15.826+05:30  WARN 12132 --- [customer-status-service] [DiscoveryClient-CacheRefreshExecutor-%d] c.n.d.s.t.d.RetryableEurekaHttpClient    : Request execution failure with status code 404; retrying on another server if available
2025-12-18T00:48:15.826+05:30  INFO 12132 --- [customer-status-service] [DiscoveryClient-CacheRefreshExecutor-%d] com.netflix.discovery.DiscoveryClient    : DiscoveryClient_CUSTOMER-STATUS-SERVICE/host.docker.internal:customer-status-service:8090 - was unable to refresh its cache! This periodic background refresh will be retried in 30 seconds. status = Cannot execute request on any known server stacktrace = com.netflix.discovery.shared.transport.TransportException: Cannot execute request on any known server
	at com.netflix.discovery.shared.transport.decorator.RetryableEurekaHttpClient.execute(RetryableEurekaHttpClient.java:112)
	at com.netflix.discovery.shared.transport.decorator.EurekaHttpClientDecorator.getApplications(EurekaHttpClientDecorator.java:134)
	at com.netflix.discovery.shared.transport.decorator.EurekaHttpClientDecorator$6.execute(EurekaHttpClientDecorator.java:137)
	at com.netflix.discovery.shared.transport.decorator.SessionedEurekaHttpClient.execute(SessionedEurekaHttpClient.java:76)
	at com.netflix.discovery.shared.transport.decorator.EurekaHttpClientDecorator.getApplications(EurekaHttpClientDecorator.java:134)
	at com.netflix.discovery.DiscoveryClient.getAndStoreFullRegistry(DiscoveryClient.java:1046)
	at com.netflix.discovery.DiscoveryClient.fetchRegistry(DiscoveryClient.java:961)
	at com.netflix.discovery.DiscoveryClient.refreshRegistry(DiscoveryClient.java:1473)
	at com.netflix.discovery.DiscoveryClient$CacheRefreshThread.run(DiscoveryClient.java:1441)
	at java.base/java.util.concurrent.Executors$RunnableAdapter.call(Executors.java:572)
	at java.base/java.util.concurrent.FutureTask.run(FutureTask.java:317)
	at java.base/java.util.concurrent.ThreadPoolExecutor.runWorker(ThreadPoolExecutor.java:1144)
	at java.base/java.util.concurrent.ThreadPoolExecutor$Worker.run(ThreadPoolExecutor.java:642)
	at java.base/java.lang.Thread.run(Thread.java:1583)

2025-12-18T00:50:58.502+05:30  INFO 18768 --- [customer-status-service] [main] c.e.c.CustomerStatusApiApplication       : Starting CustomerStatusApiApplication using Java 21.0.9 with PID 18768 (C:\Sridhar\Projects\customer-status-full-mysql\target\classes started by sridhar killampalli in C:\Sridhar\Projects\customer-status-full-mysql)
2025-12-18T00:50:58.505+05:30 DEBUG 18768 --- [customer-status-service] [main] c.e.c.CustomerStatusApiApplication       : Running with Spring Boot v3.2.0, Spring v6.1.1
2025-12-18T00:50:58.507+05:30  INFO 18768 --- [customer-status-service] [main] c.e.c.CustomerStatusApiApplication       : No active profile set, falling back to 1 default profile: "default"
2025-12-18T00:51:00.187+05:30  INFO 18768 --- [customer-status-service] [main] .s.d.r.c.RepositoryConfigurationDelegate : Bootstrapping Spring Data JPA repositories in DEFAULT mode.
2025-12-18T00:51:00.426+05:30  INFO 18768 --- [customer-status-service] [main] .s.d.r.c.RepositoryConfigurationDelegate : Finished Spring Data repository scanning in 222 ms. Found 1 JPA repository interface.
2025-12-18T00:51:00.971+05:30  INFO 18768 --- [customer-status-service] [main] o.s.cloud.context.scope.GenericScope     : BeanFactory id=9e6d4181-830f-3e65-8c60-4da9242a9167
2025-12-18T00:51:01.933+05:30  INFO 18768 --- [customer-status-service] [main] o.s.b.w.embedded.tomcat.TomcatWebServer  : Tomcat initialized with port 8090 (http)
2025-12-18T00:51:01.955+05:30  INFO 18768 --- [customer-status-service] [main] o.apache.catalina.core.StandardService   : Starting service [Tomcat]
2025-12-18T00:51:01.956+05:30  INFO 18768 --- [customer-status-service] [main] o.apache.catalina.core.StandardEngine    : Starting Servlet engine: [Apache Tomcat/10.1.16]
2025-12-18T00:51:02.096+05:30  INFO 18768 --- [customer-status-service] [main] o.a.c.c.C.[Tomcat].[localhost].[/]       : Initializing Spring embedded WebApplicationContext
2025-12-18T00:51:02.096+05:30  INFO 18768 --- [customer-status-service] [main] w.s.c.ServletWebServerApplicationContext : Root WebApplicationContext: initialization completed in 3449 ms
2025-12-18T00:51:02.547+05:30  INFO 18768 --- [customer-status-service] [main] o.hibernate.jpa.internal.util.LogHelper  : HHH000204: Processing PersistenceUnitInfo [name: default]
2025-12-18T00:51:02.667+05:30  INFO 18768 --- [customer-status-service] [main] org.hibernate.Version                    : HHH000412: Hibernate ORM core version 6.3.1.Final
2025-12-18T00:51:02.716+05:30  INFO 18768 --- [customer-status-service] [main] o.h.c.internal.RegionFactoryInitiator    : HHH000026: Second-level cache disabled
2025-12-18T00:51:03.114+05:30  INFO 18768 --- [customer-status-service] [main] o.s.o.j.p.SpringPersistenceUnitInfo      : No LoadTimeWeaver setup: ignoring JPA class transformer
2025-12-18T00:51:03.154+05:30  INFO 18768 --- [customer-status-service] [main] com.zaxxer.hikari.HikariDataSource       : HikariPool-1 - Starting...
2025-12-18T00:51:03.509+05:30  INFO 18768 --- [customer-status-service] [main] com.zaxxer.hikari.pool.HikariPool        : HikariPool-1 - Added connection com.mysql.cj.jdbc.ConnectionImpl@31ab4859
2025-12-18T00:51:03.514+05:30  INFO 18768 --- [customer-status-service] [main] com.zaxxer.hikari.HikariDataSource       : HikariPool-1 - Start completed.
2025-12-18T00:51:03.585+05:30  WARN 18768 --- [customer-status-service] [main] org.hibernate.orm.deprecation            : HHH90000025: MySQL8Dialect does not need to be specified explicitly using 'hibernate.dialect' (remove the property setting and it will be selected by default)
2025-12-18T00:51:03.586+05:30  WARN 18768 --- [customer-status-service] [main] org.hibernate.orm.deprecation            : HHH90000026: MySQL8Dialect has been deprecated; use org.hibernate.dialect.MySQLDialect instead
2025-12-18T00:51:04.661+05:30  INFO 18768 --- [customer-status-service] [main] o.h.e.t.j.p.i.JtaPlatformInitiator       : HHH000489: No JTA platform available (set 'hibernate.transaction.jta.platform' to enable JTA platform integration)
2025-12-18T00:51:04.737+05:30  INFO 18768 --- [customer-status-service] [main] j.LocalContainerEntityManagerFactoryBean : Initialized JPA EntityManagerFactory for persistence unit 'default'
2025-12-18T00:51:05.317+05:30  WARN 18768 --- [customer-status-service] [main] JpaBaseConfiguration$JpaWebConfiguration : spring.jpa.open-in-view is enabled by default. Therefore, database queries may be performed during view rendering. Explicitly configure spring.jpa.open-in-view to disable this warning
2025-12-18T00:51:05.548+05:30 DEBUG 18768 --- [customer-status-service] [main] s.w.s.m.m.a.RequestMappingHandlerMapping : 3 mappings in 'requestMappingHandlerMapping'
2025-12-18T00:51:05.784+05:30 DEBUG 18768 --- [customer-status-service] [main] o.s.w.s.handler.SimpleUrlHandlerMapping  : Patterns [/webjars/**, /**] in 'resourceHandlerMapping'
2025-12-18T00:51:05.871+05:30 DEBUG 18768 --- [customer-status-service] [main] s.w.s.m.m.a.RequestMappingHandlerAdapter : ControllerAdvice beans: 0 @ModelAttribute, 0 @InitBinder, 1 RequestBodyAdvice, 1 ResponseBodyAdvice
2025-12-18T00:51:05.956+05:30 DEBUG 18768 --- [customer-status-service] [main] .m.m.a.ExceptionHandlerExceptionResolver : ControllerAdvice beans: 1 @ExceptionHandler, 1 ResponseBodyAdvice
2025-12-18T00:51:06.347+05:30  INFO 18768 --- [customer-status-service] [main] DiscoveryClientOptionalArgsConfiguration : Eureka HTTP Client uses RestTemplate.
2025-12-18T00:51:06.496+05:30  WARN 18768 --- [customer-status-service] [main] iguration$LoadBalancerCaffeineWarnLogger : Spring Cloud LoadBalancer is currently working with the default cache. While this cache implementation is useful for development and tests, it's recommended to use Caffeine cache in production.You can switch to using Caffeine cache, by adding it and org.springframework.cache.caffeine.CaffeineCacheManager to the classpath.
2025-12-18T00:51:06.524+05:30  INFO 18768 --- [customer-status-service] [main] o.s.c.n.eureka.InstanceInfoFactory       : Setting initial instance status as: STARTING
2025-12-18T00:51:06.566+05:30  INFO 18768 --- [customer-status-service] [main] com.netflix.discovery.DiscoveryClient    : Initializing Eureka in region us-east-1
2025-12-18T00:51:06.605+05:30  INFO 18768 --- [customer-status-service] [main] c.n.d.s.r.aws.ConfigClusterResolver      : Resolving eureka endpoints via configuration
2025-12-18T00:51:06.618+05:30  INFO 18768 --- [customer-status-service] [main] com.netflix.discovery.DiscoveryClient    : Disable delta property : false
2025-12-18T00:51:06.619+05:30  INFO 18768 --- [customer-status-service] [main] com.netflix.discovery.DiscoveryClient    : Single vip registry refresh property : null
2025-12-18T00:51:06.619+05:30  INFO 18768 --- [customer-status-service] [main] com.netflix.discovery.DiscoveryClient    : Force full registry fetch : false
2025-12-18T00:51:06.619+05:30  INFO 18768 --- [customer-status-service] [main] com.netflix.discovery.DiscoveryClient    : Application is null : false
2025-12-18T00:51:06.619+05:30  INFO 18768 --- [customer-status-service] [main] com.netflix.discovery.DiscoveryClient    : Registered Applications size is zero : true
2025-12-18T00:51:06.619+05:30  INFO 18768 --- [customer-status-service] [main] com.netflix.discovery.DiscoveryClient    : Application version is -1: true
2025-12-18T00:51:06.619+05:30  INFO 18768 --- [customer-status-service] [main] com.netflix.discovery.DiscoveryClient    : Getting all instance registry info from the eureka server
2025-12-18T00:51:07.057+05:30 DEBUG 18768 --- [customer-status-service] [main] o.s.web.client.RestTemplate              : HTTP GET http://localhost:8761/eureka/apps/
2025-12-18T00:51:07.261+05:30 DEBUG 18768 --- [customer-status-service] [main] o.s.web.client.RestTemplate              : Accept=[application/json, application/*+json]
2025-12-18T00:51:07.483+05:30 DEBUG 18768 --- [customer-status-service] [main] o.s.web.client.RestTemplate              : Response 404 NOT_FOUND
2025-12-18T00:51:07.496+05:30  WARN 18768 --- [customer-status-service] [main] c.n.d.s.t.d.RetryableEurekaHttpClient    : Request execution failure with status code 404; retrying on another server if available
2025-12-18T00:51:07.499+05:30  INFO 18768 --- [customer-status-service] [main] com.netflix.discovery.DiscoveryClient    : DiscoveryClient_CUSTOMER-STATUS-SERVICE/host.docker.internal:customer-status-service:8090 - was unable to refresh its cache! This periodic background refresh will be retried in 30 seconds. status = Cannot execute request on any known server stacktrace = com.netflix.discovery.shared.transport.TransportException: Cannot execute request on any known server
	at com.netflix.discovery.shared.transport.decorator.RetryableEurekaHttpClient.execute(RetryableEurekaHttpClient.java:112)
	at com.netflix.discovery.shared.transport.decorator.EurekaHttpClientDecorator.getApplications(EurekaHttpClientDecorator.java:134)
	at com.netflix.discovery.shared.transport.decorator.EurekaHttpClientDecorator$6.execute(EurekaHttpClientDecorator.java:137)
	at com.netflix.discovery.shared.transport.decorator.SessionedEurekaHttpClient.execute(SessionedEurekaHttpClient.java:76)
	at com.netflix.discovery.shared.transport.decorator.EurekaHttpClientDecorator.getApplications(EurekaHttpClientDecorator.java:134)
	at com.netflix.discovery.DiscoveryClient.getAndStoreFullRegistry(DiscoveryClient.java:1046)
	at com.netflix.discovery.DiscoveryClient.fetchRegistry(DiscoveryClient.java:961)
	at com.netflix.discovery.DiscoveryClient.<init>(DiscoveryClient.java:410)
	at com.netflix.discovery.DiscoveryClient.<init>(DiscoveryClient.java:245)
	at com.netflix.discovery.DiscoveryClient.<init>(DiscoveryClient.java:240)
	at org.springframework.cloud.netflix.eureka.CloudEurekaClient.<init>(CloudEurekaClient.java:68)
	at org.springframework.cloud.netflix.eureka.EurekaClientAutoConfiguration$RefreshableEurekaClientConfiguration.eurekaClient(EurekaClientAutoConfiguration.java:324)
	at java.base/jdk.internal.reflect.DirectMethodHandleAccessor.invoke(DirectMethodHandleAccessor.java:103)
	at java.base/java.lang.reflect.Method.invoke(Method.java:580)
	at org.springframework.beans.factory.support.SimpleInstantiationStrategy.instantiate(SimpleInstantiationStrategy.java:140)
	at org.springframework.beans.factory.support.ConstructorResolver.instantiate(ConstructorResolver.java:651)
	at org.springframework.beans.factory.support.ConstructorResolver.instantiateUsingFactoryMethod(ConstructorResolver.java:643)
	at org.springframework.beans.factory.support.AbstractAutowireCapableBeanFactory.instantiateUsingFactoryMethod(AbstractAutowireCapableBeanFactory.java:1336)
	at org.springframework.beans.factory.support.AbstractAutowireCapableBeanFactory.createBeanInstance(AbstractAutowireCapableBeanFactory.java:1166)
	at org.springframework.beans.factory.support.AbstractAutowireCapableBeanFactory.doCreateBean(AbstractAutowireCapableBeanFactory.java:563)
	at org.springframework.beans.factory.support.AbstractAutowireCapableBeanFactory.createBean(AbstractAutowireCapableBeanFactory.java:523)
	at org.springframework.beans.factory.support.AbstractBeanFactory.lambda$doGetBean$1(AbstractBeanFactory.java:364)
	at org.springframework.cloud.context.scope.GenericScope$BeanLifecycleWrapper.getBean(GenericScope.java:375)
	at org.springframework.cloud.context.scope.GenericScope.get(GenericScope.java:179)
	at org.springframework.beans.factory.support.AbstractBeanFactory.doGetBean(AbstractBeanFactory.java:361)
	at org.springframework.beans.factory.support.AbstractBeanFactory.getBean(AbstractBeanFactory.java:199)
	at org.springframework.aop.target.SimpleBeanTargetSource.getTarget(SimpleBeanTargetSource.java:35)
	at org.springframework.cloud.netflix.eureka.serviceregistry.EurekaRegistration.getTargetObject(EurekaRegistration.java:128)
	at org.springframework.cloud.netflix.eureka.serviceregistry.EurekaRegistration.getEurekaClient(EurekaRegistration.java:116)
	at java.base/jdk.internal.reflect.DirectMethodHandleAccessor.invoke(DirectMethodHandleAccessor.java:103)
	at java.base/java.lang.reflect.Method.invoke(Method.java:580)
	at org.springframework.util.ReflectionUtils.invokeMethod(ReflectionUtils.java:281)
	at org.springframework.cloud.context.scope.GenericScope$LockedScopedProxyFactoryBean.invoke(GenericScope.java:482)
	at org.springframework.aop.framework.ReflectiveMethodInvocation.proceed(ReflectiveMethodInvocation.java:184)
	at org.springframework.aop.framework.CglibAopProxy$CglibMethodInvocation.proceed(CglibAopProxy.java:765)
	at org.springframework.aop.framework.CglibAopProxy$DynamicAdvisedInterceptor.intercept(CglibAopProxy.java:717)
	at org.springframework.cloud.netflix.eureka.serviceregistry.EurekaRegistration$$SpringCGLIB$$0.getEurekaClient(<generated>)
	at org.springframework.cloud.netflix.eureka.serviceregistry.EurekaServiceRegistry.maybeInitializeClient(EurekaServiceRegistry.java:83)
	at org.springframework.cloud.netflix.eureka.serviceregistry.EurekaServiceRegistry.register(EurekaServiceRegistry.java:66)
	at org.springframework.cloud.netflix.eureka.serviceregistry.EurekaAutoServiceRegistration.start(EurekaAutoServiceRegistration.java:89)
	at org.springframework.context.support.DefaultLifecycleProcessor.doStart(DefaultLifecycleProcessor.java:284)
	at org.springframework.context.support.DefaultLifecycleProcessor$LifecycleGroup.start(DefaultLifecycleProcessor.java:467)
	at java.base/java.lang.Iterable.forEach(Iterable.java:75)
	at org.springframework.context.support.DefaultLifecycleProcessor.startBeans(DefaultLifecycleProcessor.java:256)
	at org.springframework.context.support.DefaultLifecycleProcessor.onRefresh(DefaultLifecycleProcessor.java:201)
	at org.springframework.context.support.AbstractApplicationContext.finishRefresh(AbstractApplicationContext.java:965)
	at org.springframework.context.support.AbstractApplicationContext.refresh(AbstractApplicationContext.java:619)
	at org.springframework.boot.web.servlet.context.ServletWebServerApplicationContext.refresh(ServletWebServerApplicationContext.java:146)
	at org.springframework.boot.SpringApplication.refresh(SpringApplication.java:753)
	at org.springframework.boot.SpringApplication.refreshContext(SpringApplication.java:455)
	at org.springframework.boot.SpringApplication.run(SpringApplication.java:323)
	at org.springframework.boot.SpringApplication.run(SpringApplication.java:1342)
	at org.springframework.boot.SpringApplication.run(SpringApplication.java:1331)
	at com.example.customerapi.CustomerStatusApiApplication.main(CustomerStatusApiApplication.java:9)

2025-12-18T00:51:07.499+05:30  INFO 18768 --- [customer-status-service] [main] com.netflix.discovery.DiscoveryClient    : Initial registry fetch from primary servers failed
2025-12-18T00:51:07.500+05:30  WARN 18768 --- [customer-status-service] [main] com.netflix.discovery.DiscoveryClient    : Using default backup registry implementation which does not do anything.
2025-12-18T00:51:07.500+05:30  INFO 18768 --- [customer-status-service] [main] com.netflix.discovery.DiscoveryClient    : Initial registry fetch from backup servers failed
2025-12-18T00:51:07.502+05:30  INFO 18768 --- [customer-status-service] [main] com.netflix.discovery.DiscoveryClient    : Starting heartbeat executor: renew interval is: 30
2025-12-18T00:51:07.505+05:30  INFO 18768 --- [customer-status-service] [main] c.n.discovery.InstanceInfoReplicator     : InstanceInfoReplicator onDemand update allowed rate per min is 4
2025-12-18T00:51:07.513+05:30  INFO 18768 --- [customer-status-service] [main] com.netflix.discovery.DiscoveryClient    : Discovery Client initialized at timestamp 1765999267507 with initial instances count: 0
2025-12-18T00:51:07.518+05:30  INFO 18768 --- [customer-status-service] [main] o.s.c.n.e.s.EurekaServiceRegistry        : Registering application CUSTOMER-STATUS-SERVICE with eureka with status UP
2025-12-18T00:51:07.520+05:30  INFO 18768 --- [customer-status-service] [main] com.netflix.discovery.DiscoveryClient    : Saw local status change event StatusChangeEvent [timestamp=1765999267520, current=UP, previous=STARTING]
2025-12-18T00:51:07.526+05:30  INFO 18768 --- [customer-status-service] [DiscoveryClient-InstanceInfoReplicator-%d] com.netflix.discovery.DiscoveryClient    : DiscoveryClient_CUSTOMER-STATUS-SERVICE/host.docker.internal:customer-status-service:8090: registering service...
2025-12-18T00:51:07.541+05:30 DEBUG 18768 --- [customer-status-service] [DiscoveryClient-InstanceInfoReplicator-%d] o.s.web.client.RestTemplate              : HTTP POST http://localhost:8761/eureka/apps/CUSTOMER-STATUS-SERVICE
2025-12-18T00:51:07.546+05:30 DEBUG 18768 --- [customer-status-service] [DiscoveryClient-InstanceInfoReplicator-%d] o.s.web.client.RestTemplate              : Accept=[application/json, application/*+json]
2025-12-18T00:51:07.571+05:30  INFO 18768 --- [customer-status-service] [main] o.s.b.w.embedded.tomcat.TomcatWebServer  : Tomcat started on port 8090 (http) with context path ''
2025-12-18T00:51:07.573+05:30  INFO 18768 --- [customer-status-service] [main] .s.c.n.e.s.EurekaAutoServiceRegistration : Updating port to 8090
2025-12-18T00:51:07.578+05:30 DEBUG 18768 --- [customer-status-service] [DiscoveryClient-InstanceInfoReplicator-%d] o.s.web.client.RestTemplate              : Writing [InstanceInfo [instanceId = host.docker.internal:customer-status-service:8090, appName = CUSTOMER-STATUS-SERVICE, hostName = 127.0.0.1, status = UP, ipAddr = 127.0.0.1, port = 8090, securePort = 443, dataCenterInfo = com.netflix.appinfo.MyDataCenterInfo@1ef7e4c7] as "application/json"
2025-12-18T00:51:07.603+05:30  INFO 18768 --- [customer-status-service] [main] c.e.c.CustomerStatusApiApplication       : Started CustomerStatusApiApplication in 10.105 seconds (process running for 10.851)
2025-12-18T00:51:07.631+05:30 DEBUG 18768 --- [customer-status-service] [DiscoveryClient-InstanceInfoReplicator-%d] o.s.web.client.RestTemplate              : Response 404 NOT_FOUND
2025-12-18T00:51:07.632+05:30  INFO 18768 --- [customer-status-service] [DiscoveryClient-InstanceInfoReplicator-%d] com.netflix.discovery.DiscoveryClient    : DiscoveryClient_CUSTOMER-STATUS-SERVICE/host.docker.internal:customer-status-service:8090 - registration status: 404
2025-12-18T00:51:37.516+05:30  INFO 18768 --- [customer-status-service] [DiscoveryClient-CacheRefreshExecutor-%d] com.netflix.discovery.DiscoveryClient    : Disable delta property : false
2025-12-18T00:51:37.517+05:30  INFO 18768 --- [customer-status-service] [DiscoveryClient-CacheRefreshExecutor-%d] com.netflix.discovery.DiscoveryClient    : Single vip registry refresh property : null
2025-12-18T00:51:37.517+05:30  INFO 18768 --- [customer-status-service] [DiscoveryClient-CacheRefreshExecutor-%d] com.netflix.discovery.DiscoveryClient    : Force full registry fetch : false
2025-12-18T00:51:37.522+05:30  INFO 18768 --- [customer-status-service] [DiscoveryClient-CacheRefreshExecutor-%d] com.netflix.discovery.DiscoveryClient    : Application is null : false
2025-12-18T00:51:37.523+05:30  INFO 18768 --- [customer-status-service] [DiscoveryClient-CacheRefreshExecutor-%d] com.netflix.discovery.DiscoveryClient    : Registered Applications size is zero : true
2025-12-18T00:51:37.523+05:30  INFO 18768 --- [customer-status-service] [DiscoveryClient-CacheRefreshExecutor-%d] com.netflix.discovery.DiscoveryClient    : Application version is -1: true
2025-12-18T00:51:37.523+05:30  INFO 18768 --- [customer-status-service] [DiscoveryClient-CacheRefreshExecutor-%d] com.netflix.discovery.DiscoveryClient    : Getting all instance registry info from the eureka server
2025-12-18T00:51:37.519+05:30 DEBUG 18768 --- [customer-status-service] [DiscoveryClient-HeartbeatExecutor-%d] o.s.web.client.RestTemplate              : HTTP PUT http://localhost:8761/eureka/apps/CUSTOMER-STATUS-SERVICE/host.docker.internal:customer-status-service:8090?status=UP&lastDirtyTimestamp=1765999267519
2025-12-18T00:51:37.533+05:30 DEBUG 18768 --- [customer-status-service] [DiscoveryClient-CacheRefreshExecutor-%d] o.s.web.client.RestTemplate              : HTTP GET http://localhost:8761/eureka/apps/
2025-12-18T00:51:37.535+05:30 DEBUG 18768 --- [customer-status-service] [DiscoveryClient-HeartbeatExecutor-%d] o.s.web.client.RestTemplate              : Accept=[application/json, application/*+json]
2025-12-18T00:51:37.549+05:30 DEBUG 18768 --- [customer-status-service] [DiscoveryClient-CacheRefreshExecutor-%d] o.s.web.client.RestTemplate              : Accept=[application/json, application/*+json]
2025-12-18T00:51:37.571+05:30 DEBUG 18768 --- [customer-status-service] [DiscoveryClient-CacheRefreshExecutor-%d] o.s.web.client.RestTemplate              : Response 404 NOT_FOUND
2025-12-18T00:51:37.573+05:30  WARN 18768 --- [customer-status-service] [DiscoveryClient-CacheRefreshExecutor-%d] c.n.d.s.t.d.RetryableEurekaHttpClient    : Request execution failure with status code 404; retrying on another server if available
2025-12-18T00:51:37.573+05:30  INFO 18768 --- [customer-status-service] [DiscoveryClient-CacheRefreshExecutor-%d] com.netflix.discovery.DiscoveryClient    : DiscoveryClient_CUSTOMER-STATUS-SERVICE/host.docker.internal:customer-status-service:8090 - was unable to refresh its cache! This periodic background refresh will be retried in 30 seconds. status = Cannot execute request on any known server stacktrace = com.netflix.discovery.shared.transport.TransportException: Cannot execute request on any known server
	at com.netflix.discovery.shared.transport.decorator.RetryableEurekaHttpClient.execute(RetryableEurekaHttpClient.java:112)
	at com.netflix.discovery.shared.transport.decorator.EurekaHttpClientDecorator.getApplications(EurekaHttpClientDecorator.java:134)
	at com.netflix.discovery.shared.transport.decorator.EurekaHttpClientDecorator$6.execute(EurekaHttpClientDecorator.java:137)
	at com.netflix.discovery.shared.transport.decorator.SessionedEurekaHttpClient.execute(SessionedEurekaHttpClient.java:76)
	at com.netflix.discovery.shared.transport.decorator.EurekaHttpClientDecorator.getApplications(EurekaHttpClientDecorator.java:134)
	at com.netflix.discovery.DiscoveryClient.getAndStoreFullRegistry(DiscoveryClient.java:1046)
	at com.netflix.discovery.DiscoveryClient.fetchRegistry(DiscoveryClient.java:961)
	at com.netflix.discovery.DiscoveryClient.refreshRegistry(DiscoveryClient.java:1473)
	at com.netflix.discovery.DiscoveryClient$CacheRefreshThread.run(DiscoveryClient.java:1441)
	at java.base/java.util.concurrent.Executors$RunnableAdapter.call(Executors.java:572)
	at java.base/java.util.concurrent.FutureTask.run(FutureTask.java:317)
	at java.base/java.util.concurrent.ThreadPoolExecutor.runWorker(ThreadPoolExecutor.java:1144)
	at java.base/java.util.concurrent.ThreadPoolExecutor$Worker.run(ThreadPoolExecutor.java:642)
	at java.base/java.lang.Thread.run(Thread.java:1583)

2025-12-18T00:51:37.581+05:30 DEBUG 18768 --- [customer-status-service] [DiscoveryClient-HeartbeatExecutor-%d] o.s.web.client.RestTemplate              : Response 404 NOT_FOUND
2025-12-18T00:51:37.582+05:30  INFO 18768 --- [customer-status-service] [DiscoveryClient-HeartbeatExecutor-%d] com.netflix.discovery.DiscoveryClient    : DiscoveryClient_CUSTOMER-STATUS-SERVICE/host.docker.internal:customer-status-service:8090 - Re-registering apps/CUSTOMER-STATUS-SERVICE
2025-12-18T00:51:37.582+05:30  INFO 18768 --- [customer-status-service] [DiscoveryClient-HeartbeatExecutor-%d] com.netflix.discovery.DiscoveryClient    : DiscoveryClient_CUSTOMER-STATUS-SERVICE/host.docker.internal:customer-status-service:8090: registering service...
2025-12-18T00:51:37.583+05:30 DEBUG 18768 --- [customer-status-service] [DiscoveryClient-HeartbeatExecutor-%d] o.s.web.client.RestTemplate              : HTTP POST http://localhost:8761/eureka/apps/CUSTOMER-STATUS-SERVICE
2025-12-18T00:51:37.584+05:30 DEBUG 18768 --- [customer-status-service] [DiscoveryClient-HeartbeatExecutor-%d] o.s.web.client.RestTemplate              : Accept=[application/json, application/*+json]
2025-12-18T00:51:37.584+05:30 DEBUG 18768 --- [customer-status-service] [DiscoveryClient-HeartbeatExecutor-%d] o.s.web.client.RestTemplate              : Writing [InstanceInfo [instanceId = host.docker.internal:customer-status-service:8090, appName = CUSTOMER-STATUS-SERVICE, hostName = 127.0.0.1, status = UP, ipAddr = 127.0.0.1, port = 8090, securePort = 443, dataCenterInfo = com.netflix.appinfo.MyDataCenterInfo@1ef7e4c7] as "application/json"
2025-12-18T00:51:37.597+05:30 DEBUG 18768 --- [customer-status-service] [DiscoveryClient-HeartbeatExecutor-%d] o.s.web.client.RestTemplate              : Response 404 NOT_FOUND
2025-12-18T00:51:37.598+05:30  INFO 18768 --- [customer-status-service] [DiscoveryClient-HeartbeatExecutor-%d] com.netflix.discovery.DiscoveryClient    : DiscoveryClient_CUSTOMER-STATUS-SERVICE/host.docker.internal:customer-status-service:8090 - registration status: 404
2025-12-18T00:51:37.641+05:30  INFO 18768 --- [customer-status-service] [DiscoveryClient-InstanceInfoReplicator-%d] com.netflix.discovery.DiscoveryClient    : DiscoveryClient_CUSTOMER-STATUS-SERVICE/host.docker.internal:customer-status-service:8090: registering service...
2025-12-18T00:51:37.645+05:30 DEBUG 18768 --- [customer-status-service] [DiscoveryClient-InstanceInfoReplicator-%d] o.s.web.client.RestTemplate              : HTTP POST http://localhost:8761/eureka/apps/CUSTOMER-STATUS-SERVICE
2025-12-18T00:51:37.647+05:30 DEBUG 18768 --- [customer-status-service] [DiscoveryClient-InstanceInfoReplicator-%d] o.s.web.client.RestTemplate              : Accept=[application/json, application/*+json]
2025-12-18T00:51:37.648+05:30 DEBUG 18768 --- [customer-status-service] [DiscoveryClient-InstanceInfoReplicator-%d] o.s.web.client.RestTemplate              : Writing [InstanceInfo [instanceId = host.docker.internal:customer-status-service:8090, appName = CUSTOMER-STATUS-SERVICE, hostName = 127.0.0.1, status = UP, ipAddr = 127.0.0.1, port = 8090, securePort = 443, dataCenterInfo = com.netflix.appinfo.MyDataCenterInfo@1ef7e4c7] as "application/json"
2025-12-18T00:51:37.669+05:30 DEBUG 18768 --- [customer-status-service] [DiscoveryClient-InstanceInfoReplicator-%d] o.s.web.client.RestTemplate              : Response 404 NOT_FOUND
2025-12-18T00:51:37.671+05:30  INFO 18768 --- [customer-status-service] [DiscoveryClient-InstanceInfoReplicator-%d] com.netflix.discovery.DiscoveryClient    : DiscoveryClient_CUSTOMER-STATUS-SERVICE/host.docker.internal:customer-status-service:8090 - registration status: 404
2025-12-18T00:52:07.588+05:30  INFO 18768 --- [customer-status-service] [DiscoveryClient-CacheRefreshExecutor-%d] com.netflix.discovery.DiscoveryClient    : Disable delta property : false
2025-12-18T00:52:07.590+05:30  INFO 18768 --- [customer-status-service] [DiscoveryClient-CacheRefreshExecutor-%d] com.netflix.discovery.DiscoveryClient    : Single vip registry refresh property : null
2025-12-18T00:52:07.590+05:30  INFO 18768 --- [customer-status-service] [DiscoveryClient-CacheRefreshExecutor-%d] com.netflix.discovery.DiscoveryClient    : Force full registry fetch : false
2025-12-18T00:52:07.590+05:30  INFO 18768 --- [customer-status-service] [DiscoveryClient-CacheRefreshExecutor-%d] com.netflix.discovery.DiscoveryClient    : Application is null : false
2025-12-18T00:52:07.590+05:30  INFO 18768 --- [customer-status-service] [DiscoveryClient-CacheRefreshExecutor-%d] com.netflix.discovery.DiscoveryClient    : Registered Applications size is zero : true
2025-12-18T00:52:07.590+05:30  INFO 18768 --- [customer-status-service] [DiscoveryClient-CacheRefreshExecutor-%d] com.netflix.discovery.DiscoveryClient    : Application version is -1: true
2025-12-18T00:52:07.590+05:30  INFO 18768 --- [customer-status-service] [DiscoveryClient-CacheRefreshExecutor-%d] com.netflix.discovery.DiscoveryClient    : Getting all instance registry info from the eureka server
2025-12-18T00:52:07.602+05:30 DEBUG 18768 --- [customer-status-service] [DiscoveryClient-HeartbeatExecutor-%d] o.s.web.client.RestTemplate              : HTTP PUT http://localhost:8761/eureka/apps/CUSTOMER-STATUS-SERVICE/host.docker.internal:customer-status-service:8090?status=UP&lastDirtyTimestamp=1765999297582
2025-12-18T00:52:07.602+05:30 DEBUG 18768 --- [customer-status-service] [DiscoveryClient-HeartbeatExecutor-%d] o.s.web.client.RestTemplate              : Accept=[application/json, application/*+json]
2025-12-18T00:52:07.607+05:30 DEBUG 18768 --- [customer-status-service] [DiscoveryClient-CacheRefreshExecutor-%d] o.s.web.client.RestTemplate              : HTTP GET http://localhost:8761/eureka/apps/
2025-12-18T00:52:07.627+05:30 DEBUG 18768 --- [customer-status-service] [DiscoveryClient-CacheRefreshExecutor-%d] o.s.web.client.RestTemplate              : Accept=[application/json, application/*+json]
2025-12-18T00:52:07.627+05:30 DEBUG 18768 --- [customer-status-service] [DiscoveryClient-HeartbeatExecutor-%d] o.s.web.client.RestTemplate              : Response 404 NOT_FOUND
2025-12-18T00:52:07.629+05:30  INFO 18768 --- [customer-status-service] [DiscoveryClient-HeartbeatExecutor-%d] com.netflix.discovery.DiscoveryClient    : DiscoveryClient_CUSTOMER-STATUS-SERVICE/host.docker.internal:customer-status-service:8090 - Re-registering apps/CUSTOMER-STATUS-SERVICE
2025-12-18T00:52:07.630+05:30  INFO 18768 --- [customer-status-service] [DiscoveryClient-HeartbeatExecutor-%d] com.netflix.discovery.DiscoveryClient    : DiscoveryClient_CUSTOMER-STATUS-SERVICE/host.docker.internal:customer-status-service:8090: registering service...
2025-12-18T00:52:07.630+05:30 DEBUG 18768 --- [customer-status-service] [DiscoveryClient-HeartbeatExecutor-%d] o.s.web.client.RestTemplate              : HTTP POST http://localhost:8761/eureka/apps/CUSTOMER-STATUS-SERVICE
2025-12-18T00:52:07.630+05:30 DEBUG 18768 --- [customer-status-service] [DiscoveryClient-HeartbeatExecutor-%d] o.s.web.client.RestTemplate              : Accept=[application/json, application/*+json]
2025-12-18T00:52:07.630+05:30 DEBUG 18768 --- [customer-status-service] [DiscoveryClient-HeartbeatExecutor-%d] o.s.web.client.RestTemplate              : Writing [InstanceInfo [instanceId = host.docker.internal:customer-status-service:8090, appName = CUSTOMER-STATUS-SERVICE, hostName = 127.0.0.1, status = UP, ipAddr = 127.0.0.1, port = 8090, securePort = 443, dataCenterInfo = com.netflix.appinfo.MyDataCenterInfo@1ef7e4c7] as "application/json"
2025-12-18T00:52:07.648+05:30 DEBUG 18768 --- [customer-status-service] [DiscoveryClient-HeartbeatExecutor-%d] o.s.web.client.RestTemplate              : Response 404 NOT_FOUND
2025-12-18T00:52:07.648+05:30 DEBUG 18768 --- [customer-status-service] [DiscoveryClient-CacheRefreshExecutor-%d] o.s.web.client.RestTemplate              : Response 404 NOT_FOUND
2025-12-18T00:52:07.650+05:30  WARN 18768 --- [customer-status-service] [DiscoveryClient-CacheRefreshExecutor-%d] c.n.d.s.t.d.RetryableEurekaHttpClient    : Request execution failure with status code 404; retrying on another server if available
2025-12-18T00:52:07.650+05:30  INFO 18768 --- [customer-status-service] [DiscoveryClient-HeartbeatExecutor-%d] com.netflix.discovery.DiscoveryClient    : DiscoveryClient_CUSTOMER-STATUS-SERVICE/host.docker.internal:customer-status-service:8090 - registration status: 404
2025-12-18T00:52:07.652+05:30  INFO 18768 --- [customer-status-service] [DiscoveryClient-CacheRefreshExecutor-%d] com.netflix.discovery.DiscoveryClient    : DiscoveryClient_CUSTOMER-STATUS-SERVICE/host.docker.internal:customer-status-service:8090 - was unable to refresh its cache! This periodic background refresh will be retried in 30 seconds. status = Cannot execute request on any known server stacktrace = com.netflix.discovery.shared.transport.TransportException: Cannot execute request on any known server
	at com.netflix.discovery.shared.transport.decorator.RetryableEurekaHttpClient.execute(RetryableEurekaHttpClient.java:112)
	at com.netflix.discovery.shared.transport.decorator.EurekaHttpClientDecorator.getApplications(EurekaHttpClientDecorator.java:134)
	at com.netflix.discovery.shared.transport.decorator.EurekaHttpClientDecorator$6.execute(EurekaHttpClientDecorator.java:137)
	at com.netflix.discovery.shared.transport.decorator.SessionedEurekaHttpClient.execute(SessionedEurekaHttpClient.java:76)
	at com.netflix.discovery.shared.transport.decorator.EurekaHttpClientDecorator.getApplications(EurekaHttpClientDecorator.java:134)
	at com.netflix.discovery.DiscoveryClient.getAndStoreFullRegistry(DiscoveryClient.java:1046)
	at com.netflix.discovery.DiscoveryClient.fetchRegistry(DiscoveryClient.java:961)
	at com.netflix.discovery.DiscoveryClient.refreshRegistry(DiscoveryClient.java:1473)
	at com.netflix.discovery.DiscoveryClient$CacheRefreshThread.run(DiscoveryClient.java:1441)
	at java.base/java.util.concurrent.Executors$RunnableAdapter.call(Executors.java:572)
	at java.base/java.util.concurrent.FutureTask.run(FutureTask.java:317)
	at java.base/java.util.concurrent.ThreadPoolExecutor.runWorker(ThreadPoolExecutor.java:1144)
	at java.base/java.util.concurrent.ThreadPoolExecutor$Worker.run(ThreadPoolExecutor.java:642)
	at java.base/java.lang.Thread.run(Thread.java:1583)

2025-12-18T00:52:07.682+05:30  INFO 18768 --- [customer-status-service] [DiscoveryClient-InstanceInfoReplicator-%d] com.netflix.discovery.DiscoveryClient    : DiscoveryClient_CUSTOMER-STATUS-SERVICE/host.docker.internal:customer-status-service:8090: registering service...
2025-12-18T00:52:07.682+05:30 DEBUG 18768 --- [customer-status-service] [DiscoveryClient-InstanceInfoReplicator-%d] o.s.web.client.RestTemplate              : HTTP POST http://localhost:8761/eureka/apps/CUSTOMER-STATUS-SERVICE
2025-12-18T00:52:07.685+05:30 DEBUG 18768 --- [customer-status-service] [DiscoveryClient-InstanceInfoReplicator-%d] o.s.web.client.RestTemplate              : Accept=[application/json, application/*+json]
2025-12-18T00:52:07.685+05:30 DEBUG 18768 --- [customer-status-service] [DiscoveryClient-InstanceInfoReplicator-%d] o.s.web.client.RestTemplate              : Writing [InstanceInfo [instanceId = host.docker.internal:customer-status-service:8090, appName = CUSTOMER-STATUS-SERVICE, hostName = 127.0.0.1, status = UP, ipAddr = 127.0.0.1, port = 8090, securePort = 443, dataCenterInfo = com.netflix.appinfo.MyDataCenterInfo@1ef7e4c7] as "application/json"
2025-12-18T00:52:07.701+05:30 DEBUG 18768 --- [customer-status-service] [DiscoveryClient-InstanceInfoReplicator-%d] o.s.web.client.RestTemplate              : Response 404 NOT_FOUND
2025-12-18T00:52:07.701+05:30  INFO 18768 --- [customer-status-service] [DiscoveryClient-InstanceInfoReplicator-%d] com.netflix.discovery.DiscoveryClient    : DiscoveryClient_CUSTOMER-STATUS-SERVICE/host.docker.internal:customer-status-service:8090 - registration status: 404
2025-12-18T00:52:37.655+05:30 DEBUG 18768 --- [customer-status-service] [DiscoveryClient-HeartbeatExecutor-%d] o.s.web.client.RestTemplate              : HTTP PUT http://localhost:8761/eureka/apps/CUSTOMER-STATUS-SERVICE/host.docker.internal:customer-status-service:8090?status=UP&lastDirtyTimestamp=1765999327630
2025-12-18T00:52:37.655+05:30  INFO 18768 --- [customer-status-service] [DiscoveryClient-CacheRefreshExecutor-%d] com.netflix.discovery.DiscoveryClient    : Disable delta property : false
2025-12-18T00:52:37.657+05:30  INFO 18768 --- [customer-status-service] [DiscoveryClient-CacheRefreshExecutor-%d] com.netflix.discovery.DiscoveryClient    : Single vip registry refresh property : null
2025-12-18T00:52:37.657+05:30  INFO 18768 --- [customer-status-service] [DiscoveryClient-CacheRefreshExecutor-%d] com.netflix.discovery.DiscoveryClient    : Force full registry fetch : false
2025-12-18T00:52:37.657+05:30  INFO 18768 --- [customer-status-service] [DiscoveryClient-CacheRefreshExecutor-%d] com.netflix.discovery.DiscoveryClient    : Application is null : false
2025-12-18T00:52:37.657+05:30  INFO 18768 --- [customer-status-service] [DiscoveryClient-CacheRefreshExecutor-%d] com.netflix.discovery.DiscoveryClient    : Registered Applications size is zero : true
2025-12-18T00:52:37.657+05:30  INFO 18768 --- [customer-status-service] [DiscoveryClient-CacheRefreshExecutor-%d] com.netflix.discovery.DiscoveryClient    : Application version is -1: true
2025-12-18T00:52:37.657+05:30  INFO 18768 --- [customer-status-service] [DiscoveryClient-CacheRefreshExecutor-%d] com.netflix.discovery.DiscoveryClient    : Getting all instance registry info from the eureka server
2025-12-18T00:52:37.657+05:30 DEBUG 18768 --- [customer-status-service] [DiscoveryClient-HeartbeatExecutor-%d] o.s.web.client.RestTemplate              : Accept=[application/json, application/*+json]
2025-12-18T00:52:37.679+05:30 DEBUG 18768 --- [customer-status-service] [DiscoveryClient-CacheRefreshExecutor-%d] o.s.web.client.RestTemplate              : HTTP GET http://localhost:8761/eureka/apps/
2025-12-18T00:52:37.679+05:30 DEBUG 18768 --- [customer-status-service] [DiscoveryClient-HeartbeatExecutor-%d] o.s.web.client.RestTemplate              : Response 404 NOT_FOUND
2025-12-18T00:52:37.679+05:30  INFO 18768 --- [customer-status-service] [DiscoveryClient-HeartbeatExecutor-%d] com.netflix.discovery.DiscoveryClient    : DiscoveryClient_CUSTOMER-STATUS-SERVICE/host.docker.internal:customer-status-service:8090 - Re-registering apps/CUSTOMER-STATUS-SERVICE
2025-12-18T00:52:37.679+05:30  INFO 18768 --- [customer-status-service] [DiscoveryClient-HeartbeatExecutor-%d] com.netflix.discovery.DiscoveryClient    : DiscoveryClient_CUSTOMER-STATUS-SERVICE/host.docker.internal:customer-status-service:8090: registering service...
2025-12-18T00:52:37.679+05:30 DEBUG 18768 --- [customer-status-service] [DiscoveryClient-HeartbeatExecutor-%d] o.s.web.client.RestTemplate              : HTTP POST http://localhost:8761/eureka/apps/CUSTOMER-STATUS-SERVICE
2025-12-18T00:52:37.679+05:30 DEBUG 18768 --- [customer-status-service] [DiscoveryClient-HeartbeatExecutor-%d] o.s.web.client.RestTemplate              : Accept=[application/json, application/*+json]
2025-12-18T00:52:37.679+05:30 DEBUG 18768 --- [customer-status-service] [DiscoveryClient-HeartbeatExecutor-%d] o.s.web.client.RestTemplate              : Writing [InstanceInfo [instanceId = host.docker.internal:customer-status-service:8090, appName = CUSTOMER-STATUS-SERVICE, hostName = 127.0.0.1, status = UP, ipAddr = 127.0.0.1, port = 8090, securePort = 443, dataCenterInfo = com.netflix.appinfo.MyDataCenterInfo@1ef7e4c7] as "application/json"
2025-12-18T00:52:37.695+05:30 DEBUG 18768 --- [customer-status-service] [DiscoveryClient-CacheRefreshExecutor-%d] o.s.web.client.RestTemplate              : Accept=[application/json, application/*+json]
2025-12-18T00:52:37.695+05:30 DEBUG 18768 --- [customer-status-service] [DiscoveryClient-HeartbeatExecutor-%d] o.s.web.client.RestTemplate              : Response 404 NOT_FOUND
2025-12-18T00:52:37.695+05:30  INFO 18768 --- [customer-status-service] [DiscoveryClient-HeartbeatExecutor-%d] com.netflix.discovery.DiscoveryClient    : DiscoveryClient_CUSTOMER-STATUS-SERVICE/host.docker.internal:customer-status-service:8090 - registration status: 404
2025-12-18T00:52:37.695+05:30 DEBUG 18768 --- [customer-status-service] [DiscoveryClient-CacheRefreshExecutor-%d] o.s.web.client.RestTemplate              : Response 404 NOT_FOUND
2025-12-18T00:52:37.695+05:30  WARN 18768 --- [customer-status-service] [DiscoveryClient-CacheRefreshExecutor-%d] c.n.d.s.t.d.RetryableEurekaHttpClient    : Request execution failure with status code 404; retrying on another server if available
2025-12-18T00:52:37.711+05:30  INFO 18768 --- [customer-status-service] [DiscoveryClient-CacheRefreshExecutor-%d] com.netflix.discovery.DiscoveryClient    : DiscoveryClient_CUSTOMER-STATUS-SERVICE/host.docker.internal:customer-status-service:8090 - was unable to refresh its cache! This periodic background refresh will be retried in 30 seconds. status = Cannot execute request on any known server stacktrace = com.netflix.discovery.shared.transport.TransportException: Cannot execute request on any known server
	at com.netflix.discovery.shared.transport.decorator.RetryableEurekaHttpClient.execute(RetryableEurekaHttpClient.java:112)
	at com.netflix.discovery.shared.transport.decorator.EurekaHttpClientDecorator.getApplications(EurekaHttpClientDecorator.java:134)
	at com.netflix.discovery.shared.transport.decorator.EurekaHttpClientDecorator$6.execute(EurekaHttpClientDecorator.java:137)
	at com.netflix.discovery.shared.transport.decorator.SessionedEurekaHttpClient.execute(SessionedEurekaHttpClient.java:76)
	at com.netflix.discovery.shared.transport.decorator.EurekaHttpClientDecorator.getApplications(EurekaHttpClientDecorator.java:134)
	at com.netflix.discovery.DiscoveryClient.getAndStoreFullRegistry(DiscoveryClient.java:1046)
	at com.netflix.discovery.DiscoveryClient.fetchRegistry(DiscoveryClient.java:961)
	at com.netflix.discovery.DiscoveryClient.refreshRegistry(DiscoveryClient.java:1473)
	at com.netflix.discovery.DiscoveryClient$CacheRefreshThread.run(DiscoveryClient.java:1441)
	at java.base/java.util.concurrent.Executors$RunnableAdapter.call(Executors.java:572)
	at java.base/java.util.concurrent.FutureTask.run(FutureTask.java:317)
	at java.base/java.util.concurrent.ThreadPoolExecutor.runWorker(ThreadPoolExecutor.java:1144)
	at java.base/java.util.concurrent.ThreadPoolExecutor$Worker.run(ThreadPoolExecutor.java:642)
	at java.base/java.lang.Thread.run(Thread.java:1583)

2025-12-18T00:52:37.711+05:30  INFO 18768 --- [customer-status-service] [DiscoveryClient-InstanceInfoReplicator-%d] com.netflix.discovery.DiscoveryClient    : DiscoveryClient_CUSTOMER-STATUS-SERVICE/host.docker.internal:customer-status-service:8090: registering service...
2025-12-18T00:52:37.712+05:30 DEBUG 18768 --- [customer-status-service] [DiscoveryClient-InstanceInfoReplicator-%d] o.s.web.client.RestTemplate              : HTTP POST http://localhost:8761/eureka/apps/CUSTOMER-STATUS-SERVICE
2025-12-18T00:52:37.712+05:30 DEBUG 18768 --- [customer-status-service] [DiscoveryClient-InstanceInfoReplicator-%d] o.s.web.client.RestTemplate              : Accept=[application/json, application/*+json]
2025-12-18T00:52:37.712+05:30 DEBUG 18768 --- [customer-status-service] [DiscoveryClient-InstanceInfoReplicator-%d] o.s.web.client.RestTemplate              : Writing [InstanceInfo [instanceId = host.docker.internal:customer-status-service:8090, appName = CUSTOMER-STATUS-SERVICE, hostName = 127.0.0.1, status = UP, ipAddr = 127.0.0.1, port = 8090, securePort = 443, dataCenterInfo = com.netflix.appinfo.MyDataCenterInfo@1ef7e4c7] as "application/json"
2025-12-18T00:52:37.729+05:30 DEBUG 18768 --- [customer-status-service] [DiscoveryClient-InstanceInfoReplicator-%d] o.s.web.client.RestTemplate              : Response 404 NOT_FOUND
2025-12-18T00:52:37.729+05:30  INFO 18768 --- [customer-status-service] [DiscoveryClient-InstanceInfoReplicator-%d] com.netflix.discovery.DiscoveryClient    : DiscoveryClient_CUSTOMER-STATUS-SERVICE/host.docker.internal:customer-status-service:8090 - registration status: 404
2025-12-18T00:53:07.703+05:30 DEBUG 18768 --- [customer-status-service] [DiscoveryClient-HeartbeatExecutor-%d] o.s.web.client.RestTemplate              : HTTP PUT http://localhost:8761/eureka/apps/CUSTOMER-STATUS-SERVICE/host.docker.internal:customer-status-service:8090?status=UP&lastDirtyTimestamp=1765999357679
2025-12-18T00:53:07.705+05:30 DEBUG 18768 --- [customer-status-service] [DiscoveryClient-HeartbeatExecutor-%d] o.s.web.client.RestTemplate              : Accept=[application/json, application/*+json]
2025-12-18T00:53:07.712+05:30  INFO 18768 --- [customer-status-service] [DiscoveryClient-CacheRefreshExecutor-%d] com.netflix.discovery.DiscoveryClient    : Disable delta property : false
2025-12-18T00:53:07.712+05:30  INFO 18768 --- [customer-status-service] [DiscoveryClient-CacheRefreshExecutor-%d] com.netflix.discovery.DiscoveryClient    : Single vip registry refresh property : null
2025-12-18T00:53:07.712+05:30  INFO 18768 --- [customer-status-service] [DiscoveryClient-CacheRefreshExecutor-%d] com.netflix.discovery.DiscoveryClient    : Force full registry fetch : false
2025-12-18T00:53:07.712+05:30  INFO 18768 --- [customer-status-service] [DiscoveryClient-CacheRefreshExecutor-%d] com.netflix.discovery.DiscoveryClient    : Application is null : false
2025-12-18T00:53:07.714+05:30  INFO 18768 --- [customer-status-service] [DiscoveryClient-CacheRefreshExecutor-%d] com.netflix.discovery.DiscoveryClient    : Registered Applications size is zero : true
2025-12-18T00:53:07.714+05:30  INFO 18768 --- [customer-status-service] [DiscoveryClient-CacheRefreshExecutor-%d] com.netflix.discovery.DiscoveryClient    : Application version is -1: true
2025-12-18T00:53:07.714+05:30  INFO 18768 --- [customer-status-service] [DiscoveryClient-CacheRefreshExecutor-%d] com.netflix.discovery.DiscoveryClient    : Getting all instance registry info from the eureka server
2025-12-18T00:53:07.724+05:30 DEBUG 18768 --- [customer-status-service] [DiscoveryClient-HeartbeatExecutor-%d] o.s.web.client.RestTemplate              : Response 404 NOT_FOUND
2025-12-18T00:53:07.726+05:30  INFO 18768 --- [customer-status-service] [DiscoveryClient-HeartbeatExecutor-%d] com.netflix.discovery.DiscoveryClient    : DiscoveryClient_CUSTOMER-STATUS-SERVICE/host.docker.internal:customer-status-service:8090 - Re-registering apps/CUSTOMER-STATUS-SERVICE
2025-12-18T00:53:07.726+05:30  INFO 18768 --- [customer-status-service] [DiscoveryClient-HeartbeatExecutor-%d] com.netflix.discovery.DiscoveryClient    : DiscoveryClient_CUSTOMER-STATUS-SERVICE/host.docker.internal:customer-status-service:8090: registering service...
2025-12-18T00:53:07.726+05:30 DEBUG 18768 --- [customer-status-service] [DiscoveryClient-HeartbeatExecutor-%d] o.s.web.client.RestTemplate              : HTTP POST http://localhost:8761/eureka/apps/CUSTOMER-STATUS-SERVICE
2025-12-18T00:53:07.728+05:30 DEBUG 18768 --- [customer-status-service] [DiscoveryClient-HeartbeatExecutor-%d] o.s.web.client.RestTemplate              : Accept=[application/json, application/*+json]
2025-12-18T00:53:07.728+05:30 DEBUG 18768 --- [customer-status-service] [DiscoveryClient-CacheRefreshExecutor-%d] o.s.web.client.RestTemplate              : HTTP GET http://localhost:8761/eureka/apps/
2025-12-18T00:53:07.728+05:30 DEBUG 18768 --- [customer-status-service] [DiscoveryClient-HeartbeatExecutor-%d] o.s.web.client.RestTemplate              : Writing [InstanceInfo [instanceId = host.docker.internal:customer-status-service:8090, appName = CUSTOMER-STATUS-SERVICE, hostName = 127.0.0.1, status = UP, ipAddr = 127.0.0.1, port = 8090, securePort = 443, dataCenterInfo = com.netflix.appinfo.MyDataCenterInfo@1ef7e4c7] as "application/json"
2025-12-18T00:53:07.739+05:30 DEBUG 18768 --- [customer-status-service] [DiscoveryClient-CacheRefreshExecutor-%d] o.s.web.client.RestTemplate              : Accept=[application/json, application/*+json]
2025-12-18T00:53:07.741+05:30 DEBUG 18768 --- [customer-status-service] [DiscoveryClient-HeartbeatExecutor-%d] o.s.web.client.RestTemplate              : Response 404 NOT_FOUND
2025-12-18T00:53:07.741+05:30  INFO 18768 --- [customer-status-service] [DiscoveryClient-HeartbeatExecutor-%d] com.netflix.discovery.DiscoveryClient    : DiscoveryClient_CUSTOMER-STATUS-SERVICE/host.docker.internal:customer-status-service:8090 - registration status: 404
2025-12-18T00:53:07.743+05:30  INFO 18768 --- [customer-status-service] [DiscoveryClient-InstanceInfoReplicator-%d] com.netflix.discovery.DiscoveryClient    : DiscoveryClient_CUSTOMER-STATUS-SERVICE/host.docker.internal:customer-status-service:8090: registering service...
2025-12-18T00:53:07.746+05:30 DEBUG 18768 --- [customer-status-service] [DiscoveryClient-InstanceInfoReplicator-%d] o.s.web.client.RestTemplate              : HTTP POST http://localhost:8761/eureka/apps/CUSTOMER-STATUS-SERVICE
2025-12-18T00:53:07.746+05:30 DEBUG 18768 --- [customer-status-service] [DiscoveryClient-InstanceInfoReplicator-%d] o.s.web.client.RestTemplate              : Accept=[application/json, application/*+json]
2025-12-18T00:53:07.746+05:30 DEBUG 18768 --- [customer-status-service] [DiscoveryClient-InstanceInfoReplicator-%d] o.s.web.client.RestTemplate              : Writing [InstanceInfo [instanceId = host.docker.internal:customer-status-service:8090, appName = CUSTOMER-STATUS-SERVICE, hostName = 127.0.0.1, status = UP, ipAddr = 127.0.0.1, port = 8090, securePort = 443, dataCenterInfo = com.netflix.appinfo.MyDataCenterInfo@1ef7e4c7] as "application/json"
2025-12-18T00:53:07.761+05:30 DEBUG 18768 --- [customer-status-service] [DiscoveryClient-InstanceInfoReplicator-%d] o.s.web.client.RestTemplate              : Response 404 NOT_FOUND
2025-12-18T00:53:07.761+05:30 DEBUG 18768 --- [customer-status-service] [DiscoveryClient-CacheRefreshExecutor-%d] o.s.web.client.RestTemplate              : Response 404 NOT_FOUND
2025-12-18T00:53:07.765+05:30  INFO 18768 --- [customer-status-service] [DiscoveryClient-InstanceInfoReplicator-%d] com.netflix.discovery.DiscoveryClient    : DiscoveryClient_CUSTOMER-STATUS-SERVICE/host.docker.internal:customer-status-service:8090 - registration status: 404
2025-12-18T00:53:07.765+05:30  WARN 18768 --- [customer-status-service] [DiscoveryClient-CacheRefreshExecutor-%d] c.n.d.s.t.d.RetryableEurekaHttpClient    : Request execution failure with status code 404; retrying on another server if available
2025-12-18T00:53:07.765+05:30  INFO 18768 --- [customer-status-service] [DiscoveryClient-CacheRefreshExecutor-%d] com.netflix.discovery.DiscoveryClient    : DiscoveryClient_CUSTOMER-STATUS-SERVICE/host.docker.internal:customer-status-service:8090 - was unable to refresh its cache! This periodic background refresh will be retried in 30 seconds. status = Cannot execute request on any known server stacktrace = com.netflix.discovery.shared.transport.TransportException: Cannot execute request on any known server
	at com.netflix.discovery.shared.transport.decorator.RetryableEurekaHttpClient.execute(RetryableEurekaHttpClient.java:112)
	at com.netflix.discovery.shared.transport.decorator.EurekaHttpClientDecorator.getApplications(EurekaHttpClientDecorator.java:134)
	at com.netflix.discovery.shared.transport.decorator.EurekaHttpClientDecorator$6.execute(EurekaHttpClientDecorator.java:137)
	at com.netflix.discovery.shared.transport.decorator.SessionedEurekaHttpClient.execute(SessionedEurekaHttpClient.java:76)
	at com.netflix.discovery.shared.transport.decorator.EurekaHttpClientDecorator.getApplications(EurekaHttpClientDecorator.java:134)
	at com.netflix.discovery.DiscoveryClient.getAndStoreFullRegistry(DiscoveryClient.java:1046)
	at com.netflix.discovery.DiscoveryClient.fetchRegistry(DiscoveryClient.java:961)
	at com.netflix.discovery.DiscoveryClient.refreshRegistry(DiscoveryClient.java:1473)
	at com.netflix.discovery.DiscoveryClient$CacheRefreshThread.run(DiscoveryClient.java:1441)
	at java.base/java.util.concurrent.Executors$RunnableAdapter.call(Executors.java:572)
	at java.base/java.util.concurrent.FutureTask.run(FutureTask.java:317)
	at java.base/java.util.concurrent.ThreadPoolExecutor.runWorker(ThreadPoolExecutor.java:1144)
	at java.base/java.util.concurrent.ThreadPoolExecutor$Worker.run(ThreadPoolExecutor.java:642)
	at java.base/java.lang.Thread.run(Thread.java:1583)

2025-12-18T00:53:37.749+05:30 DEBUG 18768 --- [customer-status-service] [DiscoveryClient-HeartbeatExecutor-%d] o.s.web.client.RestTemplate              : HTTP PUT http://localhost:8761/eureka/apps/CUSTOMER-STATUS-SERVICE/host.docker.internal:customer-status-service:8090?status=UP&lastDirtyTimestamp=1765999387726
2025-12-18T00:53:37.749+05:30 DEBUG 18768 --- [customer-status-service] [DiscoveryClient-HeartbeatExecutor-%d] o.s.web.client.RestTemplate              : Accept=[application/json, application/*+json]
2025-12-18T00:53:37.770+05:30 DEBUG 18768 --- [customer-status-service] [DiscoveryClient-HeartbeatExecutor-%d] o.s.web.client.RestTemplate              : Response 404 NOT_FOUND
2025-12-18T00:53:37.774+05:30  INFO 18768 --- [customer-status-service] [DiscoveryClient-HeartbeatExecutor-%d] com.netflix.discovery.DiscoveryClient    : DiscoveryClient_CUSTOMER-STATUS-SERVICE/host.docker.internal:customer-status-service:8090 - Re-registering apps/CUSTOMER-STATUS-SERVICE
2025-12-18T00:53:37.774+05:30  INFO 18768 --- [customer-status-service] [DiscoveryClient-HeartbeatExecutor-%d] com.netflix.discovery.DiscoveryClient    : DiscoveryClient_CUSTOMER-STATUS-SERVICE/host.docker.internal:customer-status-service:8090: registering service...
2025-12-18T00:53:37.774+05:30 DEBUG 18768 --- [customer-status-service] [DiscoveryClient-HeartbeatExecutor-%d] o.s.web.client.RestTemplate              : HTTP POST http://localhost:8761/eureka/apps/CUSTOMER-STATUS-SERVICE
2025-12-18T00:53:37.776+05:30 DEBUG 18768 --- [customer-status-service] [DiscoveryClient-HeartbeatExecutor-%d] o.s.web.client.RestTemplate              : Accept=[application/json, application/*+json]
2025-12-18T00:53:37.776+05:30  INFO 18768 --- [customer-status-service] [DiscoveryClient-InstanceInfoReplicator-%d] com.netflix.discovery.DiscoveryClient    : DiscoveryClient_CUSTOMER-STATUS-SERVICE/host.docker.internal:customer-status-service:8090: registering service...
2025-12-18T00:53:37.776+05:30 DEBUG 18768 --- [customer-status-service] [DiscoveryClient-HeartbeatExecutor-%d] o.s.web.client.RestTemplate              : Writing [InstanceInfo [instanceId = host.docker.internal:customer-status-service:8090, appName = CUSTOMER-STATUS-SERVICE, hostName = 127.0.0.1, status = UP, ipAddr = 127.0.0.1, port = 8090, securePort = 443, dataCenterInfo = com.netflix.appinfo.MyDataCenterInfo@1ef7e4c7] as "application/json"
2025-12-18T00:53:37.776+05:30  INFO 18768 --- [customer-status-service] [DiscoveryClient-CacheRefreshExecutor-%d] com.netflix.discovery.DiscoveryClient    : Disable delta property : false
2025-12-18T00:53:37.776+05:30  INFO 18768 --- [customer-status-service] [DiscoveryClient-CacheRefreshExecutor-%d] com.netflix.discovery.DiscoveryClient    : Single vip registry refresh property : null
2025-12-18T00:53:37.776+05:30  INFO 18768 --- [customer-status-service] [DiscoveryClient-CacheRefreshExecutor-%d] com.netflix.discovery.DiscoveryClient    : Force full registry fetch : false
2025-12-18T00:53:37.776+05:30  INFO 18768 --- [customer-status-service] [DiscoveryClient-CacheRefreshExecutor-%d] com.netflix.discovery.DiscoveryClient    : Application is null : false
2025-12-18T00:53:37.776+05:30  INFO 18768 --- [customer-status-service] [DiscoveryClient-CacheRefreshExecutor-%d] com.netflix.discovery.DiscoveryClient    : Registered Applications size is zero : true
2025-12-18T00:53:37.776+05:30 DEBUG 18768 --- [customer-status-service] [DiscoveryClient-InstanceInfoReplicator-%d] o.s.web.client.RestTemplate              : HTTP POST http://localhost:8761/eureka/apps/CUSTOMER-STATUS-SERVICE
2025-12-18T00:53:37.776+05:30  INFO 18768 --- [customer-status-service] [DiscoveryClient-CacheRefreshExecutor-%d] com.netflix.discovery.DiscoveryClient    : Application version is -1: true
2025-12-18T00:53:37.777+05:30  INFO 18768 --- [customer-status-service] [DiscoveryClient-CacheRefreshExecutor-%d] com.netflix.discovery.DiscoveryClient    : Getting all instance registry info from the eureka server
2025-12-18T00:53:37.779+05:30 DEBUG 18768 --- [customer-status-service] [DiscoveryClient-InstanceInfoReplicator-%d] o.s.web.client.RestTemplate              : Accept=[application/json, application/*+json]
2025-12-18T00:53:37.779+05:30 DEBUG 18768 --- [customer-status-service] [DiscoveryClient-InstanceInfoReplicator-%d] o.s.web.client.RestTemplate              : Writing [InstanceInfo [instanceId = host.docker.internal:customer-status-service:8090, appName = CUSTOMER-STATUS-SERVICE, hostName = 127.0.0.1, status = UP, ipAddr = 127.0.0.1, port = 8090, securePort = 443, dataCenterInfo = com.netflix.appinfo.MyDataCenterInfo@1ef7e4c7] as "application/json"
2025-12-18T00:53:37.790+05:30 DEBUG 18768 --- [customer-status-service] [DiscoveryClient-CacheRefreshExecutor-%d] o.s.web.client.RestTemplate              : HTTP GET http://localhost:8761/eureka/apps/
2025-12-18T00:53:37.792+05:30 DEBUG 18768 --- [customer-status-service] [DiscoveryClient-HeartbeatExecutor-%d] o.s.web.client.RestTemplate              : Response 404 NOT_FOUND
2025-12-18T00:53:37.792+05:30 DEBUG 18768 --- [customer-status-service] [DiscoveryClient-InstanceInfoReplicator-%d] o.s.web.client.RestTemplate              : Response 404 NOT_FOUND
2025-12-18T00:53:37.793+05:30  INFO 18768 --- [customer-status-service] [DiscoveryClient-InstanceInfoReplicator-%d] com.netflix.discovery.DiscoveryClient    : DiscoveryClient_CUSTOMER-STATUS-SERVICE/host.docker.internal:customer-status-service:8090 - registration status: 404
2025-12-18T00:53:37.793+05:30  INFO 18768 --- [customer-status-service] [DiscoveryClient-HeartbeatExecutor-%d] com.netflix.discovery.DiscoveryClient    : DiscoveryClient_CUSTOMER-STATUS-SERVICE/host.docker.internal:customer-status-service:8090 - registration status: 404
2025-12-18T00:53:37.808+05:30 DEBUG 18768 --- [customer-status-service] [DiscoveryClient-CacheRefreshExecutor-%d] o.s.web.client.RestTemplate              : Accept=[application/json, application/*+json]
2025-12-18T00:53:37.826+05:30 DEBUG 18768 --- [customer-status-service] [DiscoveryClient-CacheRefreshExecutor-%d] o.s.web.client.RestTemplate              : Response 404 NOT_FOUND
2025-12-18T00:53:37.828+05:30  WARN 18768 --- [customer-status-service] [DiscoveryClient-CacheRefreshExecutor-%d] c.n.d.s.t.d.RetryableEurekaHttpClient    : Request execution failure with status code 404; retrying on another server if available
2025-12-18T00:53:37.830+05:30  INFO 18768 --- [customer-status-service] [DiscoveryClient-CacheRefreshExecutor-%d] com.netflix.discovery.DiscoveryClient    : DiscoveryClient_CUSTOMER-STATUS-SERVICE/host.docker.internal:customer-status-service:8090 - was unable to refresh its cache! This periodic background refresh will be retried in 30 seconds. status = Cannot execute request on any known server stacktrace = com.netflix.discovery.shared.transport.TransportException: Cannot execute request on any known server
	at com.netflix.discovery.shared.transport.decorator.RetryableEurekaHttpClient.execute(RetryableEurekaHttpClient.java:112)
	at com.netflix.discovery.shared.transport.decorator.EurekaHttpClientDecorator.getApplications(EurekaHttpClientDecorator.java:134)
	at com.netflix.discovery.shared.transport.decorator.EurekaHttpClientDecorator$6.execute(EurekaHttpClientDecorator.java:137)
	at com.netflix.discovery.shared.transport.decorator.SessionedEurekaHttpClient.execute(SessionedEurekaHttpClient.java:76)
	at com.netflix.discovery.shared.transport.decorator.EurekaHttpClientDecorator.getApplications(EurekaHttpClientDecorator.java:134)
	at com.netflix.discovery.DiscoveryClient.getAndStoreFullRegistry(DiscoveryClient.java:1046)
	at com.netflix.discovery.DiscoveryClient.fetchRegistry(DiscoveryClient.java:961)
	at com.netflix.discovery.DiscoveryClient.refreshRegistry(DiscoveryClient.java:1473)
	at com.netflix.discovery.DiscoveryClient$CacheRefreshThread.run(DiscoveryClient.java:1441)
	at java.base/java.util.concurrent.Executors$RunnableAdapter.call(Executors.java:572)
	at java.base/java.util.concurrent.FutureTask.run(FutureTask.java:317)
	at java.base/java.util.concurrent.ThreadPoolExecutor.runWorker(ThreadPoolExecutor.java:1144)
	at java.base/java.util.concurrent.ThreadPoolExecutor$Worker.run(ThreadPoolExecutor.java:642)
	at java.base/java.lang.Thread.run(Thread.java:1583)

2025-12-18T00:54:07.807+05:30 DEBUG 18768 --- [customer-status-service] [DiscoveryClient-HeartbeatExecutor-%d] o.s.web.client.RestTemplate              : HTTP PUT http://localhost:8761/eureka/apps/CUSTOMER-STATUS-SERVICE/host.docker.internal:customer-status-service:8090?status=UP&lastDirtyTimestamp=1765999417774
2025-12-18T00:54:07.809+05:30 DEBUG 18768 --- [customer-status-service] [DiscoveryClient-HeartbeatExecutor-%d] o.s.web.client.RestTemplate              : Accept=[application/json, application/*+json]
2025-12-18T00:54:07.830+05:30 DEBUG 18768 --- [customer-status-service] [DiscoveryClient-HeartbeatExecutor-%d] o.s.web.client.RestTemplate              : Response 404 NOT_FOUND
2025-12-18T00:54:07.836+05:30  INFO 18768 --- [customer-status-service] [DiscoveryClient-HeartbeatExecutor-%d] com.netflix.discovery.DiscoveryClient    : DiscoveryClient_CUSTOMER-STATUS-SERVICE/host.docker.internal:customer-status-service:8090 - Re-registering apps/CUSTOMER-STATUS-SERVICE
2025-12-18T00:54:07.836+05:30  INFO 18768 --- [customer-status-service] [DiscoveryClient-HeartbeatExecutor-%d] com.netflix.discovery.DiscoveryClient    : DiscoveryClient_CUSTOMER-STATUS-SERVICE/host.docker.internal:customer-status-service:8090: registering service...
2025-12-18T00:54:07.838+05:30 DEBUG 18768 --- [customer-status-service] [DiscoveryClient-HeartbeatExecutor-%d] o.s.web.client.RestTemplate              : HTTP POST http://localhost:8761/eureka/apps/CUSTOMER-STATUS-SERVICE
2025-12-18T00:54:07.839+05:30 DEBUG 18768 --- [customer-status-service] [DiscoveryClient-HeartbeatExecutor-%d] o.s.web.client.RestTemplate              : Accept=[application/json, application/*+json]
2025-12-18T00:54:07.839+05:30  INFO 18768 --- [customer-status-service] [DiscoveryClient-CacheRefreshExecutor-%d] com.netflix.discovery.DiscoveryClient    : Disable delta property : false
2025-12-18T00:54:07.840+05:30  INFO 18768 --- [customer-status-service] [DiscoveryClient-CacheRefreshExecutor-%d] com.netflix.discovery.DiscoveryClient    : Single vip registry refresh property : null
2025-12-18T00:54:07.840+05:30  INFO 18768 --- [customer-status-service] [DiscoveryClient-CacheRefreshExecutor-%d] com.netflix.discovery.DiscoveryClient    : Force full registry fetch : false
2025-12-18T00:54:07.840+05:30 DEBUG 18768 --- [customer-status-service] [DiscoveryClient-HeartbeatExecutor-%d] o.s.web.client.RestTemplate              : Writing [InstanceInfo [instanceId = host.docker.internal:customer-status-service:8090, appName = CUSTOMER-STATUS-SERVICE, hostName = 127.0.0.1, status = UP, ipAddr = 127.0.0.1, port = 8090, securePort = 443, dataCenterInfo = com.netflix.appinfo.MyDataCenterInfo@1ef7e4c7] as "application/json"
2025-12-18T00:54:07.840+05:30  INFO 18768 --- [customer-status-service] [DiscoveryClient-CacheRefreshExecutor-%d] com.netflix.discovery.DiscoveryClient    : Application is null : false
2025-12-18T00:54:07.840+05:30  INFO 18768 --- [customer-status-service] [DiscoveryClient-CacheRefreshExecutor-%d] com.netflix.discovery.DiscoveryClient    : Registered Applications size is zero : true
2025-12-18T00:54:07.840+05:30  INFO 18768 --- [customer-status-service] [DiscoveryClient-CacheRefreshExecutor-%d] com.netflix.discovery.DiscoveryClient    : Application version is -1: true
2025-12-18T00:54:07.840+05:30  INFO 18768 --- [customer-status-service] [DiscoveryClient-CacheRefreshExecutor-%d] com.netflix.discovery.DiscoveryClient    : Getting all instance registry info from the eureka server
2025-12-18T00:54:07.851+05:30 DEBUG 18768 --- [customer-status-service] [DiscoveryClient-CacheRefreshExecutor-%d] o.s.web.client.RestTemplate              : HTTP GET http://localhost:8761/eureka/apps/
2025-12-18T00:54:07.853+05:30 DEBUG 18768 --- [customer-status-service] [DiscoveryClient-HeartbeatExecutor-%d] o.s.web.client.RestTemplate              : Response 404 NOT_FOUND
2025-12-18T00:54:07.853+05:30  INFO 18768 --- [customer-status-service] [DiscoveryClient-HeartbeatExecutor-%d] com.netflix.discovery.DiscoveryClient    : DiscoveryClient_CUSTOMER-STATUS-SERVICE/host.docker.internal:customer-status-service:8090 - registration status: 404
2025-12-18T00:54:07.871+05:30 DEBUG 18768 --- [customer-status-service] [DiscoveryClient-CacheRefreshExecutor-%d] o.s.web.client.RestTemplate              : Accept=[application/json, application/*+json]
2025-12-18T00:54:07.919+05:30 DEBUG 18768 --- [customer-status-service] [DiscoveryClient-CacheRefreshExecutor-%d] o.s.web.client.RestTemplate              : Response 404 NOT_FOUND
2025-12-18T00:54:07.923+05:30  WARN 18768 --- [customer-status-service] [DiscoveryClient-CacheRefreshExecutor-%d] c.n.d.s.t.d.RetryableEurekaHttpClient    : Request execution failure with status code 404; retrying on another server if available
2025-12-18T00:54:07.923+05:30  INFO 18768 --- [customer-status-service] [DiscoveryClient-CacheRefreshExecutor-%d] com.netflix.discovery.DiscoveryClient    : DiscoveryClient_CUSTOMER-STATUS-SERVICE/host.docker.internal:customer-status-service:8090 - was unable to refresh its cache! This periodic background refresh will be retried in 30 seconds. status = Cannot execute request on any known server stacktrace = com.netflix.discovery.shared.transport.TransportException: Cannot execute request on any known server
	at com.netflix.discovery.shared.transport.decorator.RetryableEurekaHttpClient.execute(RetryableEurekaHttpClient.java:112)
	at com.netflix.discovery.shared.transport.decorator.EurekaHttpClientDecorator.getApplications(EurekaHttpClientDecorator.java:134)
	at com.netflix.discovery.shared.transport.decorator.EurekaHttpClientDecorator$6.execute(EurekaHttpClientDecorator.java:137)
	at com.netflix.discovery.shared.transport.decorator.SessionedEurekaHttpClient.execute(SessionedEurekaHttpClient.java:76)
	at com.netflix.discovery.shared.transport.decorator.EurekaHttpClientDecorator.getApplications(EurekaHttpClientDecorator.java:134)
	at com.netflix.discovery.DiscoveryClient.getAndStoreFullRegistry(DiscoveryClient.java:1046)
	at com.netflix.discovery.DiscoveryClient.fetchRegistry(DiscoveryClient.java:961)
	at com.netflix.discovery.DiscoveryClient.refreshRegistry(DiscoveryClient.java:1473)
	at com.netflix.discovery.DiscoveryClient$CacheRefreshThread.run(DiscoveryClient.java:1441)
	at java.base/java.util.concurrent.Executors$RunnableAdapter.call(Executors.java:572)
	at java.base/java.util.concurrent.FutureTask.run(FutureTask.java:317)
	at java.base/java.util.concurrent.ThreadPoolExecutor.runWorker(ThreadPoolExecutor.java:1144)
	at java.base/java.util.concurrent.ThreadPoolExecutor$Worker.run(ThreadPoolExecutor.java:642)
	at java.base/java.lang.Thread.run(Thread.java:1583)

2025-12-18T00:54:37.816+05:30  INFO 18768 --- [customer-status-service] [DiscoveryClient-InstanceInfoReplicator-%d] com.netflix.discovery.DiscoveryClient    : DiscoveryClient_CUSTOMER-STATUS-SERVICE/host.docker.internal:customer-status-service:8090: registering service...
2025-12-18T00:54:37.818+05:30 DEBUG 18768 --- [customer-status-service] [DiscoveryClient-InstanceInfoReplicator-%d] o.s.web.client.RestTemplate              : HTTP POST http://localhost:8761/eureka/apps/CUSTOMER-STATUS-SERVICE
2025-12-18T00:54:37.824+05:30 DEBUG 18768 --- [customer-status-service] [DiscoveryClient-InstanceInfoReplicator-%d] o.s.web.client.RestTemplate              : Accept=[application/json, application/*+json]
2025-12-18T00:54:37.824+05:30 DEBUG 18768 --- [customer-status-service] [DiscoveryClient-InstanceInfoReplicator-%d] o.s.web.client.RestTemplate              : Writing [InstanceInfo [instanceId = host.docker.internal:customer-status-service:8090, appName = CUSTOMER-STATUS-SERVICE, hostName = 127.0.0.1, status = UP, ipAddr = 127.0.0.1, port = 8090, securePort = 443, dataCenterInfo = com.netflix.appinfo.MyDataCenterInfo@1ef7e4c7] as "application/json"
2025-12-18T00:54:37.856+05:30 DEBUG 18768 --- [customer-status-service] [DiscoveryClient-InstanceInfoReplicator-%d] o.s.web.client.RestTemplate              : Response 404 NOT_FOUND
2025-12-18T00:54:37.856+05:30  INFO 18768 --- [customer-status-service] [DiscoveryClient-InstanceInfoReplicator-%d] com.netflix.discovery.DiscoveryClient    : DiscoveryClient_CUSTOMER-STATUS-SERVICE/host.docker.internal:customer-status-service:8090 - registration status: 404
2025-12-18T00:54:37.859+05:30 DEBUG 18768 --- [customer-status-service] [DiscoveryClient-HeartbeatExecutor-%d] o.s.web.client.RestTemplate              : HTTP PUT http://localhost:8761/eureka/apps/CUSTOMER-STATUS-SERVICE/host.docker.internal:customer-status-service:8090?status=UP&lastDirtyTimestamp=1765999447836
2025-12-18T00:54:37.859+05:30 DEBUG 18768 --- [customer-status-service] [DiscoveryClient-HeartbeatExecutor-%d] o.s.web.client.RestTemplate              : Accept=[application/json, application/*+json]
2025-12-18T00:54:37.869+05:30 DEBUG 18768 --- [customer-status-service] [DiscoveryClient-HeartbeatExecutor-%d] o.s.web.client.RestTemplate              : Response 404 NOT_FOUND
2025-12-18T00:54:37.872+05:30  INFO 18768 --- [customer-status-service] [DiscoveryClient-HeartbeatExecutor-%d] com.netflix.discovery.DiscoveryClient    : DiscoveryClient_CUSTOMER-STATUS-SERVICE/host.docker.internal:customer-status-service:8090 - Re-registering apps/CUSTOMER-STATUS-SERVICE
2025-12-18T00:54:37.872+05:30  INFO 18768 --- [customer-status-service] [DiscoveryClient-HeartbeatExecutor-%d] com.netflix.discovery.DiscoveryClient    : DiscoveryClient_CUSTOMER-STATUS-SERVICE/host.docker.internal:customer-status-service:8090: registering service...
2025-12-18T00:54:37.872+05:30 DEBUG 18768 --- [customer-status-service] [DiscoveryClient-HeartbeatExecutor-%d] o.s.web.client.RestTemplate              : HTTP POST http://localhost:8761/eureka/apps/CUSTOMER-STATUS-SERVICE
2025-12-18T00:54:37.872+05:30 DEBUG 18768 --- [customer-status-service] [DiscoveryClient-HeartbeatExecutor-%d] o.s.web.client.RestTemplate              : Accept=[application/json, application/*+json]
2025-12-18T00:54:37.875+05:30 DEBUG 18768 --- [customer-status-service] [DiscoveryClient-HeartbeatExecutor-%d] o.s.web.client.RestTemplate              : Writing [InstanceInfo [instanceId = host.docker.internal:customer-status-service:8090, appName = CUSTOMER-STATUS-SERVICE, hostName = 127.0.0.1, status = UP, ipAddr = 127.0.0.1, port = 8090, securePort = 443, dataCenterInfo = com.netflix.appinfo.MyDataCenterInfo@1ef7e4c7] as "application/json"
2025-12-18T00:54:37.888+05:30 DEBUG 18768 --- [customer-status-service] [DiscoveryClient-HeartbeatExecutor-%d] o.s.web.client.RestTemplate              : Response 404 NOT_FOUND
2025-12-18T00:54:37.911+05:30  INFO 18768 --- [customer-status-service] [DiscoveryClient-HeartbeatExecutor-%d] com.netflix.discovery.DiscoveryClient    : DiscoveryClient_CUSTOMER-STATUS-SERVICE/host.docker.internal:customer-status-service:8090 - registration status: 404
2025-12-18T00:54:37.940+05:30  INFO 18768 --- [customer-status-service] [DiscoveryClient-CacheRefreshExecutor-%d] com.netflix.discovery.DiscoveryClient    : Disable delta property : false
2025-12-18T00:54:37.940+05:30  INFO 18768 --- [customer-status-service] [DiscoveryClient-CacheRefreshExecutor-%d] com.netflix.discovery.DiscoveryClient    : Single vip registry refresh property : null
2025-12-18T00:54:37.940+05:30  INFO 18768 --- [customer-status-service] [DiscoveryClient-CacheRefreshExecutor-%d] com.netflix.discovery.DiscoveryClient    : Force full registry fetch : false
2025-12-18T00:54:37.940+05:30  INFO 18768 --- [customer-status-service] [DiscoveryClient-CacheRefreshExecutor-%d] com.netflix.discovery.DiscoveryClient    : Application is null : false
2025-12-18T00:54:37.940+05:30  INFO 18768 --- [customer-status-service] [DiscoveryClient-CacheRefreshExecutor-%d] com.netflix.discovery.DiscoveryClient    : Registered Applications size is zero : true
2025-12-18T00:54:37.940+05:30  INFO 18768 --- [customer-status-service] [DiscoveryClient-CacheRefreshExecutor-%d] com.netflix.discovery.DiscoveryClient    : Application version is -1: true
2025-12-18T00:54:37.940+05:30  INFO 18768 --- [customer-status-service] [DiscoveryClient-CacheRefreshExecutor-%d] com.netflix.discovery.DiscoveryClient    : Getting all instance registry info from the eureka server
2025-12-18T00:54:37.952+05:30 DEBUG 18768 --- [customer-status-service] [DiscoveryClient-CacheRefreshExecutor-%d] o.s.web.client.RestTemplate              : HTTP GET http://localhost:8761/eureka/apps/
2025-12-18T00:54:37.970+05:30 DEBUG 18768 --- [customer-status-service] [DiscoveryClient-CacheRefreshExecutor-%d] o.s.web.client.RestTemplate              : Accept=[application/json, application/*+json]
2025-12-18T00:54:37.986+05:30 DEBUG 18768 --- [customer-status-service] [DiscoveryClient-CacheRefreshExecutor-%d] o.s.web.client.RestTemplate              : Response 404 NOT_FOUND
2025-12-18T00:54:37.986+05:30  WARN 18768 --- [customer-status-service] [DiscoveryClient-CacheRefreshExecutor-%d] c.n.d.s.t.d.RetryableEurekaHttpClient    : Request execution failure with status code 404; retrying on another server if available
2025-12-18T00:54:37.986+05:30  INFO 18768 --- [customer-status-service] [DiscoveryClient-CacheRefreshExecutor-%d] com.netflix.discovery.DiscoveryClient    : DiscoveryClient_CUSTOMER-STATUS-SERVICE/host.docker.internal:customer-status-service:8090 - was unable to refresh its cache! This periodic background refresh will be retried in 30 seconds. status = Cannot execute request on any known server stacktrace = com.netflix.discovery.shared.transport.TransportException: Cannot execute request on any known server
	at com.netflix.discovery.shared.transport.decorator.RetryableEurekaHttpClient.execute(RetryableEurekaHttpClient.java:112)
	at com.netflix.discovery.shared.transport.decorator.EurekaHttpClientDecorator.getApplications(EurekaHttpClientDecorator.java:134)
	at com.netflix.discovery.shared.transport.decorator.EurekaHttpClientDecorator$6.execute(EurekaHttpClientDecorator.java:137)
	at com.netflix.discovery.shared.transport.decorator.SessionedEurekaHttpClient.execute(SessionedEurekaHttpClient.java:76)
	at com.netflix.discovery.shared.transport.decorator.EurekaHttpClientDecorator.getApplications(EurekaHttpClientDecorator.java:134)
	at com.netflix.discovery.DiscoveryClient.getAndStoreFullRegistry(DiscoveryClient.java:1046)
	at com.netflix.discovery.DiscoveryClient.fetchRegistry(DiscoveryClient.java:961)
	at com.netflix.discovery.DiscoveryClient.refreshRegistry(DiscoveryClient.java:1473)
	at com.netflix.discovery.DiscoveryClient$CacheRefreshThread.run(DiscoveryClient.java:1441)
	at java.base/java.util.concurrent.Executors$RunnableAdapter.call(Executors.java:572)
	at java.base/java.util.concurrent.FutureTask.run(FutureTask.java:317)
	at java.base/java.util.concurrent.ThreadPoolExecutor.runWorker(ThreadPoolExecutor.java:1144)
	at java.base/java.util.concurrent.ThreadPoolExecutor$Worker.run(ThreadPoolExecutor.java:642)
	at java.base/java.lang.Thread.run(Thread.java:1583)

2025-12-18T00:55:07.871+05:30  INFO 18768 --- [customer-status-service] [DiscoveryClient-InstanceInfoReplicator-%d] com.netflix.discovery.DiscoveryClient    : DiscoveryClient_CUSTOMER-STATUS-SERVICE/host.docker.internal:customer-status-service:8090: registering service...
2025-12-18T00:55:07.871+05:30 DEBUG 18768 --- [customer-status-service] [DiscoveryClient-InstanceInfoReplicator-%d] o.s.web.client.RestTemplate              : HTTP POST http://localhost:8761/eureka/apps/CUSTOMER-STATUS-SERVICE
2025-12-18T00:55:07.871+05:30 DEBUG 18768 --- [customer-status-service] [DiscoveryClient-InstanceInfoReplicator-%d] o.s.web.client.RestTemplate              : Accept=[application/json, application/*+json]
2025-12-18T00:55:07.871+05:30 DEBUG 18768 --- [customer-status-service] [DiscoveryClient-InstanceInfoReplicator-%d] o.s.web.client.RestTemplate              : Writing [InstanceInfo [instanceId = host.docker.internal:customer-status-service:8090, appName = CUSTOMER-STATUS-SERVICE, hostName = 127.0.0.1, status = UP, ipAddr = 127.0.0.1, port = 8090, securePort = 443, dataCenterInfo = com.netflix.appinfo.MyDataCenterInfo@1ef7e4c7] as "application/json"
2025-12-18T00:55:07.900+05:30 DEBUG 18768 --- [customer-status-service] [DiscoveryClient-InstanceInfoReplicator-%d] o.s.web.client.RestTemplate              : Response 404 NOT_FOUND
2025-12-18T00:55:07.901+05:30  INFO 18768 --- [customer-status-service] [DiscoveryClient-InstanceInfoReplicator-%d] com.netflix.discovery.DiscoveryClient    : DiscoveryClient_CUSTOMER-STATUS-SERVICE/host.docker.internal:customer-status-service:8090 - registration status: 404
2025-12-18T00:55:07.919+05:30 DEBUG 18768 --- [customer-status-service] [DiscoveryClient-HeartbeatExecutor-%d] o.s.web.client.RestTemplate              : HTTP PUT http://localhost:8761/eureka/apps/CUSTOMER-STATUS-SERVICE/host.docker.internal:customer-status-service:8090?status=UP&lastDirtyTimestamp=1765999477872
2025-12-18T00:55:07.922+05:30 DEBUG 18768 --- [customer-status-service] [DiscoveryClient-HeartbeatExecutor-%d] o.s.web.client.RestTemplate              : Accept=[application/json, application/*+json]
2025-12-18T00:55:07.931+05:30 DEBUG 18768 --- [customer-status-service] [DiscoveryClient-HeartbeatExecutor-%d] o.s.web.client.RestTemplate              : Response 404 NOT_FOUND
2025-12-18T00:55:07.931+05:30  INFO 18768 --- [customer-status-service] [DiscoveryClient-HeartbeatExecutor-%d] com.netflix.discovery.DiscoveryClient    : DiscoveryClient_CUSTOMER-STATUS-SERVICE/host.docker.internal:customer-status-service:8090 - Re-registering apps/CUSTOMER-STATUS-SERVICE
2025-12-18T00:55:07.931+05:30  INFO 18768 --- [customer-status-service] [DiscoveryClient-HeartbeatExecutor-%d] com.netflix.discovery.DiscoveryClient    : DiscoveryClient_CUSTOMER-STATUS-SERVICE/host.docker.internal:customer-status-service:8090: registering service...
2025-12-18T00:55:07.935+05:30 DEBUG 18768 --- [customer-status-service] [DiscoveryClient-HeartbeatExecutor-%d] o.s.web.client.RestTemplate              : HTTP POST http://localhost:8761/eureka/apps/CUSTOMER-STATUS-SERVICE
2025-12-18T00:55:07.935+05:30 DEBUG 18768 --- [customer-status-service] [DiscoveryClient-HeartbeatExecutor-%d] o.s.web.client.RestTemplate              : Accept=[application/json, application/*+json]
2025-12-18T00:55:07.937+05:30 DEBUG 18768 --- [customer-status-service] [DiscoveryClient-HeartbeatExecutor-%d] o.s.web.client.RestTemplate              : Writing [InstanceInfo [instanceId = host.docker.internal:customer-status-service:8090, appName = CUSTOMER-STATUS-SERVICE, hostName = 127.0.0.1, status = UP, ipAddr = 127.0.0.1, port = 8090, securePort = 443, dataCenterInfo = com.netflix.appinfo.MyDataCenterInfo@1ef7e4c7] as "application/json"
2025-12-18T00:55:07.948+05:30 DEBUG 18768 --- [customer-status-service] [DiscoveryClient-HeartbeatExecutor-%d] o.s.web.client.RestTemplate              : Response 404 NOT_FOUND
2025-12-18T00:55:07.948+05:30  INFO 18768 --- [customer-status-service] [DiscoveryClient-HeartbeatExecutor-%d] com.netflix.discovery.DiscoveryClient    : DiscoveryClient_CUSTOMER-STATUS-SERVICE/host.docker.internal:customer-status-service:8090 - registration status: 404
2025-12-18T00:55:07.998+05:30  INFO 18768 --- [customer-status-service] [DiscoveryClient-CacheRefreshExecutor-%d] com.netflix.discovery.DiscoveryClient    : Disable delta property : false
2025-12-18T00:55:07.998+05:30  INFO 18768 --- [customer-status-service] [DiscoveryClient-CacheRefreshExecutor-%d] com.netflix.discovery.DiscoveryClient    : Single vip registry refresh property : null
2025-12-18T00:55:07.998+05:30  INFO 18768 --- [customer-status-service] [DiscoveryClient-CacheRefreshExecutor-%d] com.netflix.discovery.DiscoveryClient    : Force full registry fetch : false
2025-12-18T00:55:07.998+05:30  INFO 18768 --- [customer-status-service] [DiscoveryClient-CacheRefreshExecutor-%d] com.netflix.discovery.DiscoveryClient    : Application is null : false
2025-12-18T00:55:07.999+05:30  INFO 18768 --- [customer-status-service] [DiscoveryClient-CacheRefreshExecutor-%d] com.netflix.discovery.DiscoveryClient    : Registered Applications size is zero : true
2025-12-18T00:55:07.999+05:30  INFO 18768 --- [customer-status-service] [DiscoveryClient-CacheRefreshExecutor-%d] com.netflix.discovery.DiscoveryClient    : Application version is -1: true
2025-12-18T00:55:07.999+05:30  INFO 18768 --- [customer-status-service] [DiscoveryClient-CacheRefreshExecutor-%d] com.netflix.discovery.DiscoveryClient    : Getting all instance registry info from the eureka server
2025-12-18T00:55:08.004+05:30 DEBUG 18768 --- [customer-status-service] [DiscoveryClient-CacheRefreshExecutor-%d] o.s.web.client.RestTemplate              : HTTP GET http://localhost:8761/eureka/apps/
2025-12-18T00:55:08.021+05:30 DEBUG 18768 --- [customer-status-service] [DiscoveryClient-CacheRefreshExecutor-%d] o.s.web.client.RestTemplate              : Accept=[application/json, application/*+json]
2025-12-18T00:55:08.040+05:30 DEBUG 18768 --- [customer-status-service] [DiscoveryClient-CacheRefreshExecutor-%d] o.s.web.client.RestTemplate              : Response 404 NOT_FOUND
2025-12-18T00:55:08.042+05:30  WARN 18768 --- [customer-status-service] [DiscoveryClient-CacheRefreshExecutor-%d] c.n.d.s.t.d.RetryableEurekaHttpClient    : Request execution failure with status code 404; retrying on another server if available
2025-12-18T00:55:08.042+05:30  INFO 18768 --- [customer-status-service] [DiscoveryClient-CacheRefreshExecutor-%d] com.netflix.discovery.DiscoveryClient    : DiscoveryClient_CUSTOMER-STATUS-SERVICE/host.docker.internal:customer-status-service:8090 - was unable to refresh its cache! This periodic background refresh will be retried in 30 seconds. status = Cannot execute request on any known server stacktrace = com.netflix.discovery.shared.transport.TransportException: Cannot execute request on any known server
	at com.netflix.discovery.shared.transport.decorator.RetryableEurekaHttpClient.execute(RetryableEurekaHttpClient.java:112)
	at com.netflix.discovery.shared.transport.decorator.EurekaHttpClientDecorator.getApplications(EurekaHttpClientDecorator.java:134)
	at com.netflix.discovery.shared.transport.decorator.EurekaHttpClientDecorator$6.execute(EurekaHttpClientDecorator.java:137)
	at com.netflix.discovery.shared.transport.decorator.SessionedEurekaHttpClient.execute(SessionedEurekaHttpClient.java:76)
	at com.netflix.discovery.shared.transport.decorator.EurekaHttpClientDecorator.getApplications(EurekaHttpClientDecorator.java:134)
	at com.netflix.discovery.DiscoveryClient.getAndStoreFullRegistry(DiscoveryClient.java:1046)
	at com.netflix.discovery.DiscoveryClient.fetchRegistry(DiscoveryClient.java:961)
	at com.netflix.discovery.DiscoveryClient.refreshRegistry(DiscoveryClient.java:1473)
	at com.netflix.discovery.DiscoveryClient$CacheRefreshThread.run(DiscoveryClient.java:1441)
	at java.base/java.util.concurrent.Executors$RunnableAdapter.call(Executors.java:572)
	at java.base/java.util.concurrent.FutureTask.run(FutureTask.java:317)
	at java.base/java.util.concurrent.ThreadPoolExecutor.runWorker(ThreadPoolExecutor.java:1144)
	at java.base/java.util.concurrent.ThreadPoolExecutor$Worker.run(ThreadPoolExecutor.java:642)
	at java.base/java.lang.Thread.run(Thread.java:1583)

2025-12-18T00:55:37.909+05:30  INFO 18768 --- [customer-status-service] [DiscoveryClient-InstanceInfoReplicator-%d] com.netflix.discovery.DiscoveryClient    : DiscoveryClient_CUSTOMER-STATUS-SERVICE/host.docker.internal:customer-status-service:8090: registering service...
2025-12-18T00:55:37.911+05:30 DEBUG 18768 --- [customer-status-service] [DiscoveryClient-InstanceInfoReplicator-%d] o.s.web.client.RestTemplate              : HTTP POST http://localhost:8761/eureka/apps/CUSTOMER-STATUS-SERVICE
2025-12-18T00:55:37.915+05:30 DEBUG 18768 --- [customer-status-service] [DiscoveryClient-InstanceInfoReplicator-%d] o.s.web.client.RestTemplate              : Accept=[application/json, application/*+json]
2025-12-18T00:55:37.917+05:30 DEBUG 18768 --- [customer-status-service] [DiscoveryClient-InstanceInfoReplicator-%d] o.s.web.client.RestTemplate              : Writing [InstanceInfo [instanceId = host.docker.internal:customer-status-service:8090, appName = CUSTOMER-STATUS-SERVICE, hostName = 127.0.0.1, status = UP, ipAddr = 127.0.0.1, port = 8090, securePort = 443, dataCenterInfo = com.netflix.appinfo.MyDataCenterInfo@1ef7e4c7] as "application/json"
2025-12-18T00:55:37.931+05:30 DEBUG 18768 --- [customer-status-service] [DiscoveryClient-InstanceInfoReplicator-%d] o.s.web.client.RestTemplate              : Response 404 NOT_FOUND
2025-12-18T00:55:37.939+05:30  INFO 18768 --- [customer-status-service] [DiscoveryClient-InstanceInfoReplicator-%d] com.netflix.discovery.DiscoveryClient    : DiscoveryClient_CUSTOMER-STATUS-SERVICE/host.docker.internal:customer-status-service:8090 - registration status: 404
2025-12-18T00:55:37.957+05:30 DEBUG 18768 --- [customer-status-service] [DiscoveryClient-HeartbeatExecutor-%d] o.s.web.client.RestTemplate              : HTTP PUT http://localhost:8761/eureka/apps/CUSTOMER-STATUS-SERVICE/host.docker.internal:customer-status-service:8090?status=UP&lastDirtyTimestamp=1765999507931
2025-12-18T00:55:37.957+05:30 DEBUG 18768 --- [customer-status-service] [DiscoveryClient-HeartbeatExecutor-%d] o.s.web.client.RestTemplate              : Accept=[application/json, application/*+json]
2025-12-18T00:55:37.968+05:30 DEBUG 18768 --- [customer-status-service] [DiscoveryClient-HeartbeatExecutor-%d] o.s.web.client.RestTemplate              : Response 404 NOT_FOUND
2025-12-18T00:55:37.970+05:30  INFO 18768 --- [customer-status-service] [DiscoveryClient-HeartbeatExecutor-%d] com.netflix.discovery.DiscoveryClient    : DiscoveryClient_CUSTOMER-STATUS-SERVICE/host.docker.internal:customer-status-service:8090 - Re-registering apps/CUSTOMER-STATUS-SERVICE
2025-12-18T00:55:37.970+05:30  INFO 18768 --- [customer-status-service] [DiscoveryClient-HeartbeatExecutor-%d] com.netflix.discovery.DiscoveryClient    : DiscoveryClient_CUSTOMER-STATUS-SERVICE/host.docker.internal:customer-status-service:8090: registering service...
2025-12-18T00:55:37.970+05:30 DEBUG 18768 --- [customer-status-service] [DiscoveryClient-HeartbeatExecutor-%d] o.s.web.client.RestTemplate              : HTTP POST http://localhost:8761/eureka/apps/CUSTOMER-STATUS-SERVICE
2025-12-18T00:55:37.970+05:30 DEBUG 18768 --- [customer-status-service] [DiscoveryClient-HeartbeatExecutor-%d] o.s.web.client.RestTemplate              : Accept=[application/json, application/*+json]
2025-12-18T00:55:37.972+05:30 DEBUG 18768 --- [customer-status-service] [DiscoveryClient-HeartbeatExecutor-%d] o.s.web.client.RestTemplate              : Writing [InstanceInfo [instanceId = host.docker.internal:customer-status-service:8090, appName = CUSTOMER-STATUS-SERVICE, hostName = 127.0.0.1, status = UP, ipAddr = 127.0.0.1, port = 8090, securePort = 443, dataCenterInfo = com.netflix.appinfo.MyDataCenterInfo@1ef7e4c7] as "application/json"
2025-12-18T00:55:37.981+05:30 DEBUG 18768 --- [customer-status-service] [DiscoveryClient-HeartbeatExecutor-%d] o.s.web.client.RestTemplate              : Response 404 NOT_FOUND
2025-12-18T00:55:37.981+05:30  INFO 18768 --- [customer-status-service] [DiscoveryClient-HeartbeatExecutor-%d] com.netflix.discovery.DiscoveryClient    : DiscoveryClient_CUSTOMER-STATUS-SERVICE/host.docker.internal:customer-status-service:8090 - registration status: 404
2025-12-18T00:55:38.048+05:30  INFO 18768 --- [customer-status-service] [DiscoveryClient-CacheRefreshExecutor-%d] com.netflix.discovery.DiscoveryClient    : Disable delta property : false
2025-12-18T00:55:38.048+05:30  INFO 18768 --- [customer-status-service] [DiscoveryClient-CacheRefreshExecutor-%d] com.netflix.discovery.DiscoveryClient    : Single vip registry refresh property : null
2025-12-18T00:55:38.048+05:30  INFO 18768 --- [customer-status-service] [DiscoveryClient-CacheRefreshExecutor-%d] com.netflix.discovery.DiscoveryClient    : Force full registry fetch : false
2025-12-18T00:55:38.048+05:30  INFO 18768 --- [customer-status-service] [DiscoveryClient-CacheRefreshExecutor-%d] com.netflix.discovery.DiscoveryClient    : Application is null : false
2025-12-18T00:55:38.048+05:30  INFO 18768 --- [customer-status-service] [DiscoveryClient-CacheRefreshExecutor-%d] com.netflix.discovery.DiscoveryClient    : Registered Applications size is zero : true
2025-12-18T00:55:38.048+05:30  INFO 18768 --- [customer-status-service] [DiscoveryClient-CacheRefreshExecutor-%d] com.netflix.discovery.DiscoveryClient    : Application version is -1: true
2025-12-18T00:55:38.048+05:30  INFO 18768 --- [customer-status-service] [DiscoveryClient-CacheRefreshExecutor-%d] com.netflix.discovery.DiscoveryClient    : Getting all instance registry info from the eureka server
2025-12-18T00:55:38.058+05:30 DEBUG 18768 --- [customer-status-service] [DiscoveryClient-CacheRefreshExecutor-%d] o.s.web.client.RestTemplate              : HTTP GET http://localhost:8761/eureka/apps/
2025-12-18T00:55:38.073+05:30 DEBUG 18768 --- [customer-status-service] [DiscoveryClient-CacheRefreshExecutor-%d] o.s.web.client.RestTemplate              : Accept=[application/json, application/*+json]
2025-12-18T00:55:38.086+05:30 DEBUG 18768 --- [customer-status-service] [DiscoveryClient-CacheRefreshExecutor-%d] o.s.web.client.RestTemplate              : Response 404 NOT_FOUND
2025-12-18T00:55:38.091+05:30  WARN 18768 --- [customer-status-service] [DiscoveryClient-CacheRefreshExecutor-%d] c.n.d.s.t.d.RetryableEurekaHttpClient    : Request execution failure with status code 404; retrying on another server if available
2025-12-18T00:55:38.091+05:30  INFO 18768 --- [customer-status-service] [DiscoveryClient-CacheRefreshExecutor-%d] com.netflix.discovery.DiscoveryClient    : DiscoveryClient_CUSTOMER-STATUS-SERVICE/host.docker.internal:customer-status-service:8090 - was unable to refresh its cache! This periodic background refresh will be retried in 30 seconds. status = Cannot execute request on any known server stacktrace = com.netflix.discovery.shared.transport.TransportException: Cannot execute request on any known server
	at com.netflix.discovery.shared.transport.decorator.RetryableEurekaHttpClient.execute(RetryableEurekaHttpClient.java:112)
	at com.netflix.discovery.shared.transport.decorator.EurekaHttpClientDecorator.getApplications(EurekaHttpClientDecorator.java:134)
	at com.netflix.discovery.shared.transport.decorator.EurekaHttpClientDecorator$6.execute(EurekaHttpClientDecorator.java:137)
	at com.netflix.discovery.shared.transport.decorator.SessionedEurekaHttpClient.execute(SessionedEurekaHttpClient.java:76)
	at com.netflix.discovery.shared.transport.decorator.EurekaHttpClientDecorator.getApplications(EurekaHttpClientDecorator.java:134)
	at com.netflix.discovery.DiscoveryClient.getAndStoreFullRegistry(DiscoveryClient.java:1046)
	at com.netflix.discovery.DiscoveryClient.fetchRegistry(DiscoveryClient.java:961)
	at com.netflix.discovery.DiscoveryClient.refreshRegistry(DiscoveryClient.java:1473)
	at com.netflix.discovery.DiscoveryClient$CacheRefreshThread.run(DiscoveryClient.java:1441)
	at java.base/java.util.concurrent.Executors$RunnableAdapter.call(Executors.java:572)
	at java.base/java.util.concurrent.FutureTask.run(FutureTask.java:317)
	at java.base/java.util.concurrent.ThreadPoolExecutor.runWorker(ThreadPoolExecutor.java:1144)
	at java.base/java.util.concurrent.ThreadPoolExecutor$Worker.run(ThreadPoolExecutor.java:642)
	at java.base/java.lang.Thread.run(Thread.java:1583)

2025-12-18T00:56:06.636+05:30  INFO 18768 --- [customer-status-service] [AsyncResolver-bootstrap-executor-%d] c.n.d.s.r.aws.ConfigClusterResolver      : Resolving eureka endpoints via configuration
2025-12-18T00:56:07.950+05:30  INFO 18768 --- [customer-status-service] [DiscoveryClient-InstanceInfoReplicator-%d] com.netflix.discovery.DiscoveryClient    : DiscoveryClient_CUSTOMER-STATUS-SERVICE/host.docker.internal:customer-status-service:8090: registering service...
2025-12-18T00:56:07.952+05:30 DEBUG 18768 --- [customer-status-service] [DiscoveryClient-InstanceInfoReplicator-%d] o.s.web.client.RestTemplate              : HTTP POST http://localhost:8761/eureka/apps/CUSTOMER-STATUS-SERVICE
2025-12-18T00:56:07.954+05:30 DEBUG 18768 --- [customer-status-service] [DiscoveryClient-InstanceInfoReplicator-%d] o.s.web.client.RestTemplate              : Accept=[application/json, application/*+json]
2025-12-18T00:56:07.954+05:30 DEBUG 18768 --- [customer-status-service] [DiscoveryClient-InstanceInfoReplicator-%d] o.s.web.client.RestTemplate              : Writing [InstanceInfo [instanceId = host.docker.internal:customer-status-service:8090, appName = CUSTOMER-STATUS-SERVICE, hostName = 127.0.0.1, status = UP, ipAddr = 127.0.0.1, port = 8090, securePort = 443, dataCenterInfo = com.netflix.appinfo.MyDataCenterInfo@1ef7e4c7] as "application/json"
2025-12-18T00:56:07.974+05:30 DEBUG 18768 --- [customer-status-service] [DiscoveryClient-InstanceInfoReplicator-%d] o.s.web.client.RestTemplate              : Response 404 NOT_FOUND
2025-12-18T00:56:07.975+05:30  INFO 18768 --- [customer-status-service] [DiscoveryClient-InstanceInfoReplicator-%d] com.netflix.discovery.DiscoveryClient    : DiscoveryClient_CUSTOMER-STATUS-SERVICE/host.docker.internal:customer-status-service:8090 - registration status: 404
2025-12-18T00:56:07.998+05:30 DEBUG 18768 --- [customer-status-service] [DiscoveryClient-HeartbeatExecutor-%d] o.s.web.client.RestTemplate              : HTTP PUT http://localhost:8761/eureka/apps/CUSTOMER-STATUS-SERVICE/host.docker.internal:customer-status-service:8090?status=UP&lastDirtyTimestamp=1765999537970
2025-12-18T00:56:07.999+05:30 DEBUG 18768 --- [customer-status-service] [DiscoveryClient-HeartbeatExecutor-%d] o.s.web.client.RestTemplate              : Accept=[application/json, application/*+json]
2025-12-18T00:56:08.005+05:30 DEBUG 18768 --- [customer-status-service] [DiscoveryClient-HeartbeatExecutor-%d] o.s.web.client.RestTemplate              : Response 404 NOT_FOUND
2025-12-18T00:56:08.006+05:30  INFO 18768 --- [customer-status-service] [DiscoveryClient-HeartbeatExecutor-%d] com.netflix.discovery.DiscoveryClient    : DiscoveryClient_CUSTOMER-STATUS-SERVICE/host.docker.internal:customer-status-service:8090 - Re-registering apps/CUSTOMER-STATUS-SERVICE
2025-12-18T00:56:08.006+05:30  INFO 18768 --- [customer-status-service] [DiscoveryClient-HeartbeatExecutor-%d] com.netflix.discovery.DiscoveryClient    : DiscoveryClient_CUSTOMER-STATUS-SERVICE/host.docker.internal:customer-status-service:8090: registering service...
2025-12-18T00:56:08.007+05:30 DEBUG 18768 --- [customer-status-service] [DiscoveryClient-HeartbeatExecutor-%d] o.s.web.client.RestTemplate              : HTTP POST http://localhost:8761/eureka/apps/CUSTOMER-STATUS-SERVICE
2025-12-18T00:56:08.007+05:30 DEBUG 18768 --- [customer-status-service] [DiscoveryClient-HeartbeatExecutor-%d] o.s.web.client.RestTemplate              : Accept=[application/json, application/*+json]
2025-12-18T00:56:08.008+05:30 DEBUG 18768 --- [customer-status-service] [DiscoveryClient-HeartbeatExecutor-%d] o.s.web.client.RestTemplate              : Writing [InstanceInfo [instanceId = host.docker.internal:customer-status-service:8090, appName = CUSTOMER-STATUS-SERVICE, hostName = 127.0.0.1, status = UP, ipAddr = 127.0.0.1, port = 8090, securePort = 443, dataCenterInfo = com.netflix.appinfo.MyDataCenterInfo@1ef7e4c7] as "application/json"
2025-12-18T00:56:08.016+05:30 DEBUG 18768 --- [customer-status-service] [DiscoveryClient-HeartbeatExecutor-%d] o.s.web.client.RestTemplate              : Response 404 NOT_FOUND
2025-12-18T00:56:08.017+05:30  INFO 18768 --- [customer-status-service] [DiscoveryClient-HeartbeatExecutor-%d] com.netflix.discovery.DiscoveryClient    : DiscoveryClient_CUSTOMER-STATUS-SERVICE/host.docker.internal:customer-status-service:8090 - registration status: 404
2025-12-18T00:56:08.091+05:30  INFO 18768 --- [customer-status-service] [DiscoveryClient-CacheRefreshExecutor-%d] com.netflix.discovery.DiscoveryClient    : Disable delta property : false
2025-12-18T00:56:08.091+05:30  INFO 18768 --- [customer-status-service] [DiscoveryClient-CacheRefreshExecutor-%d] com.netflix.discovery.DiscoveryClient    : Single vip registry refresh property : null
2025-12-18T00:56:08.092+05:30  INFO 18768 --- [customer-status-service] [DiscoveryClient-CacheRefreshExecutor-%d] com.netflix.discovery.DiscoveryClient    : Force full registry fetch : false
2025-12-18T00:56:08.092+05:30  INFO 18768 --- [customer-status-service] [DiscoveryClient-CacheRefreshExecutor-%d] com.netflix.discovery.DiscoveryClient    : Application is null : false
2025-12-18T00:56:08.092+05:30  INFO 18768 --- [customer-status-service] [DiscoveryClient-CacheRefreshExecutor-%d] com.netflix.discovery.DiscoveryClient    : Registered Applications size is zero : true
2025-12-18T00:56:08.092+05:30  INFO 18768 --- [customer-status-service] [DiscoveryClient-CacheRefreshExecutor-%d] com.netflix.discovery.DiscoveryClient    : Application version is -1: true
2025-12-18T00:56:08.092+05:30  INFO 18768 --- [customer-status-service] [DiscoveryClient-CacheRefreshExecutor-%d] com.netflix.discovery.DiscoveryClient    : Getting all instance registry info from the eureka server
2025-12-18T00:56:08.105+05:30 DEBUG 18768 --- [customer-status-service] [DiscoveryClient-CacheRefreshExecutor-%d] o.s.web.client.RestTemplate              : HTTP GET http://localhost:8761/eureka/apps/
2025-12-18T00:56:08.117+05:30 DEBUG 18768 --- [customer-status-service] [DiscoveryClient-CacheRefreshExecutor-%d] o.s.web.client.RestTemplate              : Accept=[application/json, application/*+json]
2025-12-18T00:56:08.125+05:30 DEBUG 18768 --- [customer-status-service] [DiscoveryClient-CacheRefreshExecutor-%d] o.s.web.client.RestTemplate              : Response 404 NOT_FOUND
2025-12-18T00:56:08.126+05:30  WARN 18768 --- [customer-status-service] [DiscoveryClient-CacheRefreshExecutor-%d] c.n.d.s.t.d.RetryableEurekaHttpClient    : Request execution failure with status code 404; retrying on another server if available
2025-12-18T00:56:08.126+05:30  INFO 18768 --- [customer-status-service] [DiscoveryClient-CacheRefreshExecutor-%d] com.netflix.discovery.DiscoveryClient    : DiscoveryClient_CUSTOMER-STATUS-SERVICE/host.docker.internal:customer-status-service:8090 - was unable to refresh its cache! This periodic background refresh will be retried in 30 seconds. status = Cannot execute request on any known server stacktrace = com.netflix.discovery.shared.transport.TransportException: Cannot execute request on any known server
	at com.netflix.discovery.shared.transport.decorator.RetryableEurekaHttpClient.execute(RetryableEurekaHttpClient.java:112)
	at com.netflix.discovery.shared.transport.decorator.EurekaHttpClientDecorator.getApplications(EurekaHttpClientDecorator.java:134)
	at com.netflix.discovery.shared.transport.decorator.EurekaHttpClientDecorator$6.execute(EurekaHttpClientDecorator.java:137)
	at com.netflix.discovery.shared.transport.decorator.SessionedEurekaHttpClient.execute(SessionedEurekaHttpClient.java:76)
	at com.netflix.discovery.shared.transport.decorator.EurekaHttpClientDecorator.getApplications(EurekaHttpClientDecorator.java:134)
	at com.netflix.discovery.DiscoveryClient.getAndStoreFullRegistry(DiscoveryClient.java:1046)
	at com.netflix.discovery.DiscoveryClient.fetchRegistry(DiscoveryClient.java:961)
	at com.netflix.discovery.DiscoveryClient.refreshRegistry(DiscoveryClient.java:1473)
	at com.netflix.discovery.DiscoveryClient$CacheRefreshThread.run(DiscoveryClient.java:1441)
	at java.base/java.util.concurrent.Executors$RunnableAdapter.call(Executors.java:572)
	at java.base/java.util.concurrent.FutureTask.run(FutureTask.java:317)
	at java.base/java.util.concurrent.ThreadPoolExecutor.runWorker(ThreadPoolExecutor.java:1144)
	at java.base/java.util.concurrent.ThreadPoolExecutor$Worker.run(ThreadPoolExecutor.java:642)
	at java.base/java.lang.Thread.run(Thread.java:1583)

2025-12-18T00:56:37.986+05:30  INFO 18768 --- [customer-status-service] [DiscoveryClient-InstanceInfoReplicator-%d] com.netflix.discovery.DiscoveryClient    : DiscoveryClient_CUSTOMER-STATUS-SERVICE/host.docker.internal:customer-status-service:8090: registering service...
2025-12-18T00:56:37.988+05:30 DEBUG 18768 --- [customer-status-service] [DiscoveryClient-InstanceInfoReplicator-%d] o.s.web.client.RestTemplate              : HTTP POST http://localhost:8761/eureka/apps/CUSTOMER-STATUS-SERVICE
2025-12-18T00:56:37.992+05:30 DEBUG 18768 --- [customer-status-service] [DiscoveryClient-InstanceInfoReplicator-%d] o.s.web.client.RestTemplate              : Accept=[application/json, application/*+json]
2025-12-18T00:56:37.993+05:30 DEBUG 18768 --- [customer-status-service] [DiscoveryClient-InstanceInfoReplicator-%d] o.s.web.client.RestTemplate              : Writing [InstanceInfo [instanceId = host.docker.internal:customer-status-service:8090, appName = CUSTOMER-STATUS-SERVICE, hostName = 127.0.0.1, status = UP, ipAddr = 127.0.0.1, port = 8090, securePort = 443, dataCenterInfo = com.netflix.appinfo.MyDataCenterInfo@1ef7e4c7] as "application/json"
2025-12-18T00:56:38.010+05:30 DEBUG 18768 --- [customer-status-service] [DiscoveryClient-InstanceInfoReplicator-%d] o.s.web.client.RestTemplate              : Response 404 NOT_FOUND
2025-12-18T00:56:38.011+05:30  INFO 18768 --- [customer-status-service] [DiscoveryClient-InstanceInfoReplicator-%d] com.netflix.discovery.DiscoveryClient    : DiscoveryClient_CUSTOMER-STATUS-SERVICE/host.docker.internal:customer-status-service:8090 - registration status: 404
2025-12-18T00:56:38.034+05:30 DEBUG 18768 --- [customer-status-service] [DiscoveryClient-HeartbeatExecutor-%d] o.s.web.client.RestTemplate              : HTTP PUT http://localhost:8761/eureka/apps/CUSTOMER-STATUS-SERVICE/host.docker.internal:customer-status-service:8090?status=UP&lastDirtyTimestamp=1765999568006
2025-12-18T00:56:38.035+05:30 DEBUG 18768 --- [customer-status-service] [DiscoveryClient-HeartbeatExecutor-%d] o.s.web.client.RestTemplate              : Accept=[application/json, application/*+json]
2025-12-18T00:56:38.042+05:30 DEBUG 18768 --- [customer-status-service] [DiscoveryClient-HeartbeatExecutor-%d] o.s.web.client.RestTemplate              : Response 404 NOT_FOUND
2025-12-18T00:56:38.042+05:30  INFO 18768 --- [customer-status-service] [DiscoveryClient-HeartbeatExecutor-%d] com.netflix.discovery.DiscoveryClient    : DiscoveryClient_CUSTOMER-STATUS-SERVICE/host.docker.internal:customer-status-service:8090 - Re-registering apps/CUSTOMER-STATUS-SERVICE
2025-12-18T00:56:38.043+05:30  INFO 18768 --- [customer-status-service] [DiscoveryClient-HeartbeatExecutor-%d] com.netflix.discovery.DiscoveryClient    : DiscoveryClient_CUSTOMER-STATUS-SERVICE/host.docker.internal:customer-status-service:8090: registering service...
2025-12-18T00:56:38.043+05:30 DEBUG 18768 --- [customer-status-service] [DiscoveryClient-HeartbeatExecutor-%d] o.s.web.client.RestTemplate              : HTTP POST http://localhost:8761/eureka/apps/CUSTOMER-STATUS-SERVICE
2025-12-18T00:56:38.043+05:30 DEBUG 18768 --- [customer-status-service] [DiscoveryClient-HeartbeatExecutor-%d] o.s.web.client.RestTemplate              : Accept=[application/json, application/*+json]
2025-12-18T00:56:38.043+05:30 DEBUG 18768 --- [customer-status-service] [DiscoveryClient-HeartbeatExecutor-%d] o.s.web.client.RestTemplate              : Writing [InstanceInfo [instanceId = host.docker.internal:customer-status-service:8090, appName = CUSTOMER-STATUS-SERVICE, hostName = 127.0.0.1, status = UP, ipAddr = 127.0.0.1, port = 8090, securePort = 443, dataCenterInfo = com.netflix.appinfo.MyDataCenterInfo@1ef7e4c7] as "application/json"
2025-12-18T00:56:38.051+05:30 DEBUG 18768 --- [customer-status-service] [DiscoveryClient-HeartbeatExecutor-%d] o.s.web.client.RestTemplate              : Response 404 NOT_FOUND
2025-12-18T00:56:38.052+05:30  INFO 18768 --- [customer-status-service] [DiscoveryClient-HeartbeatExecutor-%d] com.netflix.discovery.DiscoveryClient    : DiscoveryClient_CUSTOMER-STATUS-SERVICE/host.docker.internal:customer-status-service:8090 - registration status: 404
2025-12-18T00:56:38.141+05:30  INFO 18768 --- [customer-status-service] [DiscoveryClient-CacheRefreshExecutor-%d] com.netflix.discovery.DiscoveryClient    : Disable delta property : false
2025-12-18T00:56:38.142+05:30  INFO 18768 --- [customer-status-service] [DiscoveryClient-CacheRefreshExecutor-%d] com.netflix.discovery.DiscoveryClient    : Single vip registry refresh property : null
2025-12-18T00:56:38.142+05:30  INFO 18768 --- [customer-status-service] [DiscoveryClient-CacheRefreshExecutor-%d] com.netflix.discovery.DiscoveryClient    : Force full registry fetch : false
2025-12-18T00:56:38.142+05:30  INFO 18768 --- [customer-status-service] [DiscoveryClient-CacheRefreshExecutor-%d] com.netflix.discovery.DiscoveryClient    : Application is null : false
2025-12-18T00:56:38.142+05:30  INFO 18768 --- [customer-status-service] [DiscoveryClient-CacheRefreshExecutor-%d] com.netflix.discovery.DiscoveryClient    : Registered Applications size is zero : true
2025-12-18T00:56:38.142+05:30  INFO 18768 --- [customer-status-service] [DiscoveryClient-CacheRefreshExecutor-%d] com.netflix.discovery.DiscoveryClient    : Application version is -1: true
2025-12-18T00:56:38.143+05:30  INFO 18768 --- [customer-status-service] [DiscoveryClient-CacheRefreshExecutor-%d] com.netflix.discovery.DiscoveryClient    : Getting all instance registry info from the eureka server
2025-12-18T00:56:38.153+05:30 DEBUG 18768 --- [customer-status-service] [DiscoveryClient-CacheRefreshExecutor-%d] o.s.web.client.RestTemplate              : HTTP GET http://localhost:8761/eureka/apps/
2025-12-18T00:56:38.167+05:30 DEBUG 18768 --- [customer-status-service] [DiscoveryClient-CacheRefreshExecutor-%d] o.s.web.client.RestTemplate              : Accept=[application/json, application/*+json]
2025-12-18T00:56:38.177+05:30 DEBUG 18768 --- [customer-status-service] [DiscoveryClient-CacheRefreshExecutor-%d] o.s.web.client.RestTemplate              : Response 404 NOT_FOUND
2025-12-18T00:56:38.178+05:30  WARN 18768 --- [customer-status-service] [DiscoveryClient-CacheRefreshExecutor-%d] c.n.d.s.t.d.RetryableEurekaHttpClient    : Request execution failure with status code 404; retrying on another server if available
2025-12-18T00:56:38.178+05:30  INFO 18768 --- [customer-status-service] [DiscoveryClient-CacheRefreshExecutor-%d] com.netflix.discovery.DiscoveryClient    : DiscoveryClient_CUSTOMER-STATUS-SERVICE/host.docker.internal:customer-status-service:8090 - was unable to refresh its cache! This periodic background refresh will be retried in 30 seconds. status = Cannot execute request on any known server stacktrace = com.netflix.discovery.shared.transport.TransportException: Cannot execute request on any known server
	at com.netflix.discovery.shared.transport.decorator.RetryableEurekaHttpClient.execute(RetryableEurekaHttpClient.java:112)
	at com.netflix.discovery.shared.transport.decorator.EurekaHttpClientDecorator.getApplications(EurekaHttpClientDecorator.java:134)
	at com.netflix.discovery.shared.transport.decorator.EurekaHttpClientDecorator$6.execute(EurekaHttpClientDecorator.java:137)
	at com.netflix.discovery.shared.transport.decorator.SessionedEurekaHttpClient.execute(SessionedEurekaHttpClient.java:76)
	at com.netflix.discovery.shared.transport.decorator.EurekaHttpClientDecorator.getApplications(EurekaHttpClientDecorator.java:134)
	at com.netflix.discovery.DiscoveryClient.getAndStoreFullRegistry(DiscoveryClient.java:1046)
	at com.netflix.discovery.DiscoveryClient.fetchRegistry(DiscoveryClient.java:961)
	at com.netflix.discovery.DiscoveryClient.refreshRegistry(DiscoveryClient.java:1473)
	at com.netflix.discovery.DiscoveryClient$CacheRefreshThread.run(DiscoveryClient.java:1441)
	at java.base/java.util.concurrent.Executors$RunnableAdapter.call(Executors.java:572)
	at java.base/java.util.concurrent.FutureTask.run(FutureTask.java:317)
	at java.base/java.util.concurrent.ThreadPoolExecutor.runWorker(ThreadPoolExecutor.java:1144)
	at java.base/java.util.concurrent.ThreadPoolExecutor$Worker.run(ThreadPoolExecutor.java:642)
	at java.base/java.lang.Thread.run(Thread.java:1583)

2025-12-18T00:57:08.015+05:30  INFO 18768 --- [customer-status-service] [DiscoveryClient-InstanceInfoReplicator-%d] com.netflix.discovery.DiscoveryClient    : DiscoveryClient_CUSTOMER-STATUS-SERVICE/host.docker.internal:customer-status-service:8090: registering service...
2025-12-18T00:57:08.017+05:30 DEBUG 18768 --- [customer-status-service] [DiscoveryClient-InstanceInfoReplicator-%d] o.s.web.client.RestTemplate              : HTTP POST http://localhost:8761/eureka/apps/CUSTOMER-STATUS-SERVICE
2025-12-18T00:57:08.017+05:30 DEBUG 18768 --- [customer-status-service] [DiscoveryClient-InstanceInfoReplicator-%d] o.s.web.client.RestTemplate              : Accept=[application/json, application/*+json]
2025-12-18T00:57:08.017+05:30 DEBUG 18768 --- [customer-status-service] [DiscoveryClient-InstanceInfoReplicator-%d] o.s.web.client.RestTemplate              : Writing [InstanceInfo [instanceId = host.docker.internal:customer-status-service:8090, appName = CUSTOMER-STATUS-SERVICE, hostName = 127.0.0.1, status = UP, ipAddr = 127.0.0.1, port = 8090, securePort = 443, dataCenterInfo = com.netflix.appinfo.MyDataCenterInfo@1ef7e4c7] as "application/json"
2025-12-18T00:57:08.041+05:30 DEBUG 18768 --- [customer-status-service] [DiscoveryClient-InstanceInfoReplicator-%d] o.s.web.client.RestTemplate              : Response 404 NOT_FOUND
2025-12-18T00:57:08.043+05:30  INFO 18768 --- [customer-status-service] [DiscoveryClient-InstanceInfoReplicator-%d] com.netflix.discovery.DiscoveryClient    : DiscoveryClient_CUSTOMER-STATUS-SERVICE/host.docker.internal:customer-status-service:8090 - registration status: 404
2025-12-18T00:57:08.064+05:30 DEBUG 18768 --- [customer-status-service] [DiscoveryClient-HeartbeatExecutor-%d] o.s.web.client.RestTemplate              : HTTP PUT http://localhost:8761/eureka/apps/CUSTOMER-STATUS-SERVICE/host.docker.internal:customer-status-service:8090?status=UP&lastDirtyTimestamp=1765999598043
2025-12-18T00:57:08.065+05:30 DEBUG 18768 --- [customer-status-service] [DiscoveryClient-HeartbeatExecutor-%d] o.s.web.client.RestTemplate              : Accept=[application/json, application/*+json]
2025-12-18T00:57:08.073+05:30 DEBUG 18768 --- [customer-status-service] [DiscoveryClient-HeartbeatExecutor-%d] o.s.web.client.RestTemplate              : Response 404 NOT_FOUND
2025-12-18T00:57:08.076+05:30  INFO 18768 --- [customer-status-service] [DiscoveryClient-HeartbeatExecutor-%d] com.netflix.discovery.DiscoveryClient    : DiscoveryClient_CUSTOMER-STATUS-SERVICE/host.docker.internal:customer-status-service:8090 - Re-registering apps/CUSTOMER-STATUS-SERVICE
2025-12-18T00:57:08.076+05:30  INFO 18768 --- [customer-status-service] [DiscoveryClient-HeartbeatExecutor-%d] com.netflix.discovery.DiscoveryClient    : DiscoveryClient_CUSTOMER-STATUS-SERVICE/host.docker.internal:customer-status-service:8090: registering service...
2025-12-18T00:57:08.076+05:30 DEBUG 18768 --- [customer-status-service] [DiscoveryClient-HeartbeatExecutor-%d] o.s.web.client.RestTemplate              : HTTP POST http://localhost:8761/eureka/apps/CUSTOMER-STATUS-SERVICE
2025-12-18T00:57:08.078+05:30 DEBUG 18768 --- [customer-status-service] [DiscoveryClient-HeartbeatExecutor-%d] o.s.web.client.RestTemplate              : Accept=[application/json, application/*+json]
2025-12-18T00:57:08.078+05:30 DEBUG 18768 --- [customer-status-service] [DiscoveryClient-HeartbeatExecutor-%d] o.s.web.client.RestTemplate              : Writing [InstanceInfo [instanceId = host.docker.internal:customer-status-service:8090, appName = CUSTOMER-STATUS-SERVICE, hostName = 127.0.0.1, status = UP, ipAddr = 127.0.0.1, port = 8090, securePort = 443, dataCenterInfo = com.netflix.appinfo.MyDataCenterInfo@1ef7e4c7] as "application/json"
2025-12-18T00:57:08.092+05:30 DEBUG 18768 --- [customer-status-service] [DiscoveryClient-HeartbeatExecutor-%d] o.s.web.client.RestTemplate              : Response 404 NOT_FOUND
2025-12-18T00:57:08.094+05:30  INFO 18768 --- [customer-status-service] [DiscoveryClient-HeartbeatExecutor-%d] com.netflix.discovery.DiscoveryClient    : DiscoveryClient_CUSTOMER-STATUS-SERVICE/host.docker.internal:customer-status-service:8090 - registration status: 404
2025-12-18T00:57:08.194+05:30  INFO 18768 --- [customer-status-service] [DiscoveryClient-CacheRefreshExecutor-%d] com.netflix.discovery.DiscoveryClient    : Disable delta property : false
2025-12-18T00:57:08.194+05:30  INFO 18768 --- [customer-status-service] [DiscoveryClient-CacheRefreshExecutor-%d] com.netflix.discovery.DiscoveryClient    : Single vip registry refresh property : null
2025-12-18T00:57:08.194+05:30  INFO 18768 --- [customer-status-service] [DiscoveryClient-CacheRefreshExecutor-%d] com.netflix.discovery.DiscoveryClient    : Force full registry fetch : false
2025-12-18T00:57:08.194+05:30  INFO 18768 --- [customer-status-service] [DiscoveryClient-CacheRefreshExecutor-%d] com.netflix.discovery.DiscoveryClient    : Application is null : false
2025-12-18T00:57:08.194+05:30  INFO 18768 --- [customer-status-service] [DiscoveryClient-CacheRefreshExecutor-%d] com.netflix.discovery.DiscoveryClient    : Registered Applications size is zero : true
2025-12-18T00:57:08.194+05:30  INFO 18768 --- [customer-status-service] [DiscoveryClient-CacheRefreshExecutor-%d] com.netflix.discovery.DiscoveryClient    : Application version is -1: true
2025-12-18T00:57:08.194+05:30  INFO 18768 --- [customer-status-service] [DiscoveryClient-CacheRefreshExecutor-%d] com.netflix.discovery.DiscoveryClient    : Getting all instance registry info from the eureka server
2025-12-18T00:57:08.207+05:30 DEBUG 18768 --- [customer-status-service] [DiscoveryClient-CacheRefreshExecutor-%d] o.s.web.client.RestTemplate              : HTTP GET http://localhost:8761/eureka/apps/
2025-12-18T00:57:08.236+05:30 DEBUG 18768 --- [customer-status-service] [DiscoveryClient-CacheRefreshExecutor-%d] o.s.web.client.RestTemplate              : Accept=[application/json, application/*+json]
2025-12-18T00:57:08.250+05:30 DEBUG 18768 --- [customer-status-service] [DiscoveryClient-CacheRefreshExecutor-%d] o.s.web.client.RestTemplate              : Response 404 NOT_FOUND
2025-12-18T00:57:08.250+05:30  WARN 18768 --- [customer-status-service] [DiscoveryClient-CacheRefreshExecutor-%d] c.n.d.s.t.d.RetryableEurekaHttpClient    : Request execution failure with status code 404; retrying on another server if available
2025-12-18T00:57:08.250+05:30  INFO 18768 --- [customer-status-service] [DiscoveryClient-CacheRefreshExecutor-%d] com.netflix.discovery.DiscoveryClient    : DiscoveryClient_CUSTOMER-STATUS-SERVICE/host.docker.internal:customer-status-service:8090 - was unable to refresh its cache! This periodic background refresh will be retried in 30 seconds. status = Cannot execute request on any known server stacktrace = com.netflix.discovery.shared.transport.TransportException: Cannot execute request on any known server
	at com.netflix.discovery.shared.transport.decorator.RetryableEurekaHttpClient.execute(RetryableEurekaHttpClient.java:112)
	at com.netflix.discovery.shared.transport.decorator.EurekaHttpClientDecorator.getApplications(EurekaHttpClientDecorator.java:134)
	at com.netflix.discovery.shared.transport.decorator.EurekaHttpClientDecorator$6.execute(EurekaHttpClientDecorator.java:137)
	at com.netflix.discovery.shared.transport.decorator.SessionedEurekaHttpClient.execute(SessionedEurekaHttpClient.java:76)
	at com.netflix.discovery.shared.transport.decorator.EurekaHttpClientDecorator.getApplications(EurekaHttpClientDecorator.java:134)
	at com.netflix.discovery.DiscoveryClient.getAndStoreFullRegistry(DiscoveryClient.java:1046)
	at com.netflix.discovery.DiscoveryClient.fetchRegistry(DiscoveryClient.java:961)
	at com.netflix.discovery.DiscoveryClient.refreshRegistry(DiscoveryClient.java:1473)
	at com.netflix.discovery.DiscoveryClient$CacheRefreshThread.run(DiscoveryClient.java:1441)
	at java.base/java.util.concurrent.Executors$RunnableAdapter.call(Executors.java:572)
	at java.base/java.util.concurrent.FutureTask.run(FutureTask.java:317)
	at java.base/java.util.concurrent.ThreadPoolExecutor.runWorker(ThreadPoolExecutor.java:1144)
	at java.base/java.util.concurrent.ThreadPoolExecutor$Worker.run(ThreadPoolExecutor.java:642)
	at java.base/java.lang.Thread.run(Thread.java:1583)

2025-12-18T00:57:38.046+05:30  INFO 18768 --- [customer-status-service] [DiscoveryClient-InstanceInfoReplicator-%d] com.netflix.discovery.DiscoveryClient    : DiscoveryClient_CUSTOMER-STATUS-SERVICE/host.docker.internal:customer-status-service:8090: registering service...
2025-12-18T00:57:38.047+05:30 DEBUG 18768 --- [customer-status-service] [DiscoveryClient-InstanceInfoReplicator-%d] o.s.web.client.RestTemplate              : HTTP POST http://localhost:8761/eureka/apps/CUSTOMER-STATUS-SERVICE
2025-12-18T00:57:38.051+05:30 DEBUG 18768 --- [customer-status-service] [DiscoveryClient-InstanceInfoReplicator-%d] o.s.web.client.RestTemplate              : Accept=[application/json, application/*+json]
2025-12-18T00:57:38.052+05:30 DEBUG 18768 --- [customer-status-service] [DiscoveryClient-InstanceInfoReplicator-%d] o.s.web.client.RestTemplate              : Writing [InstanceInfo [instanceId = host.docker.internal:customer-status-service:8090, appName = CUSTOMER-STATUS-SERVICE, hostName = 127.0.0.1, status = UP, ipAddr = 127.0.0.1, port = 8090, securePort = 443, dataCenterInfo = com.netflix.appinfo.MyDataCenterInfo@1ef7e4c7] as "application/json"
2025-12-18T00:57:38.072+05:30 DEBUG 18768 --- [customer-status-service] [DiscoveryClient-InstanceInfoReplicator-%d] o.s.web.client.RestTemplate              : Response 404 NOT_FOUND
2025-12-18T00:57:38.073+05:30  INFO 18768 --- [customer-status-service] [DiscoveryClient-InstanceInfoReplicator-%d] com.netflix.discovery.DiscoveryClient    : DiscoveryClient_CUSTOMER-STATUS-SERVICE/host.docker.internal:customer-status-service:8090 - registration status: 404
2025-12-18T00:57:38.110+05:30 DEBUG 18768 --- [customer-status-service] [DiscoveryClient-HeartbeatExecutor-%d] o.s.web.client.RestTemplate              : HTTP PUT http://localhost:8761/eureka/apps/CUSTOMER-STATUS-SERVICE/host.docker.internal:customer-status-service:8090?status=UP&lastDirtyTimestamp=1765999628076
2025-12-18T00:57:38.110+05:30 DEBUG 18768 --- [customer-status-service] [DiscoveryClient-HeartbeatExecutor-%d] o.s.web.client.RestTemplate              : Accept=[application/json, application/*+json]
2025-12-18T00:57:38.118+05:30 DEBUG 18768 --- [customer-status-service] [DiscoveryClient-HeartbeatExecutor-%d] o.s.web.client.RestTemplate              : Response 404 NOT_FOUND
2025-12-18T00:57:38.119+05:30  INFO 18768 --- [customer-status-service] [DiscoveryClient-HeartbeatExecutor-%d] com.netflix.discovery.DiscoveryClient    : DiscoveryClient_CUSTOMER-STATUS-SERVICE/host.docker.internal:customer-status-service:8090 - Re-registering apps/CUSTOMER-STATUS-SERVICE
2025-12-18T00:57:38.120+05:30  INFO 18768 --- [customer-status-service] [DiscoveryClient-HeartbeatExecutor-%d] com.netflix.discovery.DiscoveryClient    : DiscoveryClient_CUSTOMER-STATUS-SERVICE/host.docker.internal:customer-status-service:8090: registering service...
2025-12-18T00:57:38.120+05:30 DEBUG 18768 --- [customer-status-service] [DiscoveryClient-HeartbeatExecutor-%d] o.s.web.client.RestTemplate              : HTTP POST http://localhost:8761/eureka/apps/CUSTOMER-STATUS-SERVICE
2025-12-18T00:57:38.121+05:30 DEBUG 18768 --- [customer-status-service] [DiscoveryClient-HeartbeatExecutor-%d] o.s.web.client.RestTemplate              : Accept=[application/json, application/*+json]
2025-12-18T00:57:38.121+05:30 DEBUG 18768 --- [customer-status-service] [DiscoveryClient-HeartbeatExecutor-%d] o.s.web.client.RestTemplate              : Writing [InstanceInfo [instanceId = host.docker.internal:customer-status-service:8090, appName = CUSTOMER-STATUS-SERVICE, hostName = 127.0.0.1, status = UP, ipAddr = 127.0.0.1, port = 8090, securePort = 443, dataCenterInfo = com.netflix.appinfo.MyDataCenterInfo@1ef7e4c7] as "application/json"
2025-12-18T00:57:38.130+05:30 DEBUG 18768 --- [customer-status-service] [DiscoveryClient-HeartbeatExecutor-%d] o.s.web.client.RestTemplate              : Response 404 NOT_FOUND
2025-12-18T00:57:38.132+05:30  INFO 18768 --- [customer-status-service] [DiscoveryClient-HeartbeatExecutor-%d] com.netflix.discovery.DiscoveryClient    : DiscoveryClient_CUSTOMER-STATUS-SERVICE/host.docker.internal:customer-status-service:8090 - registration status: 404
2025-12-18T00:57:38.266+05:30  INFO 18768 --- [customer-status-service] [DiscoveryClient-CacheRefreshExecutor-%d] com.netflix.discovery.DiscoveryClient    : Disable delta property : false
2025-12-18T00:57:38.267+05:30  INFO 18768 --- [customer-status-service] [DiscoveryClient-CacheRefreshExecutor-%d] com.netflix.discovery.DiscoveryClient    : Single vip registry refresh property : null
2025-12-18T00:57:38.267+05:30  INFO 18768 --- [customer-status-service] [DiscoveryClient-CacheRefreshExecutor-%d] com.netflix.discovery.DiscoveryClient    : Force full registry fetch : false
2025-12-18T00:57:38.267+05:30  INFO 18768 --- [customer-status-service] [DiscoveryClient-CacheRefreshExecutor-%d] com.netflix.discovery.DiscoveryClient    : Application is null : false
2025-12-18T00:57:38.267+05:30  INFO 18768 --- [customer-status-service] [DiscoveryClient-CacheRefreshExecutor-%d] com.netflix.discovery.DiscoveryClient    : Registered Applications size is zero : true
2025-12-18T00:57:38.267+05:30  INFO 18768 --- [customer-status-service] [DiscoveryClient-CacheRefreshExecutor-%d] com.netflix.discovery.DiscoveryClient    : Application version is -1: true
2025-12-18T00:57:38.267+05:30  INFO 18768 --- [customer-status-service] [DiscoveryClient-CacheRefreshExecutor-%d] com.netflix.discovery.DiscoveryClient    : Getting all instance registry info from the eureka server
2025-12-18T00:57:38.277+05:30 DEBUG 18768 --- [customer-status-service] [DiscoveryClient-CacheRefreshExecutor-%d] o.s.web.client.RestTemplate              : HTTP GET http://localhost:8761/eureka/apps/
2025-12-18T00:57:38.288+05:30 DEBUG 18768 --- [customer-status-service] [DiscoveryClient-CacheRefreshExecutor-%d] o.s.web.client.RestTemplate              : Accept=[application/json, application/*+json]
2025-12-18T00:57:38.304+05:30 DEBUG 18768 --- [customer-status-service] [DiscoveryClient-CacheRefreshExecutor-%d] o.s.web.client.RestTemplate              : Response 404 NOT_FOUND
2025-12-18T00:57:38.305+05:30  WARN 18768 --- [customer-status-service] [DiscoveryClient-CacheRefreshExecutor-%d] c.n.d.s.t.d.RetryableEurekaHttpClient    : Request execution failure with status code 404; retrying on another server if available
2025-12-18T00:57:38.305+05:30  INFO 18768 --- [customer-status-service] [DiscoveryClient-CacheRefreshExecutor-%d] com.netflix.discovery.DiscoveryClient    : DiscoveryClient_CUSTOMER-STATUS-SERVICE/host.docker.internal:customer-status-service:8090 - was unable to refresh its cache! This periodic background refresh will be retried in 30 seconds. status = Cannot execute request on any known server stacktrace = com.netflix.discovery.shared.transport.TransportException: Cannot execute request on any known server
	at com.netflix.discovery.shared.transport.decorator.RetryableEurekaHttpClient.execute(RetryableEurekaHttpClient.java:112)
	at com.netflix.discovery.shared.transport.decorator.EurekaHttpClientDecorator.getApplications(EurekaHttpClientDecorator.java:134)
	at com.netflix.discovery.shared.transport.decorator.EurekaHttpClientDecorator$6.execute(EurekaHttpClientDecorator.java:137)
	at com.netflix.discovery.shared.transport.decorator.SessionedEurekaHttpClient.execute(SessionedEurekaHttpClient.java:76)
	at com.netflix.discovery.shared.transport.decorator.EurekaHttpClientDecorator.getApplications(EurekaHttpClientDecorator.java:134)
	at com.netflix.discovery.DiscoveryClient.getAndStoreFullRegistry(DiscoveryClient.java:1046)
	at com.netflix.discovery.DiscoveryClient.fetchRegistry(DiscoveryClient.java:961)
	at com.netflix.discovery.DiscoveryClient.refreshRegistry(DiscoveryClient.java:1473)
	at com.netflix.discovery.DiscoveryClient$CacheRefreshThread.run(DiscoveryClient.java:1441)
	at java.base/java.util.concurrent.Executors$RunnableAdapter.call(Executors.java:572)
	at java.base/java.util.concurrent.FutureTask.run(FutureTask.java:317)
	at java.base/java.util.concurrent.ThreadPoolExecutor.runWorker(ThreadPoolExecutor.java:1144)
	at java.base/java.util.concurrent.ThreadPoolExecutor$Worker.run(ThreadPoolExecutor.java:642)
	at java.base/java.lang.Thread.run(Thread.java:1583)

2025-12-18T00:58:08.081+05:30  INFO 18768 --- [customer-status-service] [DiscoveryClient-InstanceInfoReplicator-%d] com.netflix.discovery.DiscoveryClient    : DiscoveryClient_CUSTOMER-STATUS-SERVICE/host.docker.internal:customer-status-service:8090: registering service...
2025-12-18T00:58:08.085+05:30 DEBUG 18768 --- [customer-status-service] [DiscoveryClient-InstanceInfoReplicator-%d] o.s.web.client.RestTemplate              : HTTP POST http://localhost:8761/eureka/apps/CUSTOMER-STATUS-SERVICE
2025-12-18T00:58:08.086+05:30 DEBUG 18768 --- [customer-status-service] [DiscoveryClient-InstanceInfoReplicator-%d] o.s.web.client.RestTemplate              : Accept=[application/json, application/*+json]
2025-12-18T00:58:08.086+05:30 DEBUG 18768 --- [customer-status-service] [DiscoveryClient-InstanceInfoReplicator-%d] o.s.web.client.RestTemplate              : Writing [InstanceInfo [instanceId = host.docker.internal:customer-status-service:8090, appName = CUSTOMER-STATUS-SERVICE, hostName = 127.0.0.1, status = UP, ipAddr = 127.0.0.1, port = 8090, securePort = 443, dataCenterInfo = com.netflix.appinfo.MyDataCenterInfo@1ef7e4c7] as "application/json"
2025-12-18T00:58:08.105+05:30 DEBUG 18768 --- [customer-status-service] [DiscoveryClient-InstanceInfoReplicator-%d] o.s.web.client.RestTemplate              : Response 404 NOT_FOUND
2025-12-18T00:58:08.105+05:30  INFO 18768 --- [customer-status-service] [DiscoveryClient-InstanceInfoReplicator-%d] com.netflix.discovery.DiscoveryClient    : DiscoveryClient_CUSTOMER-STATUS-SERVICE/host.docker.internal:customer-status-service:8090 - registration status: 404
2025-12-18T00:58:08.138+05:30 DEBUG 18768 --- [customer-status-service] [DiscoveryClient-HeartbeatExecutor-%d] o.s.web.client.RestTemplate              : HTTP PUT http://localhost:8761/eureka/apps/CUSTOMER-STATUS-SERVICE/host.docker.internal:customer-status-service:8090?status=UP&lastDirtyTimestamp=1765999658120
2025-12-18T00:58:08.138+05:30 DEBUG 18768 --- [customer-status-service] [DiscoveryClient-HeartbeatExecutor-%d] o.s.web.client.RestTemplate              : Accept=[application/json, application/*+json]
2025-12-18T00:58:08.153+05:30 DEBUG 18768 --- [customer-status-service] [DiscoveryClient-HeartbeatExecutor-%d] o.s.web.client.RestTemplate              : Response 404 NOT_FOUND
2025-12-18T00:58:08.153+05:30  INFO 18768 --- [customer-status-service] [DiscoveryClient-HeartbeatExecutor-%d] com.netflix.discovery.DiscoveryClient    : DiscoveryClient_CUSTOMER-STATUS-SERVICE/host.docker.internal:customer-status-service:8090 - Re-registering apps/CUSTOMER-STATUS-SERVICE
2025-12-18T00:58:08.157+05:30  INFO 18768 --- [customer-status-service] [DiscoveryClient-HeartbeatExecutor-%d] com.netflix.discovery.DiscoveryClient    : DiscoveryClient_CUSTOMER-STATUS-SERVICE/host.docker.internal:customer-status-service:8090: registering service...
2025-12-18T00:58:08.157+05:30 DEBUG 18768 --- [customer-status-service] [DiscoveryClient-HeartbeatExecutor-%d] o.s.web.client.RestTemplate              : HTTP POST http://localhost:8761/eureka/apps/CUSTOMER-STATUS-SERVICE
2025-12-18T00:58:08.159+05:30 DEBUG 18768 --- [customer-status-service] [DiscoveryClient-HeartbeatExecutor-%d] o.s.web.client.RestTemplate              : Accept=[application/json, application/*+json]
2025-12-18T00:58:08.159+05:30 DEBUG 18768 --- [customer-status-service] [DiscoveryClient-HeartbeatExecutor-%d] o.s.web.client.RestTemplate              : Writing [InstanceInfo [instanceId = host.docker.internal:customer-status-service:8090, appName = CUSTOMER-STATUS-SERVICE, hostName = 127.0.0.1, status = UP, ipAddr = 127.0.0.1, port = 8090, securePort = 443, dataCenterInfo = com.netflix.appinfo.MyDataCenterInfo@1ef7e4c7] as "application/json"
2025-12-18T00:58:08.173+05:30 DEBUG 18768 --- [customer-status-service] [DiscoveryClient-HeartbeatExecutor-%d] o.s.web.client.RestTemplate              : Response 404 NOT_FOUND
2025-12-18T00:58:08.173+05:30  INFO 18768 --- [customer-status-service] [DiscoveryClient-HeartbeatExecutor-%d] com.netflix.discovery.DiscoveryClient    : DiscoveryClient_CUSTOMER-STATUS-SERVICE/host.docker.internal:customer-status-service:8090 - registration status: 404
2025-12-18T00:58:08.318+05:30  INFO 18768 --- [customer-status-service] [DiscoveryClient-CacheRefreshExecutor-%d] com.netflix.discovery.DiscoveryClient    : Disable delta property : false
2025-12-18T00:58:08.319+05:30  INFO 18768 --- [customer-status-service] [DiscoveryClient-CacheRefreshExecutor-%d] com.netflix.discovery.DiscoveryClient    : Single vip registry refresh property : null
2025-12-18T00:58:08.319+05:30  INFO 18768 --- [customer-status-service] [DiscoveryClient-CacheRefreshExecutor-%d] com.netflix.discovery.DiscoveryClient    : Force full registry fetch : false
2025-12-18T00:58:08.319+05:30  INFO 18768 --- [customer-status-service] [DiscoveryClient-CacheRefreshExecutor-%d] com.netflix.discovery.DiscoveryClient    : Application is null : false
2025-12-18T00:58:08.319+05:30  INFO 18768 --- [customer-status-service] [DiscoveryClient-CacheRefreshExecutor-%d] com.netflix.discovery.DiscoveryClient    : Registered Applications size is zero : true
2025-12-18T00:58:08.319+05:30  INFO 18768 --- [customer-status-service] [DiscoveryClient-CacheRefreshExecutor-%d] com.netflix.discovery.DiscoveryClient    : Application version is -1: true
2025-12-18T00:58:08.319+05:30  INFO 18768 --- [customer-status-service] [DiscoveryClient-CacheRefreshExecutor-%d] com.netflix.discovery.DiscoveryClient    : Getting all instance registry info from the eureka server
2025-12-18T00:58:08.329+05:30 DEBUG 18768 --- [customer-status-service] [DiscoveryClient-CacheRefreshExecutor-%d] o.s.web.client.RestTemplate              : HTTP GET http://localhost:8761/eureka/apps/
2025-12-18T00:58:08.343+05:30 DEBUG 18768 --- [customer-status-service] [DiscoveryClient-CacheRefreshExecutor-%d] o.s.web.client.RestTemplate              : Accept=[application/json, application/*+json]
2025-12-18T00:58:08.360+05:30 DEBUG 18768 --- [customer-status-service] [DiscoveryClient-CacheRefreshExecutor-%d] o.s.web.client.RestTemplate              : Response 404 NOT_FOUND
2025-12-18T00:58:08.361+05:30  WARN 18768 --- [customer-status-service] [DiscoveryClient-CacheRefreshExecutor-%d] c.n.d.s.t.d.RetryableEurekaHttpClient    : Request execution failure with status code 404; retrying on another server if available
2025-12-18T00:58:08.361+05:30  INFO 18768 --- [customer-status-service] [DiscoveryClient-CacheRefreshExecutor-%d] com.netflix.discovery.DiscoveryClient    : DiscoveryClient_CUSTOMER-STATUS-SERVICE/host.docker.internal:customer-status-service:8090 - was unable to refresh its cache! This periodic background refresh will be retried in 30 seconds. status = Cannot execute request on any known server stacktrace = com.netflix.discovery.shared.transport.TransportException: Cannot execute request on any known server
	at com.netflix.discovery.shared.transport.decorator.RetryableEurekaHttpClient.execute(RetryableEurekaHttpClient.java:112)
	at com.netflix.discovery.shared.transport.decorator.EurekaHttpClientDecorator.getApplications(EurekaHttpClientDecorator.java:134)
	at com.netflix.discovery.shared.transport.decorator.EurekaHttpClientDecorator$6.execute(EurekaHttpClientDecorator.java:137)
	at com.netflix.discovery.shared.transport.decorator.SessionedEurekaHttpClient.execute(SessionedEurekaHttpClient.java:76)
	at com.netflix.discovery.shared.transport.decorator.EurekaHttpClientDecorator.getApplications(EurekaHttpClientDecorator.java:134)
	at com.netflix.discovery.DiscoveryClient.getAndStoreFullRegistry(DiscoveryClient.java:1046)
	at com.netflix.discovery.DiscoveryClient.fetchRegistry(DiscoveryClient.java:961)
	at com.netflix.discovery.DiscoveryClient.refreshRegistry(DiscoveryClient.java:1473)
	at com.netflix.discovery.DiscoveryClient$CacheRefreshThread.run(DiscoveryClient.java:1441)
	at java.base/java.util.concurrent.Executors$RunnableAdapter.call(Executors.java:572)
	at java.base/java.util.concurrent.FutureTask.run(FutureTask.java:317)
	at java.base/java.util.concurrent.ThreadPoolExecutor.runWorker(ThreadPoolExecutor.java:1144)
	at java.base/java.util.concurrent.ThreadPoolExecutor$Worker.run(ThreadPoolExecutor.java:642)
	at java.base/java.lang.Thread.run(Thread.java:1583)

2025-12-18T00:58:38.117+05:30  INFO 18768 --- [customer-status-service] [DiscoveryClient-InstanceInfoReplicator-%d] com.netflix.discovery.DiscoveryClient    : DiscoveryClient_CUSTOMER-STATUS-SERVICE/host.docker.internal:customer-status-service:8090: registering service...
2025-12-18T00:58:38.119+05:30 DEBUG 18768 --- [customer-status-service] [DiscoveryClient-InstanceInfoReplicator-%d] o.s.web.client.RestTemplate              : HTTP POST http://localhost:8761/eureka/apps/CUSTOMER-STATUS-SERVICE
2025-12-18T00:58:38.120+05:30 DEBUG 18768 --- [customer-status-service] [DiscoveryClient-InstanceInfoReplicator-%d] o.s.web.client.RestTemplate              : Accept=[application/json, application/*+json]
2025-12-18T00:58:38.120+05:30 DEBUG 18768 --- [customer-status-service] [DiscoveryClient-InstanceInfoReplicator-%d] o.s.web.client.RestTemplate              : Writing [InstanceInfo [instanceId = host.docker.internal:customer-status-service:8090, appName = CUSTOMER-STATUS-SERVICE, hostName = 127.0.0.1, status = UP, ipAddr = 127.0.0.1, port = 8090, securePort = 443, dataCenterInfo = com.netflix.appinfo.MyDataCenterInfo@1ef7e4c7] as "application/json"
2025-12-18T00:58:38.139+05:30 DEBUG 18768 --- [customer-status-service] [DiscoveryClient-InstanceInfoReplicator-%d] o.s.web.client.RestTemplate              : Response 404 NOT_FOUND
2025-12-18T00:58:38.140+05:30  INFO 18768 --- [customer-status-service] [DiscoveryClient-InstanceInfoReplicator-%d] com.netflix.discovery.DiscoveryClient    : DiscoveryClient_CUSTOMER-STATUS-SERVICE/host.docker.internal:customer-status-service:8090 - registration status: 404
2025-12-18T00:58:38.181+05:30 DEBUG 18768 --- [customer-status-service] [DiscoveryClient-HeartbeatExecutor-%d] o.s.web.client.RestTemplate              : HTTP PUT http://localhost:8761/eureka/apps/CUSTOMER-STATUS-SERVICE/host.docker.internal:customer-status-service:8090?status=UP&lastDirtyTimestamp=1765999688157
2025-12-18T00:58:38.182+05:30 DEBUG 18768 --- [customer-status-service] [DiscoveryClient-HeartbeatExecutor-%d] o.s.web.client.RestTemplate              : Accept=[application/json, application/*+json]
2025-12-18T00:58:38.190+05:30 DEBUG 18768 --- [customer-status-service] [DiscoveryClient-HeartbeatExecutor-%d] o.s.web.client.RestTemplate              : Response 404 NOT_FOUND
2025-12-18T00:58:38.191+05:30  INFO 18768 --- [customer-status-service] [DiscoveryClient-HeartbeatExecutor-%d] com.netflix.discovery.DiscoveryClient    : DiscoveryClient_CUSTOMER-STATUS-SERVICE/host.docker.internal:customer-status-service:8090 - Re-registering apps/CUSTOMER-STATUS-SERVICE
2025-12-18T00:58:38.191+05:30  INFO 18768 --- [customer-status-service] [DiscoveryClient-HeartbeatExecutor-%d] com.netflix.discovery.DiscoveryClient    : DiscoveryClient_CUSTOMER-STATUS-SERVICE/host.docker.internal:customer-status-service:8090: registering service...
2025-12-18T00:58:38.192+05:30 DEBUG 18768 --- [customer-status-service] [DiscoveryClient-HeartbeatExecutor-%d] o.s.web.client.RestTemplate              : HTTP POST http://localhost:8761/eureka/apps/CUSTOMER-STATUS-SERVICE
2025-12-18T00:58:38.194+05:30 DEBUG 18768 --- [customer-status-service] [DiscoveryClient-HeartbeatExecutor-%d] o.s.web.client.RestTemplate              : Accept=[application/json, application/*+json]
2025-12-18T00:58:38.194+05:30 DEBUG 18768 --- [customer-status-service] [DiscoveryClient-HeartbeatExecutor-%d] o.s.web.client.RestTemplate              : Writing [InstanceInfo [instanceId = host.docker.internal:customer-status-service:8090, appName = CUSTOMER-STATUS-SERVICE, hostName = 127.0.0.1, status = UP, ipAddr = 127.0.0.1, port = 8090, securePort = 443, dataCenterInfo = com.netflix.appinfo.MyDataCenterInfo@1ef7e4c7] as "application/json"
2025-12-18T00:58:38.203+05:30 DEBUG 18768 --- [customer-status-service] [DiscoveryClient-HeartbeatExecutor-%d] o.s.web.client.RestTemplate              : Response 404 NOT_FOUND
2025-12-18T00:58:38.203+05:30  INFO 18768 --- [customer-status-service] [DiscoveryClient-HeartbeatExecutor-%d] com.netflix.discovery.DiscoveryClient    : DiscoveryClient_CUSTOMER-STATUS-SERVICE/host.docker.internal:customer-status-service:8090 - registration status: 404
2025-12-18T00:58:38.369+05:30  INFO 18768 --- [customer-status-service] [DiscoveryClient-CacheRefreshExecutor-%d] com.netflix.discovery.DiscoveryClient    : Disable delta property : false
2025-12-18T00:58:38.369+05:30  INFO 18768 --- [customer-status-service] [DiscoveryClient-CacheRefreshExecutor-%d] com.netflix.discovery.DiscoveryClient    : Single vip registry refresh property : null
2025-12-18T00:58:38.369+05:30  INFO 18768 --- [customer-status-service] [DiscoveryClient-CacheRefreshExecutor-%d] com.netflix.discovery.DiscoveryClient    : Force full registry fetch : false
2025-12-18T00:58:38.369+05:30  INFO 18768 --- [customer-status-service] [DiscoveryClient-CacheRefreshExecutor-%d] com.netflix.discovery.DiscoveryClient    : Application is null : false
2025-12-18T00:58:38.369+05:30  INFO 18768 --- [customer-status-service] [DiscoveryClient-CacheRefreshExecutor-%d] com.netflix.discovery.DiscoveryClient    : Registered Applications size is zero : true
2025-12-18T00:58:38.369+05:30  INFO 18768 --- [customer-status-service] [DiscoveryClient-CacheRefreshExecutor-%d] com.netflix.discovery.DiscoveryClient    : Application version is -1: true
2025-12-18T00:58:38.369+05:30  INFO 18768 --- [customer-status-service] [DiscoveryClient-CacheRefreshExecutor-%d] com.netflix.discovery.DiscoveryClient    : Getting all instance registry info from the eureka server
2025-12-18T00:58:38.379+05:30 DEBUG 18768 --- [customer-status-service] [DiscoveryClient-CacheRefreshExecutor-%d] o.s.web.client.RestTemplate              : HTTP GET http://localhost:8761/eureka/apps/
2025-12-18T00:58:38.388+05:30 DEBUG 18768 --- [customer-status-service] [DiscoveryClient-CacheRefreshExecutor-%d] o.s.web.client.RestTemplate              : Accept=[application/json, application/*+json]
2025-12-18T00:58:38.399+05:30 DEBUG 18768 --- [customer-status-service] [DiscoveryClient-CacheRefreshExecutor-%d] o.s.web.client.RestTemplate              : Response 404 NOT_FOUND
2025-12-18T00:58:38.401+05:30  WARN 18768 --- [customer-status-service] [DiscoveryClient-CacheRefreshExecutor-%d] c.n.d.s.t.d.RetryableEurekaHttpClient    : Request execution failure with status code 404; retrying on another server if available
2025-12-18T00:58:38.402+05:30  INFO 18768 --- [customer-status-service] [DiscoveryClient-CacheRefreshExecutor-%d] com.netflix.discovery.DiscoveryClient    : DiscoveryClient_CUSTOMER-STATUS-SERVICE/host.docker.internal:customer-status-service:8090 - was unable to refresh its cache! This periodic background refresh will be retried in 30 seconds. status = Cannot execute request on any known server stacktrace = com.netflix.discovery.shared.transport.TransportException: Cannot execute request on any known server
	at com.netflix.discovery.shared.transport.decorator.RetryableEurekaHttpClient.execute(RetryableEurekaHttpClient.java:112)
	at com.netflix.discovery.shared.transport.decorator.EurekaHttpClientDecorator.getApplications(EurekaHttpClientDecorator.java:134)
	at com.netflix.discovery.shared.transport.decorator.EurekaHttpClientDecorator$6.execute(EurekaHttpClientDecorator.java:137)
	at com.netflix.discovery.shared.transport.decorator.SessionedEurekaHttpClient.execute(SessionedEurekaHttpClient.java:76)
	at com.netflix.discovery.shared.transport.decorator.EurekaHttpClientDecorator.getApplications(EurekaHttpClientDecorator.java:134)
	at com.netflix.discovery.DiscoveryClient.getAndStoreFullRegistry(DiscoveryClient.java:1046)
	at com.netflix.discovery.DiscoveryClient.fetchRegistry(DiscoveryClient.java:961)
	at com.netflix.discovery.DiscoveryClient.refreshRegistry(DiscoveryClient.java:1473)
	at com.netflix.discovery.DiscoveryClient$CacheRefreshThread.run(DiscoveryClient.java:1441)
	at java.base/java.util.concurrent.Executors$RunnableAdapter.call(Executors.java:572)
	at java.base/java.util.concurrent.FutureTask.run(FutureTask.java:317)
	at java.base/java.util.concurrent.ThreadPoolExecutor.runWorker(ThreadPoolExecutor.java:1144)
	at java.base/java.util.concurrent.ThreadPoolExecutor$Worker.run(ThreadPoolExecutor.java:642)
	at java.base/java.lang.Thread.run(Thread.java:1583)

2025-12-18T00:59:08.144+05:30  INFO 18768 --- [customer-status-service] [DiscoveryClient-InstanceInfoReplicator-%d] com.netflix.discovery.DiscoveryClient    : DiscoveryClient_CUSTOMER-STATUS-SERVICE/host.docker.internal:customer-status-service:8090: registering service...
2025-12-18T00:59:08.144+05:30 DEBUG 18768 --- [customer-status-service] [DiscoveryClient-InstanceInfoReplicator-%d] o.s.web.client.RestTemplate              : HTTP POST http://localhost:8761/eureka/apps/CUSTOMER-STATUS-SERVICE
2025-12-18T00:59:08.144+05:30 DEBUG 18768 --- [customer-status-service] [DiscoveryClient-InstanceInfoReplicator-%d] o.s.web.client.RestTemplate              : Accept=[application/json, application/*+json]
2025-12-18T00:59:08.144+05:30 DEBUG 18768 --- [customer-status-service] [DiscoveryClient-InstanceInfoReplicator-%d] o.s.web.client.RestTemplate              : Writing [InstanceInfo [instanceId = host.docker.internal:customer-status-service:8090, appName = CUSTOMER-STATUS-SERVICE, hostName = 127.0.0.1, status = UP, ipAddr = 127.0.0.1, port = 8090, securePort = 443, dataCenterInfo = com.netflix.appinfo.MyDataCenterInfo@1ef7e4c7] as "application/json"
2025-12-18T00:59:08.162+05:30 DEBUG 18768 --- [customer-status-service] [DiscoveryClient-InstanceInfoReplicator-%d] o.s.web.client.RestTemplate              : Response 404 NOT_FOUND
2025-12-18T00:59:08.162+05:30  INFO 18768 --- [customer-status-service] [DiscoveryClient-InstanceInfoReplicator-%d] com.netflix.discovery.DiscoveryClient    : DiscoveryClient_CUSTOMER-STATUS-SERVICE/host.docker.internal:customer-status-service:8090 - registration status: 404
2025-12-18T00:59:08.212+05:30 DEBUG 18768 --- [customer-status-service] [DiscoveryClient-HeartbeatExecutor-%d] o.s.web.client.RestTemplate              : HTTP PUT http://localhost:8761/eureka/apps/CUSTOMER-STATUS-SERVICE/host.docker.internal:customer-status-service:8090?status=UP&lastDirtyTimestamp=1765999718191
2025-12-18T00:59:08.212+05:30 DEBUG 18768 --- [customer-status-service] [DiscoveryClient-HeartbeatExecutor-%d] o.s.web.client.RestTemplate              : Accept=[application/json, application/*+json]
2025-12-18T00:59:08.226+05:30 DEBUG 18768 --- [customer-status-service] [DiscoveryClient-HeartbeatExecutor-%d] o.s.web.client.RestTemplate              : Response 404 NOT_FOUND
2025-12-18T00:59:08.226+05:30  INFO 18768 --- [customer-status-service] [DiscoveryClient-HeartbeatExecutor-%d] com.netflix.discovery.DiscoveryClient    : DiscoveryClient_CUSTOMER-STATUS-SERVICE/host.docker.internal:customer-status-service:8090 - Re-registering apps/CUSTOMER-STATUS-SERVICE
2025-12-18T00:59:08.226+05:30  INFO 18768 --- [customer-status-service] [DiscoveryClient-HeartbeatExecutor-%d] com.netflix.discovery.DiscoveryClient    : DiscoveryClient_CUSTOMER-STATUS-SERVICE/host.docker.internal:customer-status-service:8090: registering service...
2025-12-18T00:59:08.226+05:30 DEBUG 18768 --- [customer-status-service] [DiscoveryClient-HeartbeatExecutor-%d] o.s.web.client.RestTemplate              : HTTP POST http://localhost:8761/eureka/apps/CUSTOMER-STATUS-SERVICE
2025-12-18T00:59:08.229+05:30 DEBUG 18768 --- [customer-status-service] [DiscoveryClient-HeartbeatExecutor-%d] o.s.web.client.RestTemplate              : Accept=[application/json, application/*+json]
2025-12-18T00:59:08.229+05:30 DEBUG 18768 --- [customer-status-service] [DiscoveryClient-HeartbeatExecutor-%d] o.s.web.client.RestTemplate              : Writing [InstanceInfo [instanceId = host.docker.internal:customer-status-service:8090, appName = CUSTOMER-STATUS-SERVICE, hostName = 127.0.0.1, status = UP, ipAddr = 127.0.0.1, port = 8090, securePort = 443, dataCenterInfo = com.netflix.appinfo.MyDataCenterInfo@1ef7e4c7] as "application/json"
2025-12-18T00:59:08.240+05:30 DEBUG 18768 --- [customer-status-service] [DiscoveryClient-HeartbeatExecutor-%d] o.s.web.client.RestTemplate              : Response 404 NOT_FOUND
2025-12-18T00:59:08.240+05:30  INFO 18768 --- [customer-status-service] [DiscoveryClient-HeartbeatExecutor-%d] com.netflix.discovery.DiscoveryClient    : DiscoveryClient_CUSTOMER-STATUS-SERVICE/host.docker.internal:customer-status-service:8090 - registration status: 404
2025-12-18T00:59:08.412+05:30  INFO 18768 --- [customer-status-service] [DiscoveryClient-CacheRefreshExecutor-%d] com.netflix.discovery.DiscoveryClient    : Disable delta property : false
2025-12-18T00:59:08.412+05:30  INFO 18768 --- [customer-status-service] [DiscoveryClient-CacheRefreshExecutor-%d] com.netflix.discovery.DiscoveryClient    : Single vip registry refresh property : null
2025-12-18T00:59:08.417+05:30  INFO 18768 --- [customer-status-service] [DiscoveryClient-CacheRefreshExecutor-%d] com.netflix.discovery.DiscoveryClient    : Force full registry fetch : false
2025-12-18T00:59:08.417+05:30  INFO 18768 --- [customer-status-service] [DiscoveryClient-CacheRefreshExecutor-%d] com.netflix.discovery.DiscoveryClient    : Application is null : false
2025-12-18T00:59:08.417+05:30  INFO 18768 --- [customer-status-service] [DiscoveryClient-CacheRefreshExecutor-%d] com.netflix.discovery.DiscoveryClient    : Registered Applications size is zero : true
2025-12-18T00:59:08.417+05:30  INFO 18768 --- [customer-status-service] [DiscoveryClient-CacheRefreshExecutor-%d] com.netflix.discovery.DiscoveryClient    : Application version is -1: true
2025-12-18T00:59:08.417+05:30  INFO 18768 --- [customer-status-service] [DiscoveryClient-CacheRefreshExecutor-%d] com.netflix.discovery.DiscoveryClient    : Getting all instance registry info from the eureka server
2025-12-18T00:59:08.428+05:30 DEBUG 18768 --- [customer-status-service] [DiscoveryClient-CacheRefreshExecutor-%d] o.s.web.client.RestTemplate              : HTTP GET http://localhost:8761/eureka/apps/
2025-12-18T00:59:08.444+05:30 DEBUG 18768 --- [customer-status-service] [DiscoveryClient-CacheRefreshExecutor-%d] o.s.web.client.RestTemplate              : Accept=[application/json, application/*+json]
2025-12-18T00:59:08.455+05:30 DEBUG 18768 --- [customer-status-service] [DiscoveryClient-CacheRefreshExecutor-%d] o.s.web.client.RestTemplate              : Response 404 NOT_FOUND
2025-12-18T00:59:08.455+05:30  WARN 18768 --- [customer-status-service] [DiscoveryClient-CacheRefreshExecutor-%d] c.n.d.s.t.d.RetryableEurekaHttpClient    : Request execution failure with status code 404; retrying on another server if available
2025-12-18T00:59:08.455+05:30  INFO 18768 --- [customer-status-service] [DiscoveryClient-CacheRefreshExecutor-%d] com.netflix.discovery.DiscoveryClient    : DiscoveryClient_CUSTOMER-STATUS-SERVICE/host.docker.internal:customer-status-service:8090 - was unable to refresh its cache! This periodic background refresh will be retried in 30 seconds. status = Cannot execute request on any known server stacktrace = com.netflix.discovery.shared.transport.TransportException: Cannot execute request on any known server
	at com.netflix.discovery.shared.transport.decorator.RetryableEurekaHttpClient.execute(RetryableEurekaHttpClient.java:112)
	at com.netflix.discovery.shared.transport.decorator.EurekaHttpClientDecorator.getApplications(EurekaHttpClientDecorator.java:134)
	at com.netflix.discovery.shared.transport.decorator.EurekaHttpClientDecorator$6.execute(EurekaHttpClientDecorator.java:137)
	at com.netflix.discovery.shared.transport.decorator.SessionedEurekaHttpClient.execute(SessionedEurekaHttpClient.java:76)
	at com.netflix.discovery.shared.transport.decorator.EurekaHttpClientDecorator.getApplications(EurekaHttpClientDecorator.java:134)
	at com.netflix.discovery.DiscoveryClient.getAndStoreFullRegistry(DiscoveryClient.java:1046)
	at com.netflix.discovery.DiscoveryClient.fetchRegistry(DiscoveryClient.java:961)
	at com.netflix.discovery.DiscoveryClient.refreshRegistry(DiscoveryClient.java:1473)
	at com.netflix.discovery.DiscoveryClient$CacheRefreshThread.run(DiscoveryClient.java:1441)
	at java.base/java.util.concurrent.Executors$RunnableAdapter.call(Executors.java:572)
	at java.base/java.util.concurrent.FutureTask.run(FutureTask.java:317)
	at java.base/java.util.concurrent.ThreadPoolExecutor.runWorker(ThreadPoolExecutor.java:1144)
	at java.base/java.util.concurrent.ThreadPoolExecutor$Worker.run(ThreadPoolExecutor.java:642)
	at java.base/java.lang.Thread.run(Thread.java:1583)

2025-12-18T00:59:38.173+05:30  INFO 18768 --- [customer-status-service] [DiscoveryClient-InstanceInfoReplicator-%d] com.netflix.discovery.DiscoveryClient    : DiscoveryClient_CUSTOMER-STATUS-SERVICE/host.docker.internal:customer-status-service:8090: registering service...
2025-12-18T00:59:38.175+05:30 DEBUG 18768 --- [customer-status-service] [DiscoveryClient-InstanceInfoReplicator-%d] o.s.web.client.RestTemplate              : HTTP POST http://localhost:8761/eureka/apps/CUSTOMER-STATUS-SERVICE
2025-12-18T00:59:38.176+05:30 DEBUG 18768 --- [customer-status-service] [DiscoveryClient-InstanceInfoReplicator-%d] o.s.web.client.RestTemplate              : Accept=[application/json, application/*+json]
2025-12-18T00:59:38.177+05:30 DEBUG 18768 --- [customer-status-service] [DiscoveryClient-InstanceInfoReplicator-%d] o.s.web.client.RestTemplate              : Writing [InstanceInfo [instanceId = host.docker.internal:customer-status-service:8090, appName = CUSTOMER-STATUS-SERVICE, hostName = 127.0.0.1, status = UP, ipAddr = 127.0.0.1, port = 8090, securePort = 443, dataCenterInfo = com.netflix.appinfo.MyDataCenterInfo@1ef7e4c7] as "application/json"
2025-12-18T00:59:38.203+05:30 DEBUG 18768 --- [customer-status-service] [DiscoveryClient-InstanceInfoReplicator-%d] o.s.web.client.RestTemplate              : Response 404 NOT_FOUND
2025-12-18T00:59:38.204+05:30  INFO 18768 --- [customer-status-service] [DiscoveryClient-InstanceInfoReplicator-%d] com.netflix.discovery.DiscoveryClient    : DiscoveryClient_CUSTOMER-STATUS-SERVICE/host.docker.internal:customer-status-service:8090 - registration status: 404
2025-12-18T00:59:38.254+05:30 DEBUG 18768 --- [customer-status-service] [DiscoveryClient-HeartbeatExecutor-%d] o.s.web.client.RestTemplate              : HTTP PUT http://localhost:8761/eureka/apps/CUSTOMER-STATUS-SERVICE/host.docker.internal:customer-status-service:8090?status=UP&lastDirtyTimestamp=1765999748226
2025-12-18T00:59:38.256+05:30 DEBUG 18768 --- [customer-status-service] [DiscoveryClient-HeartbeatExecutor-%d] o.s.web.client.RestTemplate              : Accept=[application/json, application/*+json]
2025-12-18T00:59:38.277+05:30 DEBUG 18768 --- [customer-status-service] [DiscoveryClient-HeartbeatExecutor-%d] o.s.web.client.RestTemplate              : Response 404 NOT_FOUND
2025-12-18T00:59:38.278+05:30  INFO 18768 --- [customer-status-service] [DiscoveryClient-HeartbeatExecutor-%d] com.netflix.discovery.DiscoveryClient    : DiscoveryClient_CUSTOMER-STATUS-SERVICE/host.docker.internal:customer-status-service:8090 - Re-registering apps/CUSTOMER-STATUS-SERVICE
2025-12-18T00:59:38.278+05:30  INFO 18768 --- [customer-status-service] [DiscoveryClient-HeartbeatExecutor-%d] com.netflix.discovery.DiscoveryClient    : DiscoveryClient_CUSTOMER-STATUS-SERVICE/host.docker.internal:customer-status-service:8090: registering service...
2025-12-18T00:59:38.278+05:30 DEBUG 18768 --- [customer-status-service] [DiscoveryClient-HeartbeatExecutor-%d] o.s.web.client.RestTemplate              : HTTP POST http://localhost:8761/eureka/apps/CUSTOMER-STATUS-SERVICE
2025-12-18T00:59:38.279+05:30 DEBUG 18768 --- [customer-status-service] [DiscoveryClient-HeartbeatExecutor-%d] o.s.web.client.RestTemplate              : Accept=[application/json, application/*+json]
2025-12-18T00:59:38.279+05:30 DEBUG 18768 --- [customer-status-service] [DiscoveryClient-HeartbeatExecutor-%d] o.s.web.client.RestTemplate              : Writing [InstanceInfo [instanceId = host.docker.internal:customer-status-service:8090, appName = CUSTOMER-STATUS-SERVICE, hostName = 127.0.0.1, status = UP, ipAddr = 127.0.0.1, port = 8090, securePort = 443, dataCenterInfo = com.netflix.appinfo.MyDataCenterInfo@1ef7e4c7] as "application/json"
2025-12-18T00:59:38.289+05:30 DEBUG 18768 --- [customer-status-service] [DiscoveryClient-HeartbeatExecutor-%d] o.s.web.client.RestTemplate              : Response 404 NOT_FOUND
2025-12-18T00:59:38.289+05:30  INFO 18768 --- [customer-status-service] [DiscoveryClient-HeartbeatExecutor-%d] com.netflix.discovery.DiscoveryClient    : DiscoveryClient_CUSTOMER-STATUS-SERVICE/host.docker.internal:customer-status-service:8090 - registration status: 404
2025-12-18T00:59:38.471+05:30  INFO 18768 --- [customer-status-service] [DiscoveryClient-CacheRefreshExecutor-%d] com.netflix.discovery.DiscoveryClient    : Disable delta property : false
2025-12-18T00:59:38.472+05:30  INFO 18768 --- [customer-status-service] [DiscoveryClient-CacheRefreshExecutor-%d] com.netflix.discovery.DiscoveryClient    : Single vip registry refresh property : null
2025-12-18T00:59:38.472+05:30  INFO 18768 --- [customer-status-service] [DiscoveryClient-CacheRefreshExecutor-%d] com.netflix.discovery.DiscoveryClient    : Force full registry fetch : false
2025-12-18T00:59:38.472+05:30  INFO 18768 --- [customer-status-service] [DiscoveryClient-CacheRefreshExecutor-%d] com.netflix.discovery.DiscoveryClient    : Application is null : false
2025-12-18T00:59:38.472+05:30  INFO 18768 --- [customer-status-service] [DiscoveryClient-CacheRefreshExecutor-%d] com.netflix.discovery.DiscoveryClient    : Registered Applications size is zero : true
2025-12-18T00:59:38.472+05:30  INFO 18768 --- [customer-status-service] [DiscoveryClient-CacheRefreshExecutor-%d] com.netflix.discovery.DiscoveryClient    : Application version is -1: true
2025-12-18T00:59:38.472+05:30  INFO 18768 --- [customer-status-service] [DiscoveryClient-CacheRefreshExecutor-%d] com.netflix.discovery.DiscoveryClient    : Getting all instance registry info from the eureka server
2025-12-18T00:59:38.479+05:30 DEBUG 18768 --- [customer-status-service] [DiscoveryClient-CacheRefreshExecutor-%d] o.s.web.client.RestTemplate              : HTTP GET http://localhost:8761/eureka/apps/
2025-12-18T00:59:38.488+05:30 DEBUG 18768 --- [customer-status-service] [DiscoveryClient-CacheRefreshExecutor-%d] o.s.web.client.RestTemplate              : Accept=[application/json, application/*+json]
2025-12-18T00:59:38.506+05:30 DEBUG 18768 --- [customer-status-service] [DiscoveryClient-CacheRefreshExecutor-%d] o.s.web.client.RestTemplate              : Response 404 NOT_FOUND
2025-12-18T00:59:38.507+05:30  WARN 18768 --- [customer-status-service] [DiscoveryClient-CacheRefreshExecutor-%d] c.n.d.s.t.d.RetryableEurekaHttpClient    : Request execution failure with status code 404; retrying on another server if available
2025-12-18T00:59:38.509+05:30  INFO 18768 --- [customer-status-service] [DiscoveryClient-CacheRefreshExecutor-%d] com.netflix.discovery.DiscoveryClient    : DiscoveryClient_CUSTOMER-STATUS-SERVICE/host.docker.internal:customer-status-service:8090 - was unable to refresh its cache! This periodic background refresh will be retried in 30 seconds. status = Cannot execute request on any known server stacktrace = com.netflix.discovery.shared.transport.TransportException: Cannot execute request on any known server
	at com.netflix.discovery.shared.transport.decorator.RetryableEurekaHttpClient.execute(RetryableEurekaHttpClient.java:112)
	at com.netflix.discovery.shared.transport.decorator.EurekaHttpClientDecorator.getApplications(EurekaHttpClientDecorator.java:134)
	at com.netflix.discovery.shared.transport.decorator.EurekaHttpClientDecorator$6.execute(EurekaHttpClientDecorator.java:137)
	at com.netflix.discovery.shared.transport.decorator.SessionedEurekaHttpClient.execute(SessionedEurekaHttpClient.java:76)
	at com.netflix.discovery.shared.transport.decorator.EurekaHttpClientDecorator.getApplications(EurekaHttpClientDecorator.java:134)
	at com.netflix.discovery.DiscoveryClient.getAndStoreFullRegistry(DiscoveryClient.java:1046)
	at com.netflix.discovery.DiscoveryClient.fetchRegistry(DiscoveryClient.java:961)
	at com.netflix.discovery.DiscoveryClient.refreshRegistry(DiscoveryClient.java:1473)
	at com.netflix.discovery.DiscoveryClient$CacheRefreshThread.run(DiscoveryClient.java:1441)
	at java.base/java.util.concurrent.Executors$RunnableAdapter.call(Executors.java:572)
	at java.base/java.util.concurrent.FutureTask.run(FutureTask.java:317)
	at java.base/java.util.concurrent.ThreadPoolExecutor.runWorker(ThreadPoolExecutor.java:1144)
	at java.base/java.util.concurrent.ThreadPoolExecutor$Worker.run(ThreadPoolExecutor.java:642)
	at java.base/java.lang.Thread.run(Thread.java:1583)

