2026-02-10T22:02:39.028+05:30  INFO 28868 --- [api-gateway] [main] c.example.gateway.ApiGatewayApplication  : Starting ApiGatewayApplication using Java 21.0.9 with PID 28868 (C:\Sridhar\Projects\api-gateway\target\classes started by sridhar killampalli in C:\Sridhar\Projects\api-gateway)
2026-02-10T22:02:39.048+05:30  INFO 28868 --- [api-gateway] [main] c.example.gateway.ApiGatewayApplication  : No active profile set, falling back to 1 default profile: "default"
2026-02-10T22:02:40.934+05:30 TRACE 28868 --- [api-gateway] [main] o.s.c.g.c.c.OnEnabledGlobalFilter        : Condition OnEnabledGlobalFilter on org.springframework.cloud.gateway.config.GatewayReactiveLoadBalancerClientAutoConfiguration#gatewayLoadBalancerClientFilter matched
2026-02-10T22:02:40.941+05:30 TRACE 28868 --- [api-gateway] [main] o.s.c.g.c.c.OnEnabledGlobalFilter        : Condition OnEnabledGlobalFilter on org.springframework.cloud.gateway.config.GatewayReactiveLoadBalancerClientAutoConfiguration#loadBalancerServiceInstanceCookieFilter matched
2026-02-10T22:02:40.953+05:30 TRACE 28868 --- [api-gateway] [main] Configuration$OnVerboseDisabledCondition : Condition GatewayAutoConfiguration.OnVerboseDisabledCondition on org.springframework.cloud.gateway.config.GatewayAutoConfiguration$GatewayActuatorConfiguration#gatewayLegacyControllerEndpoint did not match due to NoneNestedConditions 1 matched 0 did not; NestedCondition on GatewayAutoConfiguration.OnVerboseDisabledCondition.VerboseDisabled @ConditionalOnProperty (spring.cloud.gateway.actuator.verbose.enabled) matched
2026-02-10T22:02:40.981+05:30 TRACE 28868 --- [api-gateway] [main] o.s.c.g.c.c.OnEnabledGlobalFilter        : Condition OnEnabledGlobalFilter on org.springframework.cloud.gateway.config.GatewayAutoConfiguration$NettyConfiguration#routingFilter matched
2026-02-10T22:02:40.983+05:30 TRACE 28868 --- [api-gateway] [main] o.s.c.g.c.c.OnEnabledGlobalFilter        : Condition OnEnabledGlobalFilter on org.springframework.cloud.gateway.config.GatewayAutoConfiguration$NettyConfiguration#nettyWriteResponseFilter matched
2026-02-10T22:02:40.986+05:30 TRACE 28868 --- [api-gateway] [main] o.s.c.g.c.c.OnEnabledGlobalFilter        : Condition OnEnabledGlobalFilter on org.springframework.cloud.gateway.config.GatewayAutoConfiguration$NettyConfiguration#reactorNettyWebSocketClient matched
2026-02-10T22:02:40.987+05:30 TRACE 28868 --- [api-gateway] [main] o.s.c.g.c.c.OnEnabledGlobalFilter        : Condition OnEnabledGlobalFilter on org.springframework.cloud.gateway.config.GatewayAutoConfiguration$NettyConfiguration#reactorNettyRequestUpgradeStrategy matched
2026-02-10T22:02:41.065+05:30 TRACE 28868 --- [api-gateway] [main] o.s.c.g.c.c.OnEnabledGlobalFilter        : Condition OnEnabledGlobalFilter on org.springframework.cloud.gateway.config.GatewayAutoConfiguration#adaptCachedBodyGlobalFilter matched
2026-02-10T22:02:41.067+05:30 TRACE 28868 --- [api-gateway] [main] o.s.c.g.c.c.OnEnabledGlobalFilter        : Condition OnEnabledGlobalFilter on org.springframework.cloud.gateway.config.GatewayAutoConfiguration#removeCachedBodyFilter matched
2026-02-10T22:02:41.068+05:30 TRACE 28868 --- [api-gateway] [main] o.s.c.g.c.c.OnEnabledGlobalFilter        : Condition OnEnabledGlobalFilter on org.springframework.cloud.gateway.config.GatewayAutoConfiguration#routeToRequestUrlFilter matched
2026-02-10T22:02:41.068+05:30 TRACE 28868 --- [api-gateway] [main] o.s.c.g.c.c.OnEnabledGlobalFilter        : Condition OnEnabledGlobalFilter on org.springframework.cloud.gateway.config.GatewayAutoConfiguration#forwardRoutingFilter matched
2026-02-10T22:02:41.069+05:30 TRACE 28868 --- [api-gateway] [main] o.s.c.g.c.c.OnEnabledGlobalFilter        : Condition OnEnabledGlobalFilter on org.springframework.cloud.gateway.config.GatewayAutoConfiguration#forwardPathFilter matched
2026-02-10T22:02:41.069+05:30 TRACE 28868 --- [api-gateway] [main] o.s.c.g.c.c.OnEnabledGlobalFilter        : Condition OnEnabledGlobalFilter on org.springframework.cloud.gateway.config.GatewayAutoConfiguration#webSocketService matched
2026-02-10T22:02:41.070+05:30 TRACE 28868 --- [api-gateway] [main] o.s.c.g.c.c.OnEnabledGlobalFilter        : Condition OnEnabledGlobalFilter on org.springframework.cloud.gateway.config.GatewayAutoConfiguration#websocketRoutingFilter matched
2026-02-10T22:02:41.072+05:30 TRACE 28868 --- [api-gateway] [main] o.s.c.g.c.c.OnEnabledPredicate           : Condition OnEnabledPredicate on org.springframework.cloud.gateway.config.GatewayAutoConfiguration#weightCalculatorWebFilter matched
2026-02-10T22:02:41.073+05:30 TRACE 28868 --- [api-gateway] [main] o.s.c.g.c.c.OnEnabledPredicate           : Condition OnEnabledPredicate on org.springframework.cloud.gateway.config.GatewayAutoConfiguration#afterRoutePredicateFactory matched
2026-02-10T22:02:41.074+05:30 TRACE 28868 --- [api-gateway] [main] o.s.c.g.c.c.OnEnabledPredicate           : Condition OnEnabledPredicate on org.springframework.cloud.gateway.config.GatewayAutoConfiguration#beforeRoutePredicateFactory matched
2026-02-10T22:02:41.075+05:30 TRACE 28868 --- [api-gateway] [main] o.s.c.g.c.c.OnEnabledPredicate           : Condition OnEnabledPredicate on org.springframework.cloud.gateway.config.GatewayAutoConfiguration#betweenRoutePredicateFactory matched
2026-02-10T22:02:41.076+05:30 TRACE 28868 --- [api-gateway] [main] o.s.c.g.c.c.OnEnabledPredicate           : Condition OnEnabledPredicate on org.springframework.cloud.gateway.config.GatewayAutoConfiguration#cookieRoutePredicateFactory matched
2026-02-10T22:02:41.077+05:30 TRACE 28868 --- [api-gateway] [main] o.s.c.g.c.c.OnEnabledPredicate           : Condition OnEnabledPredicate on org.springframework.cloud.gateway.config.GatewayAutoConfiguration#headerRoutePredicateFactory matched
2026-02-10T22:02:41.078+05:30 TRACE 28868 --- [api-gateway] [main] o.s.c.g.c.c.OnEnabledPredicate           : Condition OnEnabledPredicate on org.springframework.cloud.gateway.config.GatewayAutoConfiguration#hostRoutePredicateFactory matched
2026-02-10T22:02:41.079+05:30 TRACE 28868 --- [api-gateway] [main] o.s.c.g.c.c.OnEnabledPredicate           : Condition OnEnabledPredicate on org.springframework.cloud.gateway.config.GatewayAutoConfiguration#methodRoutePredicateFactory matched
2026-02-10T22:02:41.080+05:30 TRACE 28868 --- [api-gateway] [main] o.s.c.g.c.c.OnEnabledPredicate           : Condition OnEnabledPredicate on org.springframework.cloud.gateway.config.GatewayAutoConfiguration#pathRoutePredicateFactory matched
2026-02-10T22:02:41.081+05:30 TRACE 28868 --- [api-gateway] [main] o.s.c.g.c.c.OnEnabledPredicate           : Condition OnEnabledPredicate on org.springframework.cloud.gateway.config.GatewayAutoConfiguration#queryRoutePredicateFactory matched
2026-02-10T22:02:41.083+05:30 TRACE 28868 --- [api-gateway] [main] o.s.c.g.c.c.OnEnabledPredicate           : Condition OnEnabledPredicate on org.springframework.cloud.gateway.config.GatewayAutoConfiguration#readBodyPredicateFactory matched
2026-02-10T22:02:41.085+05:30 TRACE 28868 --- [api-gateway] [main] o.s.c.g.c.c.OnEnabledPredicate           : Condition OnEnabledPredicate on org.springframework.cloud.gateway.config.GatewayAutoConfiguration#remoteAddrRoutePredicateFactory matched
2026-02-10T22:02:41.086+05:30 TRACE 28868 --- [api-gateway] [main] o.s.c.g.c.c.OnEnabledPredicate           : Condition OnEnabledPredicate on org.springframework.cloud.gateway.config.GatewayAutoConfiguration#xForwardedRemoteAddrRoutePredicateFactory matched
2026-02-10T22:02:41.087+05:30 TRACE 28868 --- [api-gateway] [main] o.s.c.g.c.c.OnEnabledPredicate           : Condition OnEnabledPredicate on org.springframework.cloud.gateway.config.GatewayAutoConfiguration#weightRoutePredicateFactory matched
2026-02-10T22:02:41.088+05:30 TRACE 28868 --- [api-gateway] [main] o.s.c.g.c.c.OnEnabledPredicate           : Condition OnEnabledPredicate on org.springframework.cloud.gateway.config.GatewayAutoConfiguration#cloudFoundryRouteServiceRoutePredicateFactory matched
2026-02-10T22:02:41.103+05:30 TRACE 28868 --- [api-gateway] [main] o.s.c.g.c.conditional.OnEnabledFilter    : Condition OnEnabledFilter on org.springframework.cloud.gateway.config.GatewayAutoConfiguration#addRequestHeaderGatewayFilterFactory matched
2026-02-10T22:02:41.109+05:30 TRACE 28868 --- [api-gateway] [main] o.s.c.g.c.conditional.OnEnabledFilter    : Condition OnEnabledFilter on org.springframework.cloud.gateway.config.GatewayAutoConfiguration#addRequestHeadersIfNotPresentGatewayFilterFactory matched
2026-02-10T22:02:41.110+05:30 TRACE 28868 --- [api-gateway] [main] o.s.c.g.c.conditional.OnEnabledFilter    : Condition OnEnabledFilter on org.springframework.cloud.gateway.config.GatewayAutoConfiguration#mapRequestHeaderGatewayFilterFactory matched
2026-02-10T22:02:41.110+05:30 TRACE 28868 --- [api-gateway] [main] o.s.c.g.c.conditional.OnEnabledFilter    : Condition OnEnabledFilter on org.springframework.cloud.gateway.config.GatewayAutoConfiguration#addRequestParameterGatewayFilterFactory matched
2026-02-10T22:02:41.111+05:30 TRACE 28868 --- [api-gateway] [main] o.s.c.g.c.conditional.OnEnabledFilter    : Condition OnEnabledFilter on org.springframework.cloud.gateway.config.GatewayAutoConfiguration#addResponseHeaderGatewayFilterFactory matched
2026-02-10T22:02:41.111+05:30 TRACE 28868 --- [api-gateway] [main] o.s.c.g.c.conditional.OnEnabledFilter    : Condition OnEnabledFilter on org.springframework.cloud.gateway.config.GatewayAutoConfiguration#modifyRequestBodyGatewayFilterFactory matched
2026-02-10T22:02:41.111+05:30 TRACE 28868 --- [api-gateway] [main] o.s.c.g.c.conditional.OnEnabledFilter    : Condition OnEnabledFilter on org.springframework.cloud.gateway.config.GatewayAutoConfiguration#dedupeResponseHeaderGatewayFilterFactory matched
2026-02-10T22:02:41.112+05:30 TRACE 28868 --- [api-gateway] [main] o.s.c.g.c.conditional.OnEnabledFilter    : Condition OnEnabledFilter on org.springframework.cloud.gateway.config.GatewayAutoConfiguration#modifyResponseBodyGatewayFilterFactory matched
2026-02-10T22:02:41.112+05:30 TRACE 28868 --- [api-gateway] [main] o.s.c.g.c.conditional.OnEnabledFilter    : Condition OnEnabledFilter on org.springframework.cloud.gateway.config.GatewayAutoConfiguration#cacheRequestBodyGatewayFilterFactory matched
2026-02-10T22:02:41.113+05:30 TRACE 28868 --- [api-gateway] [main] o.s.c.g.c.conditional.OnEnabledFilter    : Condition OnEnabledFilter on org.springframework.cloud.gateway.config.GatewayAutoConfiguration#prefixPathGatewayFilterFactory matched
2026-02-10T22:02:41.114+05:30 TRACE 28868 --- [api-gateway] [main] o.s.c.g.c.conditional.OnEnabledFilter    : Condition OnEnabledFilter on org.springframework.cloud.gateway.config.GatewayAutoConfiguration#preserveHostHeaderGatewayFilterFactory matched
2026-02-10T22:02:41.115+05:30 TRACE 28868 --- [api-gateway] [main] o.s.c.g.c.conditional.OnEnabledFilter    : Condition OnEnabledFilter on org.springframework.cloud.gateway.config.GatewayAutoConfiguration#redirectToGatewayFilterFactory matched
2026-02-10T22:02:41.116+05:30 TRACE 28868 --- [api-gateway] [main] o.s.c.g.c.conditional.OnEnabledFilter    : Condition OnEnabledFilter on org.springframework.cloud.gateway.config.GatewayAutoConfiguration#removeJsonAttributesResponseBodyGatewayFilterFactory matched
2026-02-10T22:02:41.117+05:30 TRACE 28868 --- [api-gateway] [main] o.s.c.g.c.conditional.OnEnabledFilter    : Condition OnEnabledFilter on org.springframework.cloud.gateway.config.GatewayAutoConfiguration#removeRequestHeaderGatewayFilterFactory matched
2026-02-10T22:02:41.119+05:30 TRACE 28868 --- [api-gateway] [main] o.s.c.g.c.conditional.OnEnabledFilter    : Condition OnEnabledFilter on org.springframework.cloud.gateway.config.GatewayAutoConfiguration#removeRequestParameterGatewayFilterFactory matched
2026-02-10T22:02:41.120+05:30 TRACE 28868 --- [api-gateway] [main] o.s.c.g.c.conditional.OnEnabledFilter    : Condition OnEnabledFilter on org.springframework.cloud.gateway.config.GatewayAutoConfiguration#removeResponseHeaderGatewayFilterFactory matched
2026-02-10T22:02:41.164+05:30 TRACE 28868 --- [api-gateway] [main] o.s.c.g.c.conditional.OnEnabledFilter    : Condition OnEnabledFilter on org.springframework.cloud.gateway.config.GatewayAutoConfiguration#rewritePathGatewayFilterFactory matched
2026-02-10T22:02:41.166+05:30 TRACE 28868 --- [api-gateway] [main] o.s.c.g.c.conditional.OnEnabledFilter    : Condition OnEnabledFilter on org.springframework.cloud.gateway.config.GatewayAutoConfiguration#retryGatewayFilterFactory matched
2026-02-10T22:02:41.167+05:30 TRACE 28868 --- [api-gateway] [main] o.s.c.g.c.conditional.OnEnabledFilter    : Condition OnEnabledFilter on org.springframework.cloud.gateway.config.GatewayAutoConfiguration#setPathGatewayFilterFactory matched
2026-02-10T22:02:41.168+05:30 TRACE 28868 --- [api-gateway] [main] o.s.c.g.c.conditional.OnEnabledFilter    : Condition OnEnabledFilter on org.springframework.cloud.gateway.config.GatewayAutoConfiguration#secureHeadersGatewayFilterFactory matched
2026-02-10T22:02:41.169+05:30 TRACE 28868 --- [api-gateway] [main] o.s.c.g.c.conditional.OnEnabledFilter    : Condition OnEnabledFilter on org.springframework.cloud.gateway.config.GatewayAutoConfiguration#setRequestHeaderGatewayFilterFactory matched
2026-02-10T22:02:41.170+05:30 TRACE 28868 --- [api-gateway] [main] o.s.c.g.c.conditional.OnEnabledFilter    : Condition OnEnabledFilter on org.springframework.cloud.gateway.config.GatewayAutoConfiguration#setRequestHostHeaderGatewayFilterFactory matched
2026-02-10T22:02:41.171+05:30 TRACE 28868 --- [api-gateway] [main] o.s.c.g.c.conditional.OnEnabledFilter    : Condition OnEnabledFilter on org.springframework.cloud.gateway.config.GatewayAutoConfiguration#setResponseHeaderGatewayFilterFactory matched
2026-02-10T22:02:41.172+05:30 TRACE 28868 --- [api-gateway] [main] o.s.c.g.c.conditional.OnEnabledFilter    : Condition OnEnabledFilter on org.springframework.cloud.gateway.config.GatewayAutoConfiguration#rewriteResponseHeaderGatewayFilterFactory matched
2026-02-10T22:02:41.173+05:30 TRACE 28868 --- [api-gateway] [main] o.s.c.g.c.conditional.OnEnabledFilter    : Condition OnEnabledFilter on org.springframework.cloud.gateway.config.GatewayAutoConfiguration#rewriteLocationResponseHeaderGatewayFilterFactory matched
2026-02-10T22:02:41.174+05:30 TRACE 28868 --- [api-gateway] [main] o.s.c.g.c.conditional.OnEnabledFilter    : Condition OnEnabledFilter on org.springframework.cloud.gateway.config.GatewayAutoConfiguration#setStatusGatewayFilterFactory matched
2026-02-10T22:02:41.175+05:30 TRACE 28868 --- [api-gateway] [main] o.s.c.g.c.conditional.OnEnabledFilter    : Condition OnEnabledFilter on org.springframework.cloud.gateway.config.GatewayAutoConfiguration#saveSessionGatewayFilterFactory matched
2026-02-10T22:02:41.176+05:30 TRACE 28868 --- [api-gateway] [main] o.s.c.g.c.conditional.OnEnabledFilter    : Condition OnEnabledFilter on org.springframework.cloud.gateway.config.GatewayAutoConfiguration#stripPrefixGatewayFilterFactory matched
2026-02-10T22:02:41.177+05:30 TRACE 28868 --- [api-gateway] [main] o.s.c.g.c.conditional.OnEnabledFilter    : Condition OnEnabledFilter on org.springframework.cloud.gateway.config.GatewayAutoConfiguration#requestHeaderToRequestUriGatewayFilterFactory matched
2026-02-10T22:02:41.178+05:30 TRACE 28868 --- [api-gateway] [main] o.s.c.g.c.conditional.OnEnabledFilter    : Condition OnEnabledFilter on org.springframework.cloud.gateway.config.GatewayAutoConfiguration#requestSizeGatewayFilterFactory matched
2026-02-10T22:02:41.180+05:30 TRACE 28868 --- [api-gateway] [main] o.s.c.g.c.conditional.OnEnabledFilter    : Condition OnEnabledFilter on org.springframework.cloud.gateway.config.GatewayAutoConfiguration#requestHeaderSizeGatewayFilterFactory matched
2026-02-10T22:02:41.181+05:30 TRACE 28868 --- [api-gateway] [main] o.s.c.g.c.conditional.OnEnabledFilter    : Condition OnEnabledFilter on org.springframework.cloud.gateway.config.GatewayAutoConfiguration#rewriteRequestParameterGatewayFilterFactory matched
2026-02-10T22:02:42.204+05:30  INFO 28868 --- [api-gateway] [main] o.s.cloud.context.scope.GenericScope     : BeanFactory id=f463b439-44a2-332d-9c2e-57f2b7031010
2026-02-10T22:02:42.514+05:30  WARN 28868 --- [api-gateway] [main] trationDelegate$BeanPostProcessorChecker : Bean 'org.springframework.cloud.client.loadbalancer.LoadBalancerAutoConfiguration$DeferringLoadBalancerInterceptorConfig' of type [org.springframework.cloud.client.loadbalancer.LoadBalancerAutoConfiguration$DeferringLoadBalancerInterceptorConfig] is not eligible for getting processed by all BeanPostProcessors (for example: not eligible for auto-proxying). The currently created BeanPostProcessor [lbRestClientPostProcessor] is declared through a non-static factory method on that class; consider declaring it as static instead.
2026-02-10T22:02:42.531+05:30  WARN 28868 --- [api-gateway] [main] trationDelegate$BeanPostProcessorChecker : Bean 'deferringLoadBalancerInterceptor' of type [org.springframework.cloud.client.loadbalancer.DeferringLoadBalancerInterceptor] is not eligible for getting processed by all BeanPostProcessors (for example: not eligible for auto-proxying). Is this bean getting eagerly injected into a currently created BeanPostProcessor [lbRestClientPostProcessor]? Check the corresponding BeanPostProcessor declaration and its dependencies.
2026-02-10T22:02:42.539+05:30  WARN 28868 --- [api-gateway] [main] trationDelegate$BeanPostProcessorChecker : Bean 'org.springframework.cloud.client.loadbalancer.reactive.LoadBalancerBeanPostProcessorAutoConfiguration' of type [org.springframework.cloud.client.loadbalancer.reactive.LoadBalancerBeanPostProcessorAutoConfiguration] is not eligible for getting processed by all BeanPostProcessors (for example: not eligible for auto-proxying). The currently created BeanPostProcessor [loadBalancerWebClientBuilderBeanPostProcessor] is declared through a non-static factory method on that class; consider declaring it as static instead.
2026-02-10T22:02:42.541+05:30  WARN 28868 --- [api-gateway] [main] trationDelegate$BeanPostProcessorChecker : Bean 'org.springframework.cloud.client.loadbalancer.reactive.LoadBalancerBeanPostProcessorAutoConfiguration$ReactorDeferringLoadBalancerFilterConfig' of type [org.springframework.cloud.client.loadbalancer.reactive.LoadBalancerBeanPostProcessorAutoConfiguration$ReactorDeferringLoadBalancerFilterConfig] is not eligible for getting processed by all BeanPostProcessors (for example: not eligible for auto-proxying). Is this bean getting eagerly injected into a currently created BeanPostProcessor [loadBalancerWebClientBuilderBeanPostProcessor]? Check the corresponding BeanPostProcessor declaration and its dependencies.
2026-02-10T22:02:42.544+05:30  WARN 28868 --- [api-gateway] [main] trationDelegate$BeanPostProcessorChecker : Bean 'reactorDeferringLoadBalancerExchangeFilterFunction' of type [org.springframework.cloud.client.loadbalancer.reactive.DeferringLoadBalancerExchangeFilterFunction] is not eligible for getting processed by all BeanPostProcessors (for example: not eligible for auto-proxying). Is this bean getting eagerly injected into a currently created BeanPostProcessor [loadBalancerWebClientBuilderBeanPostProcessor]? Check the corresponding BeanPostProcessor declaration and its dependencies.
2026-02-10T22:02:44.573+05:30 DEBUG 28868 --- [api-gateway] [main] o.s.c.gateway.config.GatewayProperties   : Routes supplied from Gateway Properties: [RouteDefinition{id='customer-api', predicates=[PredicateDefinition{name='Path', args={_genkey_0=/api/customers/**}}], filters=[FilterDefinition{name='RemoveRequestHeader', args={_genkey_0=X-GATEWAY-KEY}}, FilterDefinition{name='AddRequestHeader', args={_genkey_0=X-GATEWAY-KEY, _genkey_1=9f3a7c1d-very-secret-value}}], uri=lb://customer-api, order=0, metadata={}}, RouteDefinition{id='customer-status-service', predicates=[PredicateDefinition{name='Path', args={_genkey_0=/status/**}}], filters=[FilterDefinition{name='RemoveRequestHeader', args={_genkey_0=X-GATEWAY-KEY}}, FilterDefinition{name='AddRequestHeader', args={_genkey_0=X-GATEWAY-KEY, _genkey_1=9f3a7c1d-very-secret-value}}], uri=lb://customer-status-service, order=0, metadata={}}]
2026-02-10T22:02:44.927+05:30  INFO 28868 --- [api-gateway] [main] o.s.c.g.r.RouteDefinitionRouteLocator    : Loaded RoutePredicateFactory [After]
2026-02-10T22:02:44.927+05:30  INFO 28868 --- [api-gateway] [main] o.s.c.g.r.RouteDefinitionRouteLocator    : Loaded RoutePredicateFactory [Before]
2026-02-10T22:02:44.927+05:30  INFO 28868 --- [api-gateway] [main] o.s.c.g.r.RouteDefinitionRouteLocator    : Loaded RoutePredicateFactory [Between]
2026-02-10T22:02:44.927+05:30  INFO 28868 --- [api-gateway] [main] o.s.c.g.r.RouteDefinitionRouteLocator    : Loaded RoutePredicateFactory [Cookie]
2026-02-10T22:02:44.927+05:30  INFO 28868 --- [api-gateway] [main] o.s.c.g.r.RouteDefinitionRouteLocator    : Loaded RoutePredicateFactory [Header]
2026-02-10T22:02:44.927+05:30  INFO 28868 --- [api-gateway] [main] o.s.c.g.r.RouteDefinitionRouteLocator    : Loaded RoutePredicateFactory [Host]
2026-02-10T22:02:44.927+05:30  INFO 28868 --- [api-gateway] [main] o.s.c.g.r.RouteDefinitionRouteLocator    : Loaded RoutePredicateFactory [Method]
2026-02-10T22:02:44.927+05:30  INFO 28868 --- [api-gateway] [main] o.s.c.g.r.RouteDefinitionRouteLocator    : Loaded RoutePredicateFactory [Path]
2026-02-10T22:02:44.927+05:30  INFO 28868 --- [api-gateway] [main] o.s.c.g.r.RouteDefinitionRouteLocator    : Loaded RoutePredicateFactory [Query]
2026-02-10T22:02:44.928+05:30  INFO 28868 --- [api-gateway] [main] o.s.c.g.r.RouteDefinitionRouteLocator    : Loaded RoutePredicateFactory [ReadBody]
2026-02-10T22:02:44.928+05:30  INFO 28868 --- [api-gateway] [main] o.s.c.g.r.RouteDefinitionRouteLocator    : Loaded RoutePredicateFactory [RemoteAddr]
2026-02-10T22:02:44.928+05:30  INFO 28868 --- [api-gateway] [main] o.s.c.g.r.RouteDefinitionRouteLocator    : Loaded RoutePredicateFactory [XForwardedRemoteAddr]
2026-02-10T22:02:44.928+05:30  INFO 28868 --- [api-gateway] [main] o.s.c.g.r.RouteDefinitionRouteLocator    : Loaded RoutePredicateFactory [Weight]
2026-02-10T22:02:44.929+05:30  INFO 28868 --- [api-gateway] [main] o.s.c.g.r.RouteDefinitionRouteLocator    : Loaded RoutePredicateFactory [CloudFoundryRouteService]
2026-02-10T22:02:45.746+05:30  INFO 28868 --- [api-gateway] [main] o.s.b.a.e.web.EndpointLinksResolver      : Exposing 4 endpoint(s) beneath base path '/actuator'
2026-02-10T22:02:46.397+05:30  INFO 28868 --- [api-gateway] [main] DiscoveryClientOptionalArgsConfiguration : Eureka HTTP Client uses RestTemplate.
2026-02-10T22:02:46.464+05:30  WARN 28868 --- [api-gateway] [main] iguration$LoadBalancerCaffeineWarnLogger : Spring Cloud LoadBalancer is currently working with the default cache. While this cache implementation is useful for development and tests, it's recommended to use Caffeine cache in production.You can switch to using Caffeine cache, by adding it and org.springframework.cache.caffeine.CaffeineCacheManager to the classpath.
2026-02-10T22:02:46.590+05:30  INFO 28868 --- [api-gateway] [main] o.s.c.n.eureka.InstanceInfoFactory       : Setting initial instance status as: STARTING
2026-02-10T22:02:46.870+05:30  INFO 28868 --- [api-gateway] [main] com.netflix.discovery.DiscoveryClient    : Initializing Eureka in region us-east-1
2026-02-10T22:02:46.911+05:30  INFO 28868 --- [api-gateway] [main] c.n.d.s.r.aws.ConfigClusterResolver      : Resolving eureka endpoints via configuration
2026-02-10T22:02:46.952+05:30  INFO 28868 --- [api-gateway] [main] com.netflix.discovery.DiscoveryClient    : Disable delta property : false
2026-02-10T22:02:46.954+05:30  INFO 28868 --- [api-gateway] [main] com.netflix.discovery.DiscoveryClient    : Single vip registry refresh property : null
2026-02-10T22:02:46.954+05:30  INFO 28868 --- [api-gateway] [main] com.netflix.discovery.DiscoveryClient    : Force full registry fetch : false
2026-02-10T22:02:46.954+05:30  INFO 28868 --- [api-gateway] [main] com.netflix.discovery.DiscoveryClient    : Application is null : false
2026-02-10T22:02:46.954+05:30  INFO 28868 --- [api-gateway] [main] com.netflix.discovery.DiscoveryClient    : Registered Applications size is zero : true
2026-02-10T22:02:46.954+05:30  INFO 28868 --- [api-gateway] [main] com.netflix.discovery.DiscoveryClient    : Application version is -1: true
2026-02-10T22:02:46.955+05:30  INFO 28868 --- [api-gateway] [main] com.netflix.discovery.DiscoveryClient    : Getting all instance registry info from the eureka server
2026-02-10T22:02:48.052+05:30  INFO 28868 --- [api-gateway] [main] com.netflix.discovery.DiscoveryClient    : The response status is 200
2026-02-10T22:02:48.056+05:30  INFO 28868 --- [api-gateway] [main] com.netflix.discovery.DiscoveryClient    : Starting heartbeat executor: renew interval is: 30
2026-02-10T22:02:48.062+05:30  INFO 28868 --- [api-gateway] [main] c.n.discovery.InstanceInfoReplicator     : InstanceInfoReplicator onDemand update allowed rate per min is 4
2026-02-10T22:02:48.072+05:30  INFO 28868 --- [api-gateway] [main] com.netflix.discovery.DiscoveryClient    : Discovery Client initialized at timestamp 1770741168070 with initial instances count: 0
2026-02-10T22:02:48.078+05:30  INFO 28868 --- [api-gateway] [main] o.s.c.n.e.s.EurekaServiceRegistry        : Registering application API-GATEWAY with eureka with status UP
2026-02-10T22:02:48.080+05:30  INFO 28868 --- [api-gateway] [main] com.netflix.discovery.DiscoveryClient    : Saw local status change event StatusChangeEvent [timestamp=1770741168080, current=UP, previous=STARTING]
2026-02-10T22:02:48.088+05:30  INFO 28868 --- [api-gateway] [DiscoveryClient-InstanceInfoReplicator-0] com.netflix.discovery.DiscoveryClient    : DiscoveryClient_API-GATEWAY/LAPTOP-6LQHVBKK:api-gateway:8085: registering service...
2026-02-10T22:02:48.199+05:30 DEBUG 28868 --- [api-gateway] [main] o.s.c.g.r.RouteDefinitionRouteLocator    : RouteDefinition customer-api applying {_genkey_0=/api/customers/**} to Path
2026-02-10T22:02:48.257+05:30 DEBUG 28868 --- [api-gateway] [main] o.s.c.g.r.RouteDefinitionRouteLocator    : RouteDefinition customer-api applying filter {_genkey_0=X-GATEWAY-KEY} to RemoveRequestHeader
2026-02-10T22:02:48.296+05:30 DEBUG 28868 --- [api-gateway] [main] o.s.c.g.r.RouteDefinitionRouteLocator    : RouteDefinition customer-api applying filter {_genkey_0=X-GATEWAY-KEY, _genkey_1=9f3a7c1d-very-secret-value} to AddRequestHeader
2026-02-10T22:02:48.313+05:30 DEBUG 28868 --- [api-gateway] [main] o.s.c.g.r.RouteDefinitionRouteLocator    : RouteDefinition matched: customer-api
2026-02-10T22:02:48.315+05:30 DEBUG 28868 --- [api-gateway] [main] o.s.c.g.r.RouteDefinitionRouteLocator    : RouteDefinition customer-status-service applying {_genkey_0=/status/**} to Path
2026-02-10T22:02:48.319+05:30 DEBUG 28868 --- [api-gateway] [main] o.s.c.g.r.RouteDefinitionRouteLocator    : RouteDefinition customer-status-service applying filter {_genkey_0=X-GATEWAY-KEY} to RemoveRequestHeader
2026-02-10T22:02:48.322+05:30 DEBUG 28868 --- [api-gateway] [main] o.s.c.g.r.RouteDefinitionRouteLocator    : RouteDefinition customer-status-service applying filter {_genkey_0=X-GATEWAY-KEY, _genkey_1=9f3a7c1d-very-secret-value} to AddRequestHeader
2026-02-10T22:02:48.324+05:30 DEBUG 28868 --- [api-gateway] [main] o.s.c.g.r.RouteDefinitionRouteLocator    : RouteDefinition matched: customer-status-service
2026-02-10T22:02:48.346+05:30  INFO 28868 --- [api-gateway] [DiscoveryClient-InstanceInfoReplicator-0] com.netflix.discovery.DiscoveryClient    : DiscoveryClient_API-GATEWAY/LAPTOP-6LQHVBKK:api-gateway:8085 - registration status: 204
2026-02-10T22:02:48.358+05:30 DEBUG 28868 --- [api-gateway] [main] o.s.c.g.filter.GatewayMetricsFilter      : New routes count: 2
2026-02-10T22:02:48.579+05:30  INFO 28868 --- [api-gateway] [main] o.s.b.web.embedded.netty.NettyWebServer  : Netty started on port 8085
2026-02-10T22:02:48.581+05:30  INFO 28868 --- [api-gateway] [main] .s.c.n.e.s.EurekaAutoServiceRegistration : Updating port to 8085
2026-02-10T22:02:48.622+05:30 DEBUG 28868 --- [api-gateway] [main] o.s.c.g.r.RouteDefinitionRouteLocator    : RouteDefinition customer-api applying {_genkey_0=/api/customers/**} to Path
2026-02-10T22:02:48.629+05:30 DEBUG 28868 --- [api-gateway] [main] o.s.c.g.r.RouteDefinitionRouteLocator    : RouteDefinition customer-api applying filter {_genkey_0=X-GATEWAY-KEY} to RemoveRequestHeader
2026-02-10T22:02:48.633+05:30 DEBUG 28868 --- [api-gateway] [main] o.s.c.g.r.RouteDefinitionRouteLocator    : RouteDefinition customer-api applying filter {_genkey_0=X-GATEWAY-KEY, _genkey_1=9f3a7c1d-very-secret-value} to AddRequestHeader
2026-02-10T22:02:48.636+05:30 DEBUG 28868 --- [api-gateway] [main] o.s.c.g.r.RouteDefinitionRouteLocator    : RouteDefinition matched: customer-api
2026-02-10T22:02:48.637+05:30 DEBUG 28868 --- [api-gateway] [main] o.s.c.g.r.RouteDefinitionRouteLocator    : RouteDefinition customer-status-service applying {_genkey_0=/status/**} to Path
2026-02-10T22:02:48.642+05:30 DEBUG 28868 --- [api-gateway] [main] o.s.c.g.r.RouteDefinitionRouteLocator    : RouteDefinition customer-status-service applying filter {_genkey_0=X-GATEWAY-KEY} to RemoveRequestHeader
2026-02-10T22:02:48.646+05:30 DEBUG 28868 --- [api-gateway] [main] o.s.c.g.r.RouteDefinitionRouteLocator    : RouteDefinition customer-status-service applying filter {_genkey_0=X-GATEWAY-KEY, _genkey_1=9f3a7c1d-very-secret-value} to AddRequestHeader
2026-02-10T22:02:48.652+05:30 DEBUG 28868 --- [api-gateway] [main] o.s.c.g.r.RouteDefinitionRouteLocator    : RouteDefinition matched: customer-status-service
2026-02-10T22:02:48.656+05:30 DEBUG 28868 --- [api-gateway] [main] o.s.c.g.filter.GatewayMetricsFilter      : New routes count: 2
2026-02-10T22:02:48.663+05:30  INFO 28868 --- [api-gateway] [main] c.example.gateway.ApiGatewayApplication  : Started ApiGatewayApplication in 10.903 seconds (process running for 11.878)
2026-02-10T22:03:18.092+05:30  INFO 28868 --- [api-gateway] [DiscoveryClient-CacheRefreshExecutor-0] com.netflix.discovery.DiscoveryClient    : Disable delta property : false
2026-02-10T22:03:18.093+05:30  INFO 28868 --- [api-gateway] [DiscoveryClient-CacheRefreshExecutor-0] com.netflix.discovery.DiscoveryClient    : Single vip registry refresh property : null
2026-02-10T22:03:18.093+05:30  INFO 28868 --- [api-gateway] [DiscoveryClient-CacheRefreshExecutor-0] com.netflix.discovery.DiscoveryClient    : Force full registry fetch : false
2026-02-10T22:03:18.093+05:30  INFO 28868 --- [api-gateway] [DiscoveryClient-CacheRefreshExecutor-0] com.netflix.discovery.DiscoveryClient    : Application is null : false
2026-02-10T22:03:18.093+05:30  INFO 28868 --- [api-gateway] [DiscoveryClient-CacheRefreshExecutor-0] com.netflix.discovery.DiscoveryClient    : Registered Applications size is zero : true
2026-02-10T22:03:18.093+05:30  INFO 28868 --- [api-gateway] [DiscoveryClient-CacheRefreshExecutor-0] com.netflix.discovery.DiscoveryClient    : Application version is -1: false
2026-02-10T22:03:18.093+05:30  INFO 28868 --- [api-gateway] [DiscoveryClient-CacheRefreshExecutor-0] com.netflix.discovery.DiscoveryClient    : Getting all instance registry info from the eureka server
2026-02-10T22:03:18.153+05:30  INFO 28868 --- [api-gateway] [DiscoveryClient-CacheRefreshExecutor-0] com.netflix.discovery.DiscoveryClient    : The response status is 200
2026-02-10T22:03:18.180+05:30 DEBUG 28868 --- [api-gateway] [DiscoveryClient-CacheRefreshExecutor-0] o.s.c.g.r.RouteDefinitionRouteLocator    : RouteDefinition ReactiveCompositeDiscoveryClient_API-GATEWAY applying {pattern=/api-gateway/**} to Path
2026-02-10T22:03:18.183+05:30 DEBUG 28868 --- [api-gateway] [DiscoveryClient-CacheRefreshExecutor-0] o.s.c.g.r.RouteDefinitionRouteLocator    : RouteDefinition ReactiveCompositeDiscoveryClient_API-GATEWAY applying filter {regexp=/api-gateway/?(?<remaining>.*), replacement=/${remaining}} to RewritePath
2026-02-10T22:03:18.188+05:30 DEBUG 28868 --- [api-gateway] [DiscoveryClient-CacheRefreshExecutor-0] o.s.c.g.r.RouteDefinitionRouteLocator    : RouteDefinition matched: ReactiveCompositeDiscoveryClient_API-GATEWAY
2026-02-10T22:03:18.188+05:30 DEBUG 28868 --- [api-gateway] [DiscoveryClient-CacheRefreshExecutor-0] o.s.c.g.r.RouteDefinitionRouteLocator    : RouteDefinition customer-api applying {_genkey_0=/api/customers/**} to Path
2026-02-10T22:03:18.190+05:30 DEBUG 28868 --- [api-gateway] [DiscoveryClient-CacheRefreshExecutor-0] o.s.c.g.r.RouteDefinitionRouteLocator    : RouteDefinition customer-api applying filter {_genkey_0=X-GATEWAY-KEY} to RemoveRequestHeader
2026-02-10T22:03:18.191+05:30 DEBUG 28868 --- [api-gateway] [DiscoveryClient-CacheRefreshExecutor-0] o.s.c.g.r.RouteDefinitionRouteLocator    : RouteDefinition customer-api applying filter {_genkey_0=X-GATEWAY-KEY, _genkey_1=9f3a7c1d-very-secret-value} to AddRequestHeader
2026-02-10T22:03:18.194+05:30 DEBUG 28868 --- [api-gateway] [DiscoveryClient-CacheRefreshExecutor-0] o.s.c.g.r.RouteDefinitionRouteLocator    : RouteDefinition matched: customer-api
2026-02-10T22:03:18.195+05:30 DEBUG 28868 --- [api-gateway] [DiscoveryClient-CacheRefreshExecutor-0] o.s.c.g.r.RouteDefinitionRouteLocator    : RouteDefinition customer-status-service applying {_genkey_0=/status/**} to Path
2026-02-10T22:03:18.198+05:30 DEBUG 28868 --- [api-gateway] [DiscoveryClient-CacheRefreshExecutor-0] o.s.c.g.r.RouteDefinitionRouteLocator    : RouteDefinition customer-status-service applying filter {_genkey_0=X-GATEWAY-KEY} to RemoveRequestHeader
2026-02-10T22:03:18.199+05:30 DEBUG 28868 --- [api-gateway] [DiscoveryClient-CacheRefreshExecutor-0] o.s.c.g.r.RouteDefinitionRouteLocator    : RouteDefinition customer-status-service applying filter {_genkey_0=X-GATEWAY-KEY, _genkey_1=9f3a7c1d-very-secret-value} to AddRequestHeader
2026-02-10T22:03:18.200+05:30 DEBUG 28868 --- [api-gateway] [DiscoveryClient-CacheRefreshExecutor-0] o.s.c.g.r.RouteDefinitionRouteLocator    : RouteDefinition matched: customer-status-service
2026-02-10T22:03:18.203+05:30 DEBUG 28868 --- [api-gateway] [DiscoveryClient-CacheRefreshExecutor-0] o.s.c.g.filter.GatewayMetricsFilter      : New routes count: 3
2026-02-10T22:03:48.225+05:30 DEBUG 28868 --- [api-gateway] [DiscoveryClient-CacheRefreshExecutor-0] o.s.c.g.r.RouteDefinitionRouteLocator    : RouteDefinition ReactiveCompositeDiscoveryClient_API-GATEWAY applying {pattern=/api-gateway/**} to Path
2026-02-10T22:03:48.231+05:30 DEBUG 28868 --- [api-gateway] [DiscoveryClient-CacheRefreshExecutor-0] o.s.c.g.r.RouteDefinitionRouteLocator    : RouteDefinition ReactiveCompositeDiscoveryClient_API-GATEWAY applying filter {regexp=/api-gateway/?(?<remaining>.*), replacement=/${remaining}} to RewritePath
2026-02-10T22:03:48.233+05:30 DEBUG 28868 --- [api-gateway] [DiscoveryClient-CacheRefreshExecutor-0] o.s.c.g.r.RouteDefinitionRouteLocator    : RouteDefinition matched: ReactiveCompositeDiscoveryClient_API-GATEWAY
2026-02-10T22:03:48.234+05:30 DEBUG 28868 --- [api-gateway] [DiscoveryClient-CacheRefreshExecutor-0] o.s.c.g.r.RouteDefinitionRouteLocator    : RouteDefinition customer-api applying {_genkey_0=/api/customers/**} to Path
2026-02-10T22:03:48.237+05:30 DEBUG 28868 --- [api-gateway] [DiscoveryClient-CacheRefreshExecutor-0] o.s.c.g.r.RouteDefinitionRouteLocator    : RouteDefinition customer-api applying filter {_genkey_0=X-GATEWAY-KEY} to RemoveRequestHeader
2026-02-10T22:03:48.239+05:30 DEBUG 28868 --- [api-gateway] [DiscoveryClient-CacheRefreshExecutor-0] o.s.c.g.r.RouteDefinitionRouteLocator    : RouteDefinition customer-api applying filter {_genkey_0=X-GATEWAY-KEY, _genkey_1=9f3a7c1d-very-secret-value} to AddRequestHeader
2026-02-10T22:03:48.241+05:30 DEBUG 28868 --- [api-gateway] [DiscoveryClient-CacheRefreshExecutor-0] o.s.c.g.r.RouteDefinitionRouteLocator    : RouteDefinition matched: customer-api
2026-02-10T22:03:48.241+05:30 DEBUG 28868 --- [api-gateway] [DiscoveryClient-CacheRefreshExecutor-0] o.s.c.g.r.RouteDefinitionRouteLocator    : RouteDefinition customer-status-service applying {_genkey_0=/status/**} to Path
2026-02-10T22:03:48.244+05:30 DEBUG 28868 --- [api-gateway] [DiscoveryClient-CacheRefreshExecutor-0] o.s.c.g.r.RouteDefinitionRouteLocator    : RouteDefinition customer-status-service applying filter {_genkey_0=X-GATEWAY-KEY} to RemoveRequestHeader
2026-02-10T22:03:48.246+05:30 DEBUG 28868 --- [api-gateway] [DiscoveryClient-CacheRefreshExecutor-0] o.s.c.g.r.RouteDefinitionRouteLocator    : RouteDefinition customer-status-service applying filter {_genkey_0=X-GATEWAY-KEY, _genkey_1=9f3a7c1d-very-secret-value} to AddRequestHeader
2026-02-10T22:03:48.249+05:30 DEBUG 28868 --- [api-gateway] [DiscoveryClient-CacheRefreshExecutor-0] o.s.c.g.r.RouteDefinitionRouteLocator    : RouteDefinition matched: customer-status-service
2026-02-10T22:03:48.252+05:30 DEBUG 28868 --- [api-gateway] [DiscoveryClient-CacheRefreshExecutor-0] o.s.c.g.filter.GatewayMetricsFilter      : New routes count: 3
2026-02-10T22:04:18.265+05:30 DEBUG 28868 --- [api-gateway] [DiscoveryClient-CacheRefreshExecutor-0] o.s.c.g.r.RouteDefinitionRouteLocator    : RouteDefinition ReactiveCompositeDiscoveryClient_API-GATEWAY applying {pattern=/api-gateway/**} to Path
2026-02-10T22:04:18.269+05:30 DEBUG 28868 --- [api-gateway] [DiscoveryClient-CacheRefreshExecutor-0] o.s.c.g.r.RouteDefinitionRouteLocator    : RouteDefinition ReactiveCompositeDiscoveryClient_API-GATEWAY applying filter {regexp=/api-gateway/?(?<remaining>.*), replacement=/${remaining}} to RewritePath
2026-02-10T22:04:18.271+05:30 DEBUG 28868 --- [api-gateway] [DiscoveryClient-CacheRefreshExecutor-0] o.s.c.g.r.RouteDefinitionRouteLocator    : RouteDefinition matched: ReactiveCompositeDiscoveryClient_API-GATEWAY
2026-02-10T22:04:18.272+05:30 DEBUG 28868 --- [api-gateway] [DiscoveryClient-CacheRefreshExecutor-0] o.s.c.g.r.RouteDefinitionRouteLocator    : RouteDefinition customer-api applying {_genkey_0=/api/customers/**} to Path
2026-02-10T22:04:18.274+05:30 DEBUG 28868 --- [api-gateway] [DiscoveryClient-CacheRefreshExecutor-0] o.s.c.g.r.RouteDefinitionRouteLocator    : RouteDefinition customer-api applying filter {_genkey_0=X-GATEWAY-KEY} to RemoveRequestHeader
2026-02-10T22:04:18.275+05:30 DEBUG 28868 --- [api-gateway] [DiscoveryClient-CacheRefreshExecutor-0] o.s.c.g.r.RouteDefinitionRouteLocator    : RouteDefinition customer-api applying filter {_genkey_0=X-GATEWAY-KEY, _genkey_1=9f3a7c1d-very-secret-value} to AddRequestHeader
2026-02-10T22:04:18.277+05:30 DEBUG 28868 --- [api-gateway] [DiscoveryClient-CacheRefreshExecutor-0] o.s.c.g.r.RouteDefinitionRouteLocator    : RouteDefinition matched: customer-api
2026-02-10T22:04:18.277+05:30 DEBUG 28868 --- [api-gateway] [DiscoveryClient-CacheRefreshExecutor-0] o.s.c.g.r.RouteDefinitionRouteLocator    : RouteDefinition customer-status-service applying {_genkey_0=/status/**} to Path
2026-02-10T22:04:18.280+05:30 DEBUG 28868 --- [api-gateway] [DiscoveryClient-CacheRefreshExecutor-0] o.s.c.g.r.RouteDefinitionRouteLocator    : RouteDefinition customer-status-service applying filter {_genkey_0=X-GATEWAY-KEY} to RemoveRequestHeader
2026-02-10T22:04:18.282+05:30 DEBUG 28868 --- [api-gateway] [DiscoveryClient-CacheRefreshExecutor-0] o.s.c.g.r.RouteDefinitionRouteLocator    : RouteDefinition customer-status-service applying filter {_genkey_0=X-GATEWAY-KEY, _genkey_1=9f3a7c1d-very-secret-value} to AddRequestHeader
2026-02-10T22:04:18.284+05:30 DEBUG 28868 --- [api-gateway] [DiscoveryClient-CacheRefreshExecutor-0] o.s.c.g.r.RouteDefinitionRouteLocator    : RouteDefinition matched: customer-status-service
2026-02-10T22:04:18.288+05:30 DEBUG 28868 --- [api-gateway] [DiscoveryClient-CacheRefreshExecutor-0] o.s.c.g.filter.GatewayMetricsFilter      : New routes count: 3
2026-02-10T22:04:48.319+05:30 DEBUG 28868 --- [api-gateway] [DiscoveryClient-CacheRefreshExecutor-0] o.s.c.g.r.RouteDefinitionRouteLocator    : RouteDefinition ReactiveCompositeDiscoveryClient_API-GATEWAY applying {pattern=/api-gateway/**} to Path
2026-02-10T22:04:48.323+05:30 DEBUG 28868 --- [api-gateway] [DiscoveryClient-CacheRefreshExecutor-0] o.s.c.g.r.RouteDefinitionRouteLocator    : RouteDefinition ReactiveCompositeDiscoveryClient_API-GATEWAY applying filter {regexp=/api-gateway/?(?<remaining>.*), replacement=/${remaining}} to RewritePath
2026-02-10T22:04:48.326+05:30 DEBUG 28868 --- [api-gateway] [DiscoveryClient-CacheRefreshExecutor-0] o.s.c.g.r.RouteDefinitionRouteLocator    : RouteDefinition matched: ReactiveCompositeDiscoveryClient_API-GATEWAY
2026-02-10T22:04:48.326+05:30 DEBUG 28868 --- [api-gateway] [DiscoveryClient-CacheRefreshExecutor-0] o.s.c.g.r.RouteDefinitionRouteLocator    : RouteDefinition customer-api applying {_genkey_0=/api/customers/**} to Path
2026-02-10T22:04:48.329+05:30 DEBUG 28868 --- [api-gateway] [DiscoveryClient-CacheRefreshExecutor-0] o.s.c.g.r.RouteDefinitionRouteLocator    : RouteDefinition customer-api applying filter {_genkey_0=X-GATEWAY-KEY} to RemoveRequestHeader
2026-02-10T22:04:48.332+05:30 DEBUG 28868 --- [api-gateway] [DiscoveryClient-CacheRefreshExecutor-0] o.s.c.g.r.RouteDefinitionRouteLocator    : RouteDefinition customer-api applying filter {_genkey_0=X-GATEWAY-KEY, _genkey_1=9f3a7c1d-very-secret-value} to AddRequestHeader
2026-02-10T22:04:48.334+05:30 DEBUG 28868 --- [api-gateway] [DiscoveryClient-CacheRefreshExecutor-0] o.s.c.g.r.RouteDefinitionRouteLocator    : RouteDefinition matched: customer-api
2026-02-10T22:04:48.334+05:30 DEBUG 28868 --- [api-gateway] [DiscoveryClient-CacheRefreshExecutor-0] o.s.c.g.r.RouteDefinitionRouteLocator    : RouteDefinition customer-status-service applying {_genkey_0=/status/**} to Path
2026-02-10T22:04:48.337+05:30 DEBUG 28868 --- [api-gateway] [DiscoveryClient-CacheRefreshExecutor-0] o.s.c.g.r.RouteDefinitionRouteLocator    : RouteDefinition customer-status-service applying filter {_genkey_0=X-GATEWAY-KEY} to RemoveRequestHeader
2026-02-10T22:04:48.339+05:30 DEBUG 28868 --- [api-gateway] [DiscoveryClient-CacheRefreshExecutor-0] o.s.c.g.r.RouteDefinitionRouteLocator    : RouteDefinition customer-status-service applying filter {_genkey_0=X-GATEWAY-KEY, _genkey_1=9f3a7c1d-very-secret-value} to AddRequestHeader
2026-02-10T22:04:48.341+05:30 DEBUG 28868 --- [api-gateway] [DiscoveryClient-CacheRefreshExecutor-0] o.s.c.g.r.RouteDefinitionRouteLocator    : RouteDefinition matched: customer-status-service
2026-02-10T22:04:48.345+05:30 DEBUG 28868 --- [api-gateway] [DiscoveryClient-CacheRefreshExecutor-0] o.s.c.g.filter.GatewayMetricsFilter      : New routes count: 3
2026-02-10T22:05:18.376+05:30 DEBUG 28868 --- [api-gateway] [DiscoveryClient-CacheRefreshExecutor-0] o.s.c.g.r.RouteDefinitionRouteLocator    : RouteDefinition ReactiveCompositeDiscoveryClient_API-GATEWAY applying {pattern=/api-gateway/**} to Path
2026-02-10T22:05:18.382+05:30 DEBUG 28868 --- [api-gateway] [DiscoveryClient-CacheRefreshExecutor-0] o.s.c.g.r.RouteDefinitionRouteLocator    : RouteDefinition ReactiveCompositeDiscoveryClient_API-GATEWAY applying filter {regexp=/api-gateway/?(?<remaining>.*), replacement=/${remaining}} to RewritePath
2026-02-10T22:05:18.385+05:30 DEBUG 28868 --- [api-gateway] [DiscoveryClient-CacheRefreshExecutor-0] o.s.c.g.r.RouteDefinitionRouteLocator    : RouteDefinition matched: ReactiveCompositeDiscoveryClient_API-GATEWAY
2026-02-10T22:05:18.386+05:30 DEBUG 28868 --- [api-gateway] [DiscoveryClient-CacheRefreshExecutor-0] o.s.c.g.r.RouteDefinitionRouteLocator    : RouteDefinition ReactiveCompositeDiscoveryClient_CUSTOMER-STATUS-SERVICE applying {pattern=/customer-status-service/**} to Path
2026-02-10T22:05:18.389+05:30 DEBUG 28868 --- [api-gateway] [DiscoveryClient-CacheRefreshExecutor-0] o.s.c.g.r.RouteDefinitionRouteLocator    : RouteDefinition ReactiveCompositeDiscoveryClient_CUSTOMER-STATUS-SERVICE applying filter {regexp=/customer-status-service/?(?<remaining>.*), replacement=/${remaining}} to RewritePath
2026-02-10T22:05:18.392+05:30 DEBUG 28868 --- [api-gateway] [DiscoveryClient-CacheRefreshExecutor-0] o.s.c.g.r.RouteDefinitionRouteLocator    : RouteDefinition matched: ReactiveCompositeDiscoveryClient_CUSTOMER-STATUS-SERVICE
2026-02-10T22:05:18.392+05:30 DEBUG 28868 --- [api-gateway] [DiscoveryClient-CacheRefreshExecutor-0] o.s.c.g.r.RouteDefinitionRouteLocator    : RouteDefinition customer-api applying {_genkey_0=/api/customers/**} to Path
2026-02-10T22:05:18.394+05:30 DEBUG 28868 --- [api-gateway] [DiscoveryClient-CacheRefreshExecutor-0] o.s.c.g.r.RouteDefinitionRouteLocator    : RouteDefinition customer-api applying filter {_genkey_0=X-GATEWAY-KEY} to RemoveRequestHeader
2026-02-10T22:05:18.396+05:30 DEBUG 28868 --- [api-gateway] [DiscoveryClient-CacheRefreshExecutor-0] o.s.c.g.r.RouteDefinitionRouteLocator    : RouteDefinition customer-api applying filter {_genkey_0=X-GATEWAY-KEY, _genkey_1=9f3a7c1d-very-secret-value} to AddRequestHeader
2026-02-10T22:05:18.398+05:30 DEBUG 28868 --- [api-gateway] [DiscoveryClient-CacheRefreshExecutor-0] o.s.c.g.r.RouteDefinitionRouteLocator    : RouteDefinition matched: customer-api
2026-02-10T22:05:18.399+05:30 DEBUG 28868 --- [api-gateway] [DiscoveryClient-CacheRefreshExecutor-0] o.s.c.g.r.RouteDefinitionRouteLocator    : RouteDefinition customer-status-service applying {_genkey_0=/status/**} to Path
2026-02-10T22:05:18.402+05:30 DEBUG 28868 --- [api-gateway] [DiscoveryClient-CacheRefreshExecutor-0] o.s.c.g.r.RouteDefinitionRouteLocator    : RouteDefinition customer-status-service applying filter {_genkey_0=X-GATEWAY-KEY} to RemoveRequestHeader
2026-02-10T22:05:18.404+05:30 DEBUG 28868 --- [api-gateway] [DiscoveryClient-CacheRefreshExecutor-0] o.s.c.g.r.RouteDefinitionRouteLocator    : RouteDefinition customer-status-service applying filter {_genkey_0=X-GATEWAY-KEY, _genkey_1=9f3a7c1d-very-secret-value} to AddRequestHeader
2026-02-10T22:05:18.408+05:30 DEBUG 28868 --- [api-gateway] [DiscoveryClient-CacheRefreshExecutor-0] o.s.c.g.r.RouteDefinitionRouteLocator    : RouteDefinition matched: customer-status-service
2026-02-10T22:05:18.411+05:30 DEBUG 28868 --- [api-gateway] [DiscoveryClient-CacheRefreshExecutor-0] o.s.c.g.filter.GatewayMetricsFilter      : New routes count: 4
2026-02-10T22:05:48.438+05:30 DEBUG 28868 --- [api-gateway] [DiscoveryClient-CacheRefreshExecutor-0] o.s.c.g.r.RouteDefinitionRouteLocator    : RouteDefinition ReactiveCompositeDiscoveryClient_API-GATEWAY applying {pattern=/api-gateway/**} to Path
2026-02-10T22:05:48.443+05:30 DEBUG 28868 --- [api-gateway] [DiscoveryClient-CacheRefreshExecutor-0] o.s.c.g.r.RouteDefinitionRouteLocator    : RouteDefinition ReactiveCompositeDiscoveryClient_API-GATEWAY applying filter {regexp=/api-gateway/?(?<remaining>.*), replacement=/${remaining}} to RewritePath
2026-02-10T22:05:48.446+05:30 DEBUG 28868 --- [api-gateway] [DiscoveryClient-CacheRefreshExecutor-0] o.s.c.g.r.RouteDefinitionRouteLocator    : RouteDefinition matched: ReactiveCompositeDiscoveryClient_API-GATEWAY
2026-02-10T22:05:48.447+05:30 DEBUG 28868 --- [api-gateway] [DiscoveryClient-CacheRefreshExecutor-0] o.s.c.g.r.RouteDefinitionRouteLocator    : RouteDefinition ReactiveCompositeDiscoveryClient_CUSTOMER-STATUS-SERVICE applying {pattern=/customer-status-service/**} to Path
2026-02-10T22:05:48.449+05:30 DEBUG 28868 --- [api-gateway] [DiscoveryClient-CacheRefreshExecutor-0] o.s.c.g.r.RouteDefinitionRouteLocator    : RouteDefinition ReactiveCompositeDiscoveryClient_CUSTOMER-STATUS-SERVICE applying filter {regexp=/customer-status-service/?(?<remaining>.*), replacement=/${remaining}} to RewritePath
2026-02-10T22:05:48.451+05:30 DEBUG 28868 --- [api-gateway] [DiscoveryClient-CacheRefreshExecutor-0] o.s.c.g.r.RouteDefinitionRouteLocator    : RouteDefinition matched: ReactiveCompositeDiscoveryClient_CUSTOMER-STATUS-SERVICE
2026-02-10T22:05:48.452+05:30 DEBUG 28868 --- [api-gateway] [DiscoveryClient-CacheRefreshExecutor-0] o.s.c.g.r.RouteDefinitionRouteLocator    : RouteDefinition ReactiveCompositeDiscoveryClient_CUSTOMER-API applying {pattern=/customer-api/**} to Path
2026-02-10T22:05:48.456+05:30 DEBUG 28868 --- [api-gateway] [DiscoveryClient-CacheRefreshExecutor-0] o.s.c.g.r.RouteDefinitionRouteLocator    : RouteDefinition ReactiveCompositeDiscoveryClient_CUSTOMER-API applying filter {regexp=/customer-api/?(?<remaining>.*), replacement=/${remaining}} to RewritePath
2026-02-10T22:05:48.458+05:30 DEBUG 28868 --- [api-gateway] [DiscoveryClient-CacheRefreshExecutor-0] o.s.c.g.r.RouteDefinitionRouteLocator    : RouteDefinition matched: ReactiveCompositeDiscoveryClient_CUSTOMER-API
2026-02-10T22:05:48.459+05:30 DEBUG 28868 --- [api-gateway] [DiscoveryClient-CacheRefreshExecutor-0] o.s.c.g.r.RouteDefinitionRouteLocator    : RouteDefinition customer-api applying {_genkey_0=/api/customers/**} to Path
2026-02-10T22:05:48.462+05:30 DEBUG 28868 --- [api-gateway] [DiscoveryClient-CacheRefreshExecutor-0] o.s.c.g.r.RouteDefinitionRouteLocator    : RouteDefinition customer-api applying filter {_genkey_0=X-GATEWAY-KEY} to RemoveRequestHeader
2026-02-10T22:05:48.465+05:30 DEBUG 28868 --- [api-gateway] [DiscoveryClient-CacheRefreshExecutor-0] o.s.c.g.r.RouteDefinitionRouteLocator    : RouteDefinition customer-api applying filter {_genkey_0=X-GATEWAY-KEY, _genkey_1=9f3a7c1d-very-secret-value} to AddRequestHeader
2026-02-10T22:05:48.467+05:30 DEBUG 28868 --- [api-gateway] [DiscoveryClient-CacheRefreshExecutor-0] o.s.c.g.r.RouteDefinitionRouteLocator    : RouteDefinition matched: customer-api
2026-02-10T22:05:48.467+05:30 DEBUG 28868 --- [api-gateway] [DiscoveryClient-CacheRefreshExecutor-0] o.s.c.g.r.RouteDefinitionRouteLocator    : RouteDefinition customer-status-service applying {_genkey_0=/status/**} to Path
2026-02-10T22:05:48.470+05:30 DEBUG 28868 --- [api-gateway] [DiscoveryClient-CacheRefreshExecutor-0] o.s.c.g.r.RouteDefinitionRouteLocator    : RouteDefinition customer-status-service applying filter {_genkey_0=X-GATEWAY-KEY} to RemoveRequestHeader
2026-02-10T22:05:48.471+05:30 DEBUG 28868 --- [api-gateway] [DiscoveryClient-CacheRefreshExecutor-0] o.s.c.g.r.RouteDefinitionRouteLocator    : RouteDefinition customer-status-service applying filter {_genkey_0=X-GATEWAY-KEY, _genkey_1=9f3a7c1d-very-secret-value} to AddRequestHeader
2026-02-10T22:05:48.473+05:30 DEBUG 28868 --- [api-gateway] [DiscoveryClient-CacheRefreshExecutor-0] o.s.c.g.r.RouteDefinitionRouteLocator    : RouteDefinition matched: customer-status-service
2026-02-10T22:05:48.477+05:30 DEBUG 28868 --- [api-gateway] [DiscoveryClient-CacheRefreshExecutor-0] o.s.c.g.filter.GatewayMetricsFilter      : New routes count: 5
2026-02-10T22:06:18.505+05:30 DEBUG 28868 --- [api-gateway] [DiscoveryClient-CacheRefreshExecutor-0] o.s.c.g.r.RouteDefinitionRouteLocator    : RouteDefinition ReactiveCompositeDiscoveryClient_API-GATEWAY applying {pattern=/api-gateway/**} to Path
2026-02-10T22:06:18.509+05:30 DEBUG 28868 --- [api-gateway] [DiscoveryClient-CacheRefreshExecutor-0] o.s.c.g.r.RouteDefinitionRouteLocator    : RouteDefinition ReactiveCompositeDiscoveryClient_API-GATEWAY applying filter {regexp=/api-gateway/?(?<remaining>.*), replacement=/${remaining}} to RewritePath
2026-02-10T22:06:18.511+05:30 DEBUG 28868 --- [api-gateway] [DiscoveryClient-CacheRefreshExecutor-0] o.s.c.g.r.RouteDefinitionRouteLocator    : RouteDefinition matched: ReactiveCompositeDiscoveryClient_API-GATEWAY
2026-02-10T22:06:18.513+05:30 DEBUG 28868 --- [api-gateway] [DiscoveryClient-CacheRefreshExecutor-0] o.s.c.g.r.RouteDefinitionRouteLocator    : RouteDefinition ReactiveCompositeDiscoveryClient_CUSTOMER-STATUS-SERVICE applying {pattern=/customer-status-service/**} to Path
2026-02-10T22:06:18.515+05:30 DEBUG 28868 --- [api-gateway] [DiscoveryClient-CacheRefreshExecutor-0] o.s.c.g.r.RouteDefinitionRouteLocator    : RouteDefinition ReactiveCompositeDiscoveryClient_CUSTOMER-STATUS-SERVICE applying filter {regexp=/customer-status-service/?(?<remaining>.*), replacement=/${remaining}} to RewritePath
2026-02-10T22:06:18.517+05:30 DEBUG 28868 --- [api-gateway] [DiscoveryClient-CacheRefreshExecutor-0] o.s.c.g.r.RouteDefinitionRouteLocator    : RouteDefinition matched: ReactiveCompositeDiscoveryClient_CUSTOMER-STATUS-SERVICE
2026-02-10T22:06:18.518+05:30 DEBUG 28868 --- [api-gateway] [DiscoveryClient-CacheRefreshExecutor-0] o.s.c.g.r.RouteDefinitionRouteLocator    : RouteDefinition ReactiveCompositeDiscoveryClient_CUSTOMER-API applying {pattern=/customer-api/**} to Path
2026-02-10T22:06:18.521+05:30 DEBUG 28868 --- [api-gateway] [DiscoveryClient-CacheRefreshExecutor-0] o.s.c.g.r.RouteDefinitionRouteLocator    : RouteDefinition ReactiveCompositeDiscoveryClient_CUSTOMER-API applying filter {regexp=/customer-api/?(?<remaining>.*), replacement=/${remaining}} to RewritePath
2026-02-10T22:06:18.522+05:30 DEBUG 28868 --- [api-gateway] [DiscoveryClient-CacheRefreshExecutor-0] o.s.c.g.r.RouteDefinitionRouteLocator    : RouteDefinition matched: ReactiveCompositeDiscoveryClient_CUSTOMER-API
2026-02-10T22:06:18.522+05:30 DEBUG 28868 --- [api-gateway] [DiscoveryClient-CacheRefreshExecutor-0] o.s.c.g.r.RouteDefinitionRouteLocator    : RouteDefinition customer-api applying {_genkey_0=/api/customers/**} to Path
2026-02-10T22:06:18.524+05:30 DEBUG 28868 --- [api-gateway] [DiscoveryClient-CacheRefreshExecutor-0] o.s.c.g.r.RouteDefinitionRouteLocator    : RouteDefinition customer-api applying filter {_genkey_0=X-GATEWAY-KEY} to RemoveRequestHeader
2026-02-10T22:06:18.525+05:30 DEBUG 28868 --- [api-gateway] [DiscoveryClient-CacheRefreshExecutor-0] o.s.c.g.r.RouteDefinitionRouteLocator    : RouteDefinition customer-api applying filter {_genkey_0=X-GATEWAY-KEY, _genkey_1=9f3a7c1d-very-secret-value} to AddRequestHeader
2026-02-10T22:06:18.526+05:30 DEBUG 28868 --- [api-gateway] [DiscoveryClient-CacheRefreshExecutor-0] o.s.c.g.r.RouteDefinitionRouteLocator    : RouteDefinition matched: customer-api
2026-02-10T22:06:18.526+05:30 DEBUG 28868 --- [api-gateway] [DiscoveryClient-CacheRefreshExecutor-0] o.s.c.g.r.RouteDefinitionRouteLocator    : RouteDefinition customer-status-service applying {_genkey_0=/status/**} to Path
2026-02-10T22:06:18.529+05:30 DEBUG 28868 --- [api-gateway] [DiscoveryClient-CacheRefreshExecutor-0] o.s.c.g.r.RouteDefinitionRouteLocator    : RouteDefinition customer-status-service applying filter {_genkey_0=X-GATEWAY-KEY} to RemoveRequestHeader
2026-02-10T22:06:18.532+05:30 DEBUG 28868 --- [api-gateway] [DiscoveryClient-CacheRefreshExecutor-0] o.s.c.g.r.RouteDefinitionRouteLocator    : RouteDefinition customer-status-service applying filter {_genkey_0=X-GATEWAY-KEY, _genkey_1=9f3a7c1d-very-secret-value} to AddRequestHeader
2026-02-10T22:06:18.534+05:30 DEBUG 28868 --- [api-gateway] [DiscoveryClient-CacheRefreshExecutor-0] o.s.c.g.r.RouteDefinitionRouteLocator    : RouteDefinition matched: customer-status-service
2026-02-10T22:06:18.538+05:30 DEBUG 28868 --- [api-gateway] [DiscoveryClient-CacheRefreshExecutor-0] o.s.c.g.filter.GatewayMetricsFilter      : New routes count: 5
2026-02-10T22:06:48.567+05:30 DEBUG 28868 --- [api-gateway] [DiscoveryClient-CacheRefreshExecutor-0] o.s.c.g.r.RouteDefinitionRouteLocator    : RouteDefinition ReactiveCompositeDiscoveryClient_API-GATEWAY applying {pattern=/api-gateway/**} to Path
2026-02-10T22:06:48.570+05:30 DEBUG 28868 --- [api-gateway] [DiscoveryClient-CacheRefreshExecutor-0] o.s.c.g.r.RouteDefinitionRouteLocator    : RouteDefinition ReactiveCompositeDiscoveryClient_API-GATEWAY applying filter {regexp=/api-gateway/?(?<remaining>.*), replacement=/${remaining}} to RewritePath
2026-02-10T22:06:48.572+05:30 DEBUG 28868 --- [api-gateway] [DiscoveryClient-CacheRefreshExecutor-0] o.s.c.g.r.RouteDefinitionRouteLocator    : RouteDefinition matched: ReactiveCompositeDiscoveryClient_API-GATEWAY
2026-02-10T22:06:48.573+05:30 DEBUG 28868 --- [api-gateway] [DiscoveryClient-CacheRefreshExecutor-0] o.s.c.g.r.RouteDefinitionRouteLocator    : RouteDefinition ReactiveCompositeDiscoveryClient_CUSTOMER-STATUS-SERVICE applying {pattern=/customer-status-service/**} to Path
2026-02-10T22:06:48.574+05:30 DEBUG 28868 --- [api-gateway] [DiscoveryClient-CacheRefreshExecutor-0] o.s.c.g.r.RouteDefinitionRouteLocator    : RouteDefinition ReactiveCompositeDiscoveryClient_CUSTOMER-STATUS-SERVICE applying filter {regexp=/customer-status-service/?(?<remaining>.*), replacement=/${remaining}} to RewritePath
2026-02-10T22:06:48.576+05:30 DEBUG 28868 --- [api-gateway] [DiscoveryClient-CacheRefreshExecutor-0] o.s.c.g.r.RouteDefinitionRouteLocator    : RouteDefinition matched: ReactiveCompositeDiscoveryClient_CUSTOMER-STATUS-SERVICE
2026-02-10T22:06:48.577+05:30 DEBUG 28868 --- [api-gateway] [DiscoveryClient-CacheRefreshExecutor-0] o.s.c.g.r.RouteDefinitionRouteLocator    : RouteDefinition ReactiveCompositeDiscoveryClient_CUSTOMER-API applying {pattern=/customer-api/**} to Path
2026-02-10T22:06:48.578+05:30 DEBUG 28868 --- [api-gateway] [DiscoveryClient-CacheRefreshExecutor-0] o.s.c.g.r.RouteDefinitionRouteLocator    : RouteDefinition ReactiveCompositeDiscoveryClient_CUSTOMER-API applying filter {regexp=/customer-api/?(?<remaining>.*), replacement=/${remaining}} to RewritePath
2026-02-10T22:06:48.579+05:30 DEBUG 28868 --- [api-gateway] [DiscoveryClient-CacheRefreshExecutor-0] o.s.c.g.r.RouteDefinitionRouteLocator    : RouteDefinition matched: ReactiveCompositeDiscoveryClient_CUSTOMER-API
2026-02-10T22:06:48.580+05:30 DEBUG 28868 --- [api-gateway] [DiscoveryClient-CacheRefreshExecutor-0] o.s.c.g.r.RouteDefinitionRouteLocator    : RouteDefinition customer-api applying {_genkey_0=/api/customers/**} to Path
2026-02-10T22:06:48.581+05:30 DEBUG 28868 --- [api-gateway] [DiscoveryClient-CacheRefreshExecutor-0] o.s.c.g.r.RouteDefinitionRouteLocator    : RouteDefinition customer-api applying filter {_genkey_0=X-GATEWAY-KEY} to RemoveRequestHeader
2026-02-10T22:06:48.584+05:30 DEBUG 28868 --- [api-gateway] [DiscoveryClient-CacheRefreshExecutor-0] o.s.c.g.r.RouteDefinitionRouteLocator    : RouteDefinition customer-api applying filter {_genkey_0=X-GATEWAY-KEY, _genkey_1=9f3a7c1d-very-secret-value} to AddRequestHeader
2026-02-10T22:06:48.585+05:30 DEBUG 28868 --- [api-gateway] [DiscoveryClient-CacheRefreshExecutor-0] o.s.c.g.r.RouteDefinitionRouteLocator    : RouteDefinition matched: customer-api
2026-02-10T22:06:48.586+05:30 DEBUG 28868 --- [api-gateway] [DiscoveryClient-CacheRefreshExecutor-0] o.s.c.g.r.RouteDefinitionRouteLocator    : RouteDefinition customer-status-service applying {_genkey_0=/status/**} to Path
2026-02-10T22:06:48.588+05:30 DEBUG 28868 --- [api-gateway] [DiscoveryClient-CacheRefreshExecutor-0] o.s.c.g.r.RouteDefinitionRouteLocator    : RouteDefinition customer-status-service applying filter {_genkey_0=X-GATEWAY-KEY} to RemoveRequestHeader
2026-02-10T22:06:48.590+05:30 DEBUG 28868 --- [api-gateway] [DiscoveryClient-CacheRefreshExecutor-0] o.s.c.g.r.RouteDefinitionRouteLocator    : RouteDefinition customer-status-service applying filter {_genkey_0=X-GATEWAY-KEY, _genkey_1=9f3a7c1d-very-secret-value} to AddRequestHeader
2026-02-10T22:06:48.591+05:30 DEBUG 28868 --- [api-gateway] [DiscoveryClient-CacheRefreshExecutor-0] o.s.c.g.r.RouteDefinitionRouteLocator    : RouteDefinition matched: customer-status-service
2026-02-10T22:06:48.595+05:30 DEBUG 28868 --- [api-gateway] [DiscoveryClient-CacheRefreshExecutor-0] o.s.c.g.filter.GatewayMetricsFilter      : New routes count: 5
2026-02-10T22:07:18.621+05:30 DEBUG 28868 --- [api-gateway] [DiscoveryClient-CacheRefreshExecutor-0] o.s.c.g.r.RouteDefinitionRouteLocator    : RouteDefinition ReactiveCompositeDiscoveryClient_API-GATEWAY applying {pattern=/api-gateway/**} to Path
2026-02-10T22:07:18.624+05:30 DEBUG 28868 --- [api-gateway] [DiscoveryClient-CacheRefreshExecutor-0] o.s.c.g.r.RouteDefinitionRouteLocator    : RouteDefinition ReactiveCompositeDiscoveryClient_API-GATEWAY applying filter {regexp=/api-gateway/?(?<remaining>.*), replacement=/${remaining}} to RewritePath
2026-02-10T22:07:18.626+05:30 DEBUG 28868 --- [api-gateway] [DiscoveryClient-CacheRefreshExecutor-0] o.s.c.g.r.RouteDefinitionRouteLocator    : RouteDefinition matched: ReactiveCompositeDiscoveryClient_API-GATEWAY
2026-02-10T22:07:18.627+05:30 DEBUG 28868 --- [api-gateway] [DiscoveryClient-CacheRefreshExecutor-0] o.s.c.g.r.RouteDefinitionRouteLocator    : RouteDefinition ReactiveCompositeDiscoveryClient_CUSTOMER-STATUS-SERVICE applying {pattern=/customer-status-service/**} to Path
2026-02-10T22:07:18.629+05:30 DEBUG 28868 --- [api-gateway] [DiscoveryClient-CacheRefreshExecutor-0] o.s.c.g.r.RouteDefinitionRouteLocator    : RouteDefinition ReactiveCompositeDiscoveryClient_CUSTOMER-STATUS-SERVICE applying filter {regexp=/customer-status-service/?(?<remaining>.*), replacement=/${remaining}} to RewritePath
2026-02-10T22:07:18.631+05:30 DEBUG 28868 --- [api-gateway] [DiscoveryClient-CacheRefreshExecutor-0] o.s.c.g.r.RouteDefinitionRouteLocator    : RouteDefinition matched: ReactiveCompositeDiscoveryClient_CUSTOMER-STATUS-SERVICE
2026-02-10T22:07:18.632+05:30 DEBUG 28868 --- [api-gateway] [DiscoveryClient-CacheRefreshExecutor-0] o.s.c.g.r.RouteDefinitionRouteLocator    : RouteDefinition ReactiveCompositeDiscoveryClient_CUSTOMER-API applying {pattern=/customer-api/**} to Path
2026-02-10T22:07:18.635+05:30 DEBUG 28868 --- [api-gateway] [DiscoveryClient-CacheRefreshExecutor-0] o.s.c.g.r.RouteDefinitionRouteLocator    : RouteDefinition ReactiveCompositeDiscoveryClient_CUSTOMER-API applying filter {regexp=/customer-api/?(?<remaining>.*), replacement=/${remaining}} to RewritePath
2026-02-10T22:07:18.636+05:30 DEBUG 28868 --- [api-gateway] [DiscoveryClient-CacheRefreshExecutor-0] o.s.c.g.r.RouteDefinitionRouteLocator    : RouteDefinition matched: ReactiveCompositeDiscoveryClient_CUSTOMER-API
2026-02-10T22:07:18.636+05:30 DEBUG 28868 --- [api-gateway] [DiscoveryClient-CacheRefreshExecutor-0] o.s.c.g.r.RouteDefinitionRouteLocator    : RouteDefinition customer-api applying {_genkey_0=/api/customers/**} to Path
2026-02-10T22:07:18.637+05:30 DEBUG 28868 --- [api-gateway] [DiscoveryClient-CacheRefreshExecutor-0] o.s.c.g.r.RouteDefinitionRouteLocator    : RouteDefinition customer-api applying filter {_genkey_0=X-GATEWAY-KEY} to RemoveRequestHeader
2026-02-10T22:07:18.638+05:30 DEBUG 28868 --- [api-gateway] [DiscoveryClient-CacheRefreshExecutor-0] o.s.c.g.r.RouteDefinitionRouteLocator    : RouteDefinition customer-api applying filter {_genkey_0=X-GATEWAY-KEY, _genkey_1=9f3a7c1d-very-secret-value} to AddRequestHeader
2026-02-10T22:07:18.640+05:30 DEBUG 28868 --- [api-gateway] [DiscoveryClient-CacheRefreshExecutor-0] o.s.c.g.r.RouteDefinitionRouteLocator    : RouteDefinition matched: customer-api
2026-02-10T22:07:18.640+05:30 DEBUG 28868 --- [api-gateway] [DiscoveryClient-CacheRefreshExecutor-0] o.s.c.g.r.RouteDefinitionRouteLocator    : RouteDefinition customer-status-service applying {_genkey_0=/status/**} to Path
2026-02-10T22:07:18.642+05:30 DEBUG 28868 --- [api-gateway] [DiscoveryClient-CacheRefreshExecutor-0] o.s.c.g.r.RouteDefinitionRouteLocator    : RouteDefinition customer-status-service applying filter {_genkey_0=X-GATEWAY-KEY} to RemoveRequestHeader
2026-02-10T22:07:18.643+05:30 DEBUG 28868 --- [api-gateway] [DiscoveryClient-CacheRefreshExecutor-0] o.s.c.g.r.RouteDefinitionRouteLocator    : RouteDefinition customer-status-service applying filter {_genkey_0=X-GATEWAY-KEY, _genkey_1=9f3a7c1d-very-secret-value} to AddRequestHeader
2026-02-10T22:07:18.644+05:30 DEBUG 28868 --- [api-gateway] [DiscoveryClient-CacheRefreshExecutor-0] o.s.c.g.r.RouteDefinitionRouteLocator    : RouteDefinition matched: customer-status-service
2026-02-10T22:07:18.649+05:30 DEBUG 28868 --- [api-gateway] [DiscoveryClient-CacheRefreshExecutor-0] o.s.c.g.filter.GatewayMetricsFilter      : New routes count: 5
2026-02-10T22:07:46.975+05:30  INFO 28868 --- [api-gateway] [AsyncResolver-bootstrap-executor-0] c.n.d.s.r.aws.ConfigClusterResolver      : Resolving eureka endpoints via configuration
2026-02-10T22:07:48.667+05:30 DEBUG 28868 --- [api-gateway] [DiscoveryClient-CacheRefreshExecutor-0] o.s.c.g.r.RouteDefinitionRouteLocator    : RouteDefinition ReactiveCompositeDiscoveryClient_API-GATEWAY applying {pattern=/api-gateway/**} to Path
2026-02-10T22:07:48.672+05:30 DEBUG 28868 --- [api-gateway] [DiscoveryClient-CacheRefreshExecutor-0] o.s.c.g.r.RouteDefinitionRouteLocator    : RouteDefinition ReactiveCompositeDiscoveryClient_API-GATEWAY applying filter {regexp=/api-gateway/?(?<remaining>.*), replacement=/${remaining}} to RewritePath
2026-02-10T22:07:48.673+05:30 DEBUG 28868 --- [api-gateway] [DiscoveryClient-CacheRefreshExecutor-0] o.s.c.g.r.RouteDefinitionRouteLocator    : RouteDefinition matched: ReactiveCompositeDiscoveryClient_API-GATEWAY
2026-02-10T22:07:48.674+05:30 DEBUG 28868 --- [api-gateway] [DiscoveryClient-CacheRefreshExecutor-0] o.s.c.g.r.RouteDefinitionRouteLocator    : RouteDefinition ReactiveCompositeDiscoveryClient_CUSTOMER-STATUS-SERVICE applying {pattern=/customer-status-service/**} to Path
2026-02-10T22:07:48.676+05:30 DEBUG 28868 --- [api-gateway] [DiscoveryClient-CacheRefreshExecutor-0] o.s.c.g.r.RouteDefinitionRouteLocator    : RouteDefinition ReactiveCompositeDiscoveryClient_CUSTOMER-STATUS-SERVICE applying filter {regexp=/customer-status-service/?(?<remaining>.*), replacement=/${remaining}} to RewritePath
2026-02-10T22:07:48.677+05:30 DEBUG 28868 --- [api-gateway] [DiscoveryClient-CacheRefreshExecutor-0] o.s.c.g.r.RouteDefinitionRouteLocator    : RouteDefinition matched: ReactiveCompositeDiscoveryClient_CUSTOMER-STATUS-SERVICE
2026-02-10T22:07:48.677+05:30 DEBUG 28868 --- [api-gateway] [DiscoveryClient-CacheRefreshExecutor-0] o.s.c.g.r.RouteDefinitionRouteLocator    : RouteDefinition ReactiveCompositeDiscoveryClient_CUSTOMER-API applying {pattern=/customer-api/**} to Path
2026-02-10T22:07:48.679+05:30 DEBUG 28868 --- [api-gateway] [DiscoveryClient-CacheRefreshExecutor-0] o.s.c.g.r.RouteDefinitionRouteLocator    : RouteDefinition ReactiveCompositeDiscoveryClient_CUSTOMER-API applying filter {regexp=/customer-api/?(?<remaining>.*), replacement=/${remaining}} to RewritePath
2026-02-10T22:07:48.680+05:30 DEBUG 28868 --- [api-gateway] [DiscoveryClient-CacheRefreshExecutor-0] o.s.c.g.r.RouteDefinitionRouteLocator    : RouteDefinition matched: ReactiveCompositeDiscoveryClient_CUSTOMER-API
2026-02-10T22:07:48.681+05:30 DEBUG 28868 --- [api-gateway] [DiscoveryClient-CacheRefreshExecutor-0] o.s.c.g.r.RouteDefinitionRouteLocator    : RouteDefinition customer-api applying {_genkey_0=/api/customers/**} to Path
2026-02-10T22:07:48.682+05:30 DEBUG 28868 --- [api-gateway] [DiscoveryClient-CacheRefreshExecutor-0] o.s.c.g.r.RouteDefinitionRouteLocator    : RouteDefinition customer-api applying filter {_genkey_0=X-GATEWAY-KEY} to RemoveRequestHeader
2026-02-10T22:07:48.684+05:30 DEBUG 28868 --- [api-gateway] [DiscoveryClient-CacheRefreshExecutor-0] o.s.c.g.r.RouteDefinitionRouteLocator    : RouteDefinition customer-api applying filter {_genkey_0=X-GATEWAY-KEY, _genkey_1=9f3a7c1d-very-secret-value} to AddRequestHeader
2026-02-10T22:07:48.685+05:30 DEBUG 28868 --- [api-gateway] [DiscoveryClient-CacheRefreshExecutor-0] o.s.c.g.r.RouteDefinitionRouteLocator    : RouteDefinition matched: customer-api
2026-02-10T22:07:48.686+05:30 DEBUG 28868 --- [api-gateway] [DiscoveryClient-CacheRefreshExecutor-0] o.s.c.g.r.RouteDefinitionRouteLocator    : RouteDefinition customer-status-service applying {_genkey_0=/status/**} to Path
2026-02-10T22:07:48.687+05:30 DEBUG 28868 --- [api-gateway] [DiscoveryClient-CacheRefreshExecutor-0] o.s.c.g.r.RouteDefinitionRouteLocator    : RouteDefinition customer-status-service applying filter {_genkey_0=X-GATEWAY-KEY} to RemoveRequestHeader
2026-02-10T22:07:48.688+05:30 DEBUG 28868 --- [api-gateway] [DiscoveryClient-CacheRefreshExecutor-0] o.s.c.g.r.RouteDefinitionRouteLocator    : RouteDefinition customer-status-service applying filter {_genkey_0=X-GATEWAY-KEY, _genkey_1=9f3a7c1d-very-secret-value} to AddRequestHeader
2026-02-10T22:07:48.690+05:30 DEBUG 28868 --- [api-gateway] [DiscoveryClient-CacheRefreshExecutor-0] o.s.c.g.r.RouteDefinitionRouteLocator    : RouteDefinition matched: customer-status-service
2026-02-10T22:07:48.692+05:30 DEBUG 28868 --- [api-gateway] [DiscoveryClient-CacheRefreshExecutor-0] o.s.c.g.filter.GatewayMetricsFilter      : New routes count: 5
2026-02-10T22:16:51.439+05:30 DEBUG 28868 --- [api-gateway] [DiscoveryClient-CacheRefreshExecutor-0] o.s.c.g.r.RouteDefinitionRouteLocator    : RouteDefinition ReactiveCompositeDiscoveryClient_API-GATEWAY applying {pattern=/api-gateway/**} to Path
2026-02-10T22:16:51.442+05:30 DEBUG 28868 --- [api-gateway] [DiscoveryClient-CacheRefreshExecutor-0] o.s.c.g.r.RouteDefinitionRouteLocator    : RouteDefinition ReactiveCompositeDiscoveryClient_API-GATEWAY applying filter {regexp=/api-gateway/?(?<remaining>.*), replacement=/${remaining}} to RewritePath
2026-02-10T22:16:51.443+05:30 DEBUG 28868 --- [api-gateway] [DiscoveryClient-CacheRefreshExecutor-0] o.s.c.g.r.RouteDefinitionRouteLocator    : RouteDefinition matched: ReactiveCompositeDiscoveryClient_API-GATEWAY
2026-02-10T22:16:51.445+05:30 DEBUG 28868 --- [api-gateway] [DiscoveryClient-CacheRefreshExecutor-0] o.s.c.g.r.RouteDefinitionRouteLocator    : RouteDefinition ReactiveCompositeDiscoveryClient_CUSTOMER-STATUS-SERVICE applying {pattern=/customer-status-service/**} to Path
2026-02-10T22:16:51.445+05:30 DEBUG 28868 --- [api-gateway] [DiscoveryClient-CacheRefreshExecutor-0] o.s.c.g.r.RouteDefinitionRouteLocator    : RouteDefinition ReactiveCompositeDiscoveryClient_CUSTOMER-STATUS-SERVICE applying filter {regexp=/customer-status-service/?(?<remaining>.*), replacement=/${remaining}} to RewritePath
2026-02-10T22:16:51.446+05:30 DEBUG 28868 --- [api-gateway] [DiscoveryClient-CacheRefreshExecutor-0] o.s.c.g.r.RouteDefinitionRouteLocator    : RouteDefinition matched: ReactiveCompositeDiscoveryClient_CUSTOMER-STATUS-SERVICE
2026-02-10T22:16:51.447+05:30 DEBUG 28868 --- [api-gateway] [DiscoveryClient-CacheRefreshExecutor-0] o.s.c.g.r.RouteDefinitionRouteLocator    : RouteDefinition ReactiveCompositeDiscoveryClient_CUSTOMER-API applying {pattern=/customer-api/**} to Path
2026-02-10T22:16:51.449+05:30 DEBUG 28868 --- [api-gateway] [DiscoveryClient-CacheRefreshExecutor-0] o.s.c.g.r.RouteDefinitionRouteLocator    : RouteDefinition ReactiveCompositeDiscoveryClient_CUSTOMER-API applying filter {regexp=/customer-api/?(?<remaining>.*), replacement=/${remaining}} to RewritePath
2026-02-10T22:16:51.450+05:30 DEBUG 28868 --- [api-gateway] [DiscoveryClient-CacheRefreshExecutor-0] o.s.c.g.r.RouteDefinitionRouteLocator    : RouteDefinition matched: ReactiveCompositeDiscoveryClient_CUSTOMER-API
2026-02-10T22:16:51.451+05:30 DEBUG 28868 --- [api-gateway] [DiscoveryClient-CacheRefreshExecutor-0] o.s.c.g.r.RouteDefinitionRouteLocator    : RouteDefinition customer-api applying {_genkey_0=/api/customers/**} to Path
2026-02-10T22:16:51.452+05:30 DEBUG 28868 --- [api-gateway] [DiscoveryClient-CacheRefreshExecutor-0] o.s.c.g.r.RouteDefinitionRouteLocator    : RouteDefinition customer-api applying filter {_genkey_0=X-GATEWAY-KEY} to RemoveRequestHeader
2026-02-10T22:16:51.454+05:30 DEBUG 28868 --- [api-gateway] [DiscoveryClient-CacheRefreshExecutor-0] o.s.c.g.r.RouteDefinitionRouteLocator    : RouteDefinition customer-api applying filter {_genkey_0=X-GATEWAY-KEY, _genkey_1=9f3a7c1d-very-secret-value} to AddRequestHeader
2026-02-10T22:16:51.455+05:30 DEBUG 28868 --- [api-gateway] [DiscoveryClient-CacheRefreshExecutor-0] o.s.c.g.r.RouteDefinitionRouteLocator    : RouteDefinition matched: customer-api
2026-02-10T22:16:51.455+05:30 DEBUG 28868 --- [api-gateway] [DiscoveryClient-CacheRefreshExecutor-0] o.s.c.g.r.RouteDefinitionRouteLocator    : RouteDefinition customer-status-service applying {_genkey_0=/status/**} to Path
2026-02-10T22:16:51.457+05:30 DEBUG 28868 --- [api-gateway] [DiscoveryClient-CacheRefreshExecutor-0] o.s.c.g.r.RouteDefinitionRouteLocator    : RouteDefinition customer-status-service applying filter {_genkey_0=X-GATEWAY-KEY} to RemoveRequestHeader
2026-02-10T22:16:51.458+05:30 DEBUG 28868 --- [api-gateway] [DiscoveryClient-CacheRefreshExecutor-0] o.s.c.g.r.RouteDefinitionRouteLocator    : RouteDefinition customer-status-service applying filter {_genkey_0=X-GATEWAY-KEY, _genkey_1=9f3a7c1d-very-secret-value} to AddRequestHeader
2026-02-10T22:16:51.460+05:30 DEBUG 28868 --- [api-gateway] [DiscoveryClient-CacheRefreshExecutor-0] o.s.c.g.r.RouteDefinitionRouteLocator    : RouteDefinition matched: customer-status-service
2026-02-10T22:16:51.463+05:30 DEBUG 28868 --- [api-gateway] [DiscoveryClient-CacheRefreshExecutor-0] o.s.c.g.filter.GatewayMetricsFilter      : New routes count: 5
2026-02-10T22:17:21.482+05:30 DEBUG 28868 --- [api-gateway] [DiscoveryClient-CacheRefreshExecutor-0] o.s.c.g.r.RouteDefinitionRouteLocator    : RouteDefinition ReactiveCompositeDiscoveryClient_API-GATEWAY applying {pattern=/api-gateway/**} to Path
2026-02-10T22:17:21.484+05:30 DEBUG 28868 --- [api-gateway] [DiscoveryClient-CacheRefreshExecutor-0] o.s.c.g.r.RouteDefinitionRouteLocator    : RouteDefinition ReactiveCompositeDiscoveryClient_API-GATEWAY applying filter {regexp=/api-gateway/?(?<remaining>.*), replacement=/${remaining}} to RewritePath
2026-02-10T22:17:21.486+05:30 DEBUG 28868 --- [api-gateway] [DiscoveryClient-CacheRefreshExecutor-0] o.s.c.g.r.RouteDefinitionRouteLocator    : RouteDefinition matched: ReactiveCompositeDiscoveryClient_API-GATEWAY
2026-02-10T22:17:21.487+05:30 DEBUG 28868 --- [api-gateway] [DiscoveryClient-CacheRefreshExecutor-0] o.s.c.g.r.RouteDefinitionRouteLocator    : RouteDefinition ReactiveCompositeDiscoveryClient_CUSTOMER-STATUS-SERVICE applying {pattern=/customer-status-service/**} to Path
2026-02-10T22:17:21.489+05:30 DEBUG 28868 --- [api-gateway] [DiscoveryClient-CacheRefreshExecutor-0] o.s.c.g.r.RouteDefinitionRouteLocator    : RouteDefinition ReactiveCompositeDiscoveryClient_CUSTOMER-STATUS-SERVICE applying filter {regexp=/customer-status-service/?(?<remaining>.*), replacement=/${remaining}} to RewritePath
2026-02-10T22:17:21.490+05:30 DEBUG 28868 --- [api-gateway] [DiscoveryClient-CacheRefreshExecutor-0] o.s.c.g.r.RouteDefinitionRouteLocator    : RouteDefinition matched: ReactiveCompositeDiscoveryClient_CUSTOMER-STATUS-SERVICE
2026-02-10T22:17:21.491+05:30 DEBUG 28868 --- [api-gateway] [DiscoveryClient-CacheRefreshExecutor-0] o.s.c.g.r.RouteDefinitionRouteLocator    : RouteDefinition ReactiveCompositeDiscoveryClient_CUSTOMER-API applying {pattern=/customer-api/**} to Path
2026-02-10T22:17:21.492+05:30 DEBUG 28868 --- [api-gateway] [DiscoveryClient-CacheRefreshExecutor-0] o.s.c.g.r.RouteDefinitionRouteLocator    : RouteDefinition ReactiveCompositeDiscoveryClient_CUSTOMER-API applying filter {regexp=/customer-api/?(?<remaining>.*), replacement=/${remaining}} to RewritePath
2026-02-10T22:17:21.493+05:30 DEBUG 28868 --- [api-gateway] [DiscoveryClient-CacheRefreshExecutor-0] o.s.c.g.r.RouteDefinitionRouteLocator    : RouteDefinition matched: ReactiveCompositeDiscoveryClient_CUSTOMER-API
2026-02-10T22:17:21.494+05:30 DEBUG 28868 --- [api-gateway] [DiscoveryClient-CacheRefreshExecutor-0] o.s.c.g.r.RouteDefinitionRouteLocator    : RouteDefinition customer-api applying {_genkey_0=/api/customers/**} to Path
2026-02-10T22:17:21.495+05:30 DEBUG 28868 --- [api-gateway] [DiscoveryClient-CacheRefreshExecutor-0] o.s.c.g.r.RouteDefinitionRouteLocator    : RouteDefinition customer-api applying filter {_genkey_0=X-GATEWAY-KEY} to RemoveRequestHeader
2026-02-10T22:17:21.496+05:30 DEBUG 28868 --- [api-gateway] [DiscoveryClient-CacheRefreshExecutor-0] o.s.c.g.r.RouteDefinitionRouteLocator    : RouteDefinition customer-api applying filter {_genkey_0=X-GATEWAY-KEY, _genkey_1=9f3a7c1d-very-secret-value} to AddRequestHeader
2026-02-10T22:17:21.497+05:30 DEBUG 28868 --- [api-gateway] [DiscoveryClient-CacheRefreshExecutor-0] o.s.c.g.r.RouteDefinitionRouteLocator    : RouteDefinition matched: customer-api
2026-02-10T22:17:21.497+05:30 DEBUG 28868 --- [api-gateway] [DiscoveryClient-CacheRefreshExecutor-0] o.s.c.g.r.RouteDefinitionRouteLocator    : RouteDefinition customer-status-service applying {_genkey_0=/status/**} to Path
2026-02-10T22:17:21.499+05:30 DEBUG 28868 --- [api-gateway] [DiscoveryClient-CacheRefreshExecutor-0] o.s.c.g.r.RouteDefinitionRouteLocator    : RouteDefinition customer-status-service applying filter {_genkey_0=X-GATEWAY-KEY} to RemoveRequestHeader
2026-02-10T22:17:21.500+05:30 DEBUG 28868 --- [api-gateway] [DiscoveryClient-CacheRefreshExecutor-0] o.s.c.g.r.RouteDefinitionRouteLocator    : RouteDefinition customer-status-service applying filter {_genkey_0=X-GATEWAY-KEY, _genkey_1=9f3a7c1d-very-secret-value} to AddRequestHeader
2026-02-10T22:17:21.502+05:30 DEBUG 28868 --- [api-gateway] [DiscoveryClient-CacheRefreshExecutor-0] o.s.c.g.r.RouteDefinitionRouteLocator    : RouteDefinition matched: customer-status-service
2026-02-10T22:17:21.506+05:30 DEBUG 28868 --- [api-gateway] [DiscoveryClient-CacheRefreshExecutor-0] o.s.c.g.filter.GatewayMetricsFilter      : New routes count: 5
2026-02-10T22:17:51.528+05:30 DEBUG 28868 --- [api-gateway] [DiscoveryClient-CacheRefreshExecutor-0] o.s.c.g.r.RouteDefinitionRouteLocator    : RouteDefinition ReactiveCompositeDiscoveryClient_API-GATEWAY applying {pattern=/api-gateway/**} to Path
2026-02-10T22:17:51.531+05:30 DEBUG 28868 --- [api-gateway] [DiscoveryClient-CacheRefreshExecutor-0] o.s.c.g.r.RouteDefinitionRouteLocator    : RouteDefinition ReactiveCompositeDiscoveryClient_API-GATEWAY applying filter {regexp=/api-gateway/?(?<remaining>.*), replacement=/${remaining}} to RewritePath
2026-02-10T22:17:51.533+05:30 DEBUG 28868 --- [api-gateway] [DiscoveryClient-CacheRefreshExecutor-0] o.s.c.g.r.RouteDefinitionRouteLocator    : RouteDefinition matched: ReactiveCompositeDiscoveryClient_API-GATEWAY
2026-02-10T22:17:51.534+05:30 DEBUG 28868 --- [api-gateway] [DiscoveryClient-CacheRefreshExecutor-0] o.s.c.g.r.RouteDefinitionRouteLocator    : RouteDefinition ReactiveCompositeDiscoveryClient_CUSTOMER-STATUS-SERVICE applying {pattern=/customer-status-service/**} to Path
2026-02-10T22:17:51.536+05:30 DEBUG 28868 --- [api-gateway] [DiscoveryClient-CacheRefreshExecutor-0] o.s.c.g.r.RouteDefinitionRouteLocator    : RouteDefinition ReactiveCompositeDiscoveryClient_CUSTOMER-STATUS-SERVICE applying filter {regexp=/customer-status-service/?(?<remaining>.*), replacement=/${remaining}} to RewritePath
2026-02-10T22:17:51.538+05:30 DEBUG 28868 --- [api-gateway] [DiscoveryClient-CacheRefreshExecutor-0] o.s.c.g.r.RouteDefinitionRouteLocator    : RouteDefinition matched: ReactiveCompositeDiscoveryClient_CUSTOMER-STATUS-SERVICE
2026-02-10T22:17:51.538+05:30 DEBUG 28868 --- [api-gateway] [DiscoveryClient-CacheRefreshExecutor-0] o.s.c.g.r.RouteDefinitionRouteLocator    : RouteDefinition ReactiveCompositeDiscoveryClient_CUSTOMER-API applying {pattern=/customer-api/**} to Path
2026-02-10T22:17:51.540+05:30 DEBUG 28868 --- [api-gateway] [DiscoveryClient-CacheRefreshExecutor-0] o.s.c.g.r.RouteDefinitionRouteLocator    : RouteDefinition ReactiveCompositeDiscoveryClient_CUSTOMER-API applying filter {regexp=/customer-api/?(?<remaining>.*), replacement=/${remaining}} to RewritePath
2026-02-10T22:17:51.541+05:30 DEBUG 28868 --- [api-gateway] [DiscoveryClient-CacheRefreshExecutor-0] o.s.c.g.r.RouteDefinitionRouteLocator    : RouteDefinition matched: ReactiveCompositeDiscoveryClient_CUSTOMER-API
2026-02-10T22:17:51.542+05:30 DEBUG 28868 --- [api-gateway] [DiscoveryClient-CacheRefreshExecutor-0] o.s.c.g.r.RouteDefinitionRouteLocator    : RouteDefinition customer-api applying {_genkey_0=/api/customers/**} to Path
2026-02-10T22:17:51.544+05:30 DEBUG 28868 --- [api-gateway] [DiscoveryClient-CacheRefreshExecutor-0] o.s.c.g.r.RouteDefinitionRouteLocator    : RouteDefinition customer-api applying filter {_genkey_0=X-GATEWAY-KEY} to RemoveRequestHeader
2026-02-10T22:17:51.545+05:30 DEBUG 28868 --- [api-gateway] [DiscoveryClient-CacheRefreshExecutor-0] o.s.c.g.r.RouteDefinitionRouteLocator    : RouteDefinition customer-api applying filter {_genkey_0=X-GATEWAY-KEY, _genkey_1=9f3a7c1d-very-secret-value} to AddRequestHeader
2026-02-10T22:17:51.547+05:30 DEBUG 28868 --- [api-gateway] [DiscoveryClient-CacheRefreshExecutor-0] o.s.c.g.r.RouteDefinitionRouteLocator    : RouteDefinition matched: customer-api
2026-02-10T22:17:51.548+05:30 DEBUG 28868 --- [api-gateway] [DiscoveryClient-CacheRefreshExecutor-0] o.s.c.g.r.RouteDefinitionRouteLocator    : RouteDefinition customer-status-service applying {_genkey_0=/status/**} to Path
2026-02-10T22:17:51.550+05:30 DEBUG 28868 --- [api-gateway] [DiscoveryClient-CacheRefreshExecutor-0] o.s.c.g.r.RouteDefinitionRouteLocator    : RouteDefinition customer-status-service applying filter {_genkey_0=X-GATEWAY-KEY} to RemoveRequestHeader
2026-02-10T22:17:51.552+05:30 DEBUG 28868 --- [api-gateway] [DiscoveryClient-CacheRefreshExecutor-0] o.s.c.g.r.RouteDefinitionRouteLocator    : RouteDefinition customer-status-service applying filter {_genkey_0=X-GATEWAY-KEY, _genkey_1=9f3a7c1d-very-secret-value} to AddRequestHeader
2026-02-10T22:17:51.554+05:30 DEBUG 28868 --- [api-gateway] [DiscoveryClient-CacheRefreshExecutor-0] o.s.c.g.r.RouteDefinitionRouteLocator    : RouteDefinition matched: customer-status-service
2026-02-10T22:17:51.558+05:30 DEBUG 28868 --- [api-gateway] [DiscoveryClient-CacheRefreshExecutor-0] o.s.c.g.filter.GatewayMetricsFilter      : New routes count: 5
2026-02-10T22:18:21.582+05:30 DEBUG 28868 --- [api-gateway] [DiscoveryClient-CacheRefreshExecutor-0] o.s.c.g.r.RouteDefinitionRouteLocator    : RouteDefinition ReactiveCompositeDiscoveryClient_API-GATEWAY applying {pattern=/api-gateway/**} to Path
2026-02-10T22:18:21.584+05:30 DEBUG 28868 --- [api-gateway] [DiscoveryClient-CacheRefreshExecutor-0] o.s.c.g.r.RouteDefinitionRouteLocator    : RouteDefinition ReactiveCompositeDiscoveryClient_API-GATEWAY applying filter {regexp=/api-gateway/?(?<remaining>.*), replacement=/${remaining}} to RewritePath
2026-02-10T22:18:21.586+05:30 DEBUG 28868 --- [api-gateway] [DiscoveryClient-CacheRefreshExecutor-0] o.s.c.g.r.RouteDefinitionRouteLocator    : RouteDefinition matched: ReactiveCompositeDiscoveryClient_API-GATEWAY
2026-02-10T22:18:21.587+05:30 DEBUG 28868 --- [api-gateway] [DiscoveryClient-CacheRefreshExecutor-0] o.s.c.g.r.RouteDefinitionRouteLocator    : RouteDefinition ReactiveCompositeDiscoveryClient_CUSTOMER-STATUS-SERVICE applying {pattern=/customer-status-service/**} to Path
2026-02-10T22:18:21.589+05:30 DEBUG 28868 --- [api-gateway] [DiscoveryClient-CacheRefreshExecutor-0] o.s.c.g.r.RouteDefinitionRouteLocator    : RouteDefinition ReactiveCompositeDiscoveryClient_CUSTOMER-STATUS-SERVICE applying filter {regexp=/customer-status-service/?(?<remaining>.*), replacement=/${remaining}} to RewritePath
2026-02-10T22:18:21.590+05:30 DEBUG 28868 --- [api-gateway] [DiscoveryClient-CacheRefreshExecutor-0] o.s.c.g.r.RouteDefinitionRouteLocator    : RouteDefinition matched: ReactiveCompositeDiscoveryClient_CUSTOMER-STATUS-SERVICE
2026-02-10T22:18:21.591+05:30 DEBUG 28868 --- [api-gateway] [DiscoveryClient-CacheRefreshExecutor-0] o.s.c.g.r.RouteDefinitionRouteLocator    : RouteDefinition ReactiveCompositeDiscoveryClient_CUSTOMER-API applying {pattern=/customer-api/**} to Path
2026-02-10T22:18:21.592+05:30 DEBUG 28868 --- [api-gateway] [DiscoveryClient-CacheRefreshExecutor-0] o.s.c.g.r.RouteDefinitionRouteLocator    : RouteDefinition ReactiveCompositeDiscoveryClient_CUSTOMER-API applying filter {regexp=/customer-api/?(?<remaining>.*), replacement=/${remaining}} to RewritePath
2026-02-10T22:18:21.594+05:30 DEBUG 28868 --- [api-gateway] [DiscoveryClient-CacheRefreshExecutor-0] o.s.c.g.r.RouteDefinitionRouteLocator    : RouteDefinition matched: ReactiveCompositeDiscoveryClient_CUSTOMER-API
2026-02-10T22:18:21.594+05:30 DEBUG 28868 --- [api-gateway] [DiscoveryClient-CacheRefreshExecutor-0] o.s.c.g.r.RouteDefinitionRouteLocator    : RouteDefinition customer-api applying {_genkey_0=/api/customers/**} to Path
2026-02-10T22:18:21.596+05:30 DEBUG 28868 --- [api-gateway] [DiscoveryClient-CacheRefreshExecutor-0] o.s.c.g.r.RouteDefinitionRouteLocator    : RouteDefinition customer-api applying filter {_genkey_0=X-GATEWAY-KEY} to RemoveRequestHeader
2026-02-10T22:18:21.597+05:30 DEBUG 28868 --- [api-gateway] [DiscoveryClient-CacheRefreshExecutor-0] o.s.c.g.r.RouteDefinitionRouteLocator    : RouteDefinition customer-api applying filter {_genkey_0=X-GATEWAY-KEY, _genkey_1=9f3a7c1d-very-secret-value} to AddRequestHeader
2026-02-10T22:18:21.599+05:30 DEBUG 28868 --- [api-gateway] [DiscoveryClient-CacheRefreshExecutor-0] o.s.c.g.r.RouteDefinitionRouteLocator    : RouteDefinition matched: customer-api
2026-02-10T22:18:21.599+05:30 DEBUG 28868 --- [api-gateway] [DiscoveryClient-CacheRefreshExecutor-0] o.s.c.g.r.RouteDefinitionRouteLocator    : RouteDefinition customer-status-service applying {_genkey_0=/status/**} to Path
2026-02-10T22:18:21.601+05:30 DEBUG 28868 --- [api-gateway] [DiscoveryClient-CacheRefreshExecutor-0] o.s.c.g.r.RouteDefinitionRouteLocator    : RouteDefinition customer-status-service applying filter {_genkey_0=X-GATEWAY-KEY} to RemoveRequestHeader
2026-02-10T22:18:21.602+05:30 DEBUG 28868 --- [api-gateway] [DiscoveryClient-CacheRefreshExecutor-0] o.s.c.g.r.RouteDefinitionRouteLocator    : RouteDefinition customer-status-service applying filter {_genkey_0=X-GATEWAY-KEY, _genkey_1=9f3a7c1d-very-secret-value} to AddRequestHeader
2026-02-10T22:18:21.604+05:30 DEBUG 28868 --- [api-gateway] [DiscoveryClient-CacheRefreshExecutor-0] o.s.c.g.r.RouteDefinitionRouteLocator    : RouteDefinition matched: customer-status-service
2026-02-10T22:18:21.608+05:30 DEBUG 28868 --- [api-gateway] [DiscoveryClient-CacheRefreshExecutor-0] o.s.c.g.filter.GatewayMetricsFilter      : New routes count: 5
2026-02-10T22:22:54.842+05:30 DEBUG 28868 --- [api-gateway] [DiscoveryClient-CacheRefreshExecutor-0] o.s.c.g.r.RouteDefinitionRouteLocator    : RouteDefinition ReactiveCompositeDiscoveryClient_API-GATEWAY applying {pattern=/api-gateway/**} to Path
2026-02-10T22:22:54.844+05:30 DEBUG 28868 --- [api-gateway] [DiscoveryClient-CacheRefreshExecutor-0] o.s.c.g.r.RouteDefinitionRouteLocator    : RouteDefinition ReactiveCompositeDiscoveryClient_API-GATEWAY applying filter {regexp=/api-gateway/?(?<remaining>.*), replacement=/${remaining}} to RewritePath
2026-02-10T22:22:54.844+05:30 DEBUG 28868 --- [api-gateway] [DiscoveryClient-CacheRefreshExecutor-0] o.s.c.g.r.RouteDefinitionRouteLocator    : RouteDefinition matched: ReactiveCompositeDiscoveryClient_API-GATEWAY
2026-02-10T22:22:54.845+05:30 DEBUG 28868 --- [api-gateway] [DiscoveryClient-CacheRefreshExecutor-0] o.s.c.g.r.RouteDefinitionRouteLocator    : RouteDefinition ReactiveCompositeDiscoveryClient_CUSTOMER-STATUS-SERVICE applying {pattern=/customer-status-service/**} to Path
2026-02-10T22:22:54.845+05:30 DEBUG 28868 --- [api-gateway] [DiscoveryClient-CacheRefreshExecutor-0] o.s.c.g.r.RouteDefinitionRouteLocator    : RouteDefinition ReactiveCompositeDiscoveryClient_CUSTOMER-STATUS-SERVICE applying filter {regexp=/customer-status-service/?(?<remaining>.*), replacement=/${remaining}} to RewritePath
2026-02-10T22:22:54.846+05:30 DEBUG 28868 --- [api-gateway] [DiscoveryClient-CacheRefreshExecutor-0] o.s.c.g.r.RouteDefinitionRouteLocator    : RouteDefinition matched: ReactiveCompositeDiscoveryClient_CUSTOMER-STATUS-SERVICE
2026-02-10T22:22:54.846+05:30 DEBUG 28868 --- [api-gateway] [DiscoveryClient-CacheRefreshExecutor-0] o.s.c.g.r.RouteDefinitionRouteLocator    : RouteDefinition ReactiveCompositeDiscoveryClient_CUSTOMER-API applying {pattern=/customer-api/**} to Path
2026-02-10T22:22:54.846+05:30 DEBUG 28868 --- [api-gateway] [DiscoveryClient-CacheRefreshExecutor-0] o.s.c.g.r.RouteDefinitionRouteLocator    : RouteDefinition ReactiveCompositeDiscoveryClient_CUSTOMER-API applying filter {regexp=/customer-api/?(?<remaining>.*), replacement=/${remaining}} to RewritePath
2026-02-10T22:22:54.847+05:30 DEBUG 28868 --- [api-gateway] [DiscoveryClient-CacheRefreshExecutor-0] o.s.c.g.r.RouteDefinitionRouteLocator    : RouteDefinition matched: ReactiveCompositeDiscoveryClient_CUSTOMER-API
2026-02-10T22:22:54.847+05:30 DEBUG 28868 --- [api-gateway] [DiscoveryClient-CacheRefreshExecutor-0] o.s.c.g.r.RouteDefinitionRouteLocator    : RouteDefinition customer-api applying {_genkey_0=/api/customers/**} to Path
2026-02-10T22:22:54.848+05:30 DEBUG 28868 --- [api-gateway] [DiscoveryClient-CacheRefreshExecutor-0] o.s.c.g.r.RouteDefinitionRouteLocator    : RouteDefinition customer-api applying filter {_genkey_0=X-GATEWAY-KEY} to RemoveRequestHeader
2026-02-10T22:22:54.849+05:30 DEBUG 28868 --- [api-gateway] [DiscoveryClient-CacheRefreshExecutor-0] o.s.c.g.r.RouteDefinitionRouteLocator    : RouteDefinition customer-api applying filter {_genkey_0=X-GATEWAY-KEY, _genkey_1=9f3a7c1d-very-secret-value} to AddRequestHeader
2026-02-10T22:22:54.850+05:30 DEBUG 28868 --- [api-gateway] [DiscoveryClient-CacheRefreshExecutor-0] o.s.c.g.r.RouteDefinitionRouteLocator    : RouteDefinition matched: customer-api
2026-02-10T22:22:54.850+05:30 DEBUG 28868 --- [api-gateway] [DiscoveryClient-CacheRefreshExecutor-0] o.s.c.g.r.RouteDefinitionRouteLocator    : RouteDefinition customer-status-service applying {_genkey_0=/status/**} to Path
2026-02-10T22:22:54.851+05:30 DEBUG 28868 --- [api-gateway] [DiscoveryClient-CacheRefreshExecutor-0] o.s.c.g.r.RouteDefinitionRouteLocator    : RouteDefinition customer-status-service applying filter {_genkey_0=X-GATEWAY-KEY} to RemoveRequestHeader
2026-02-10T22:22:54.852+05:30 DEBUG 28868 --- [api-gateway] [DiscoveryClient-CacheRefreshExecutor-0] o.s.c.g.r.RouteDefinitionRouteLocator    : RouteDefinition customer-status-service applying filter {_genkey_0=X-GATEWAY-KEY, _genkey_1=9f3a7c1d-very-secret-value} to AddRequestHeader
2026-02-10T22:22:54.853+05:30 DEBUG 28868 --- [api-gateway] [DiscoveryClient-CacheRefreshExecutor-0] o.s.c.g.r.RouteDefinitionRouteLocator    : RouteDefinition matched: customer-status-service
2026-02-10T22:22:54.854+05:30 DEBUG 28868 --- [api-gateway] [DiscoveryClient-CacheRefreshExecutor-0] o.s.c.g.filter.GatewayMetricsFilter      : New routes count: 5
2026-02-10T22:23:24.882+05:30 DEBUG 28868 --- [api-gateway] [DiscoveryClient-CacheRefreshExecutor-0] o.s.c.g.r.RouteDefinitionRouteLocator    : RouteDefinition ReactiveCompositeDiscoveryClient_API-GATEWAY applying {pattern=/api-gateway/**} to Path
2026-02-10T22:23:24.882+05:30 DEBUG 28868 --- [api-gateway] [DiscoveryClient-CacheRefreshExecutor-0] o.s.c.g.r.RouteDefinitionRouteLocator    : RouteDefinition ReactiveCompositeDiscoveryClient_API-GATEWAY applying filter {regexp=/api-gateway/?(?<remaining>.*), replacement=/${remaining}} to RewritePath
2026-02-10T22:23:24.882+05:30 DEBUG 28868 --- [api-gateway] [DiscoveryClient-CacheRefreshExecutor-0] o.s.c.g.r.RouteDefinitionRouteLocator    : RouteDefinition matched: ReactiveCompositeDiscoveryClient_API-GATEWAY
2026-02-10T22:23:24.896+05:30 DEBUG 28868 --- [api-gateway] [DiscoveryClient-CacheRefreshExecutor-0] o.s.c.g.r.RouteDefinitionRouteLocator    : RouteDefinition ReactiveCompositeDiscoveryClient_CUSTOMER-STATUS-SERVICE applying {pattern=/customer-status-service/**} to Path
2026-02-10T22:23:24.896+05:30 DEBUG 28868 --- [api-gateway] [DiscoveryClient-CacheRefreshExecutor-0] o.s.c.g.r.RouteDefinitionRouteLocator    : RouteDefinition ReactiveCompositeDiscoveryClient_CUSTOMER-STATUS-SERVICE applying filter {regexp=/customer-status-service/?(?<remaining>.*), replacement=/${remaining}} to RewritePath
2026-02-10T22:23:24.900+05:30 DEBUG 28868 --- [api-gateway] [DiscoveryClient-CacheRefreshExecutor-0] o.s.c.g.r.RouteDefinitionRouteLocator    : RouteDefinition matched: ReactiveCompositeDiscoveryClient_CUSTOMER-STATUS-SERVICE
2026-02-10T22:23:24.900+05:30 DEBUG 28868 --- [api-gateway] [DiscoveryClient-CacheRefreshExecutor-0] o.s.c.g.r.RouteDefinitionRouteLocator    : RouteDefinition ReactiveCompositeDiscoveryClient_CUSTOMER-API applying {pattern=/customer-api/**} to Path
2026-02-10T22:23:24.902+05:30 DEBUG 28868 --- [api-gateway] [DiscoveryClient-CacheRefreshExecutor-0] o.s.c.g.r.RouteDefinitionRouteLocator    : RouteDefinition ReactiveCompositeDiscoveryClient_CUSTOMER-API applying filter {regexp=/customer-api/?(?<remaining>.*), replacement=/${remaining}} to RewritePath
2026-02-10T22:23:24.904+05:30 DEBUG 28868 --- [api-gateway] [DiscoveryClient-CacheRefreshExecutor-0] o.s.c.g.r.RouteDefinitionRouteLocator    : RouteDefinition matched: ReactiveCompositeDiscoveryClient_CUSTOMER-API
2026-02-10T22:23:24.904+05:30 DEBUG 28868 --- [api-gateway] [DiscoveryClient-CacheRefreshExecutor-0] o.s.c.g.r.RouteDefinitionRouteLocator    : RouteDefinition customer-api applying {_genkey_0=/api/customers/**} to Path
2026-02-10T22:23:24.906+05:30 DEBUG 28868 --- [api-gateway] [DiscoveryClient-CacheRefreshExecutor-0] o.s.c.g.r.RouteDefinitionRouteLocator    : RouteDefinition customer-api applying filter {_genkey_0=X-GATEWAY-KEY} to RemoveRequestHeader
2026-02-10T22:23:24.906+05:30 DEBUG 28868 --- [api-gateway] [DiscoveryClient-CacheRefreshExecutor-0] o.s.c.g.r.RouteDefinitionRouteLocator    : RouteDefinition customer-api applying filter {_genkey_0=X-GATEWAY-KEY, _genkey_1=9f3a7c1d-very-secret-value} to AddRequestHeader
2026-02-10T22:23:24.908+05:30 DEBUG 28868 --- [api-gateway] [DiscoveryClient-CacheRefreshExecutor-0] o.s.c.g.r.RouteDefinitionRouteLocator    : RouteDefinition matched: customer-api
2026-02-10T22:23:24.908+05:30 DEBUG 28868 --- [api-gateway] [DiscoveryClient-CacheRefreshExecutor-0] o.s.c.g.r.RouteDefinitionRouteLocator    : RouteDefinition customer-status-service applying {_genkey_0=/status/**} to Path
2026-02-10T22:23:24.911+05:30 DEBUG 28868 --- [api-gateway] [DiscoveryClient-CacheRefreshExecutor-0] o.s.c.g.r.RouteDefinitionRouteLocator    : RouteDefinition customer-status-service applying filter {_genkey_0=X-GATEWAY-KEY} to RemoveRequestHeader
2026-02-10T22:23:24.912+05:30 DEBUG 28868 --- [api-gateway] [DiscoveryClient-CacheRefreshExecutor-0] o.s.c.g.r.RouteDefinitionRouteLocator    : RouteDefinition customer-status-service applying filter {_genkey_0=X-GATEWAY-KEY, _genkey_1=9f3a7c1d-very-secret-value} to AddRequestHeader
2026-02-10T22:23:24.914+05:30 DEBUG 28868 --- [api-gateway] [DiscoveryClient-CacheRefreshExecutor-0] o.s.c.g.r.RouteDefinitionRouteLocator    : RouteDefinition matched: customer-status-service
2026-02-10T22:23:24.918+05:30 DEBUG 28868 --- [api-gateway] [DiscoveryClient-CacheRefreshExecutor-0] o.s.c.g.filter.GatewayMetricsFilter      : New routes count: 5
2026-02-10T22:23:53.543+05:30 TRACE 28868 --- [api-gateway] [parallel-1] o.s.c.g.f.WeightCalculatorWebFilter      : Weights attr: {}
2026-02-10T22:23:54.953+05:30 DEBUG 28868 --- [api-gateway] [DiscoveryClient-CacheRefreshExecutor-0] o.s.c.g.r.RouteDefinitionRouteLocator    : RouteDefinition ReactiveCompositeDiscoveryClient_API-GATEWAY applying {pattern=/api-gateway/**} to Path
2026-02-10T22:23:54.957+05:30 DEBUG 28868 --- [api-gateway] [DiscoveryClient-CacheRefreshExecutor-0] o.s.c.g.r.RouteDefinitionRouteLocator    : RouteDefinition ReactiveCompositeDiscoveryClient_API-GATEWAY applying filter {regexp=/api-gateway/?(?<remaining>.*), replacement=/${remaining}} to RewritePath
2026-02-10T22:23:54.957+05:30 DEBUG 28868 --- [api-gateway] [DiscoveryClient-CacheRefreshExecutor-0] o.s.c.g.r.RouteDefinitionRouteLocator    : RouteDefinition matched: ReactiveCompositeDiscoveryClient_API-GATEWAY
2026-02-10T22:23:54.957+05:30 DEBUG 28868 --- [api-gateway] [DiscoveryClient-CacheRefreshExecutor-0] o.s.c.g.r.RouteDefinitionRouteLocator    : RouteDefinition ReactiveCompositeDiscoveryClient_CUSTOMER-STATUS-SERVICE applying {pattern=/customer-status-service/**} to Path
2026-02-10T22:23:54.962+05:30 DEBUG 28868 --- [api-gateway] [DiscoveryClient-CacheRefreshExecutor-0] o.s.c.g.r.RouteDefinitionRouteLocator    : RouteDefinition ReactiveCompositeDiscoveryClient_CUSTOMER-STATUS-SERVICE applying filter {regexp=/customer-status-service/?(?<remaining>.*), replacement=/${remaining}} to RewritePath
2026-02-10T22:23:54.962+05:30 DEBUG 28868 --- [api-gateway] [DiscoveryClient-CacheRefreshExecutor-0] o.s.c.g.r.RouteDefinitionRouteLocator    : RouteDefinition matched: ReactiveCompositeDiscoveryClient_CUSTOMER-STATUS-SERVICE
2026-02-10T22:23:54.964+05:30 DEBUG 28868 --- [api-gateway] [DiscoveryClient-CacheRefreshExecutor-0] o.s.c.g.r.RouteDefinitionRouteLocator    : RouteDefinition ReactiveCompositeDiscoveryClient_CUSTOMER-API applying {pattern=/customer-api/**} to Path
2026-02-10T22:23:54.966+05:30 DEBUG 28868 --- [api-gateway] [DiscoveryClient-CacheRefreshExecutor-0] o.s.c.g.r.RouteDefinitionRouteLocator    : RouteDefinition ReactiveCompositeDiscoveryClient_CUSTOMER-API applying filter {regexp=/customer-api/?(?<remaining>.*), replacement=/${remaining}} to RewritePath
2026-02-10T22:23:54.968+05:30 DEBUG 28868 --- [api-gateway] [DiscoveryClient-CacheRefreshExecutor-0] o.s.c.g.r.RouteDefinitionRouteLocator    : RouteDefinition matched: ReactiveCompositeDiscoveryClient_CUSTOMER-API
2026-02-10T22:23:54.968+05:30 DEBUG 28868 --- [api-gateway] [DiscoveryClient-CacheRefreshExecutor-0] o.s.c.g.r.RouteDefinitionRouteLocator    : RouteDefinition customer-api applying {_genkey_0=/api/customers/**} to Path
2026-02-10T22:23:54.971+05:30 DEBUG 28868 --- [api-gateway] [DiscoveryClient-CacheRefreshExecutor-0] o.s.c.g.r.RouteDefinitionRouteLocator    : RouteDefinition customer-api applying filter {_genkey_0=X-GATEWAY-KEY} to RemoveRequestHeader
2026-02-10T22:23:54.971+05:30 DEBUG 28868 --- [api-gateway] [DiscoveryClient-CacheRefreshExecutor-0] o.s.c.g.r.RouteDefinitionRouteLocator    : RouteDefinition customer-api applying filter {_genkey_0=X-GATEWAY-KEY, _genkey_1=9f3a7c1d-very-secret-value} to AddRequestHeader
2026-02-10T22:23:54.974+05:30 DEBUG 28868 --- [api-gateway] [DiscoveryClient-CacheRefreshExecutor-0] o.s.c.g.r.RouteDefinitionRouteLocator    : RouteDefinition matched: customer-api
2026-02-10T22:23:54.974+05:30 DEBUG 28868 --- [api-gateway] [DiscoveryClient-CacheRefreshExecutor-0] o.s.c.g.r.RouteDefinitionRouteLocator    : RouteDefinition customer-status-service applying {_genkey_0=/status/**} to Path
2026-02-10T22:23:54.974+05:30 DEBUG 28868 --- [api-gateway] [DiscoveryClient-CacheRefreshExecutor-0] o.s.c.g.r.RouteDefinitionRouteLocator    : RouteDefinition customer-status-service applying filter {_genkey_0=X-GATEWAY-KEY} to RemoveRequestHeader
2026-02-10T22:23:54.978+05:30 DEBUG 28868 --- [api-gateway] [DiscoveryClient-CacheRefreshExecutor-0] o.s.c.g.r.RouteDefinitionRouteLocator    : RouteDefinition customer-status-service applying filter {_genkey_0=X-GATEWAY-KEY, _genkey_1=9f3a7c1d-very-secret-value} to AddRequestHeader
2026-02-10T22:23:54.978+05:30 DEBUG 28868 --- [api-gateway] [DiscoveryClient-CacheRefreshExecutor-0] o.s.c.g.r.RouteDefinitionRouteLocator    : RouteDefinition matched: customer-status-service
2026-02-10T22:23:54.984+05:30 DEBUG 28868 --- [api-gateway] [DiscoveryClient-CacheRefreshExecutor-0] o.s.c.g.filter.GatewayMetricsFilter      : New routes count: 5
2026-02-10T22:24:10.954+05:30 TRACE 28868 --- [api-gateway] [parallel-4] o.s.c.g.f.WeightCalculatorWebFilter      : Weights attr: {}
2026-02-10T22:24:10.970+05:30 TRACE 28868 --- [api-gateway] [parallel-4] o.s.c.g.h.p.PathRoutePredicateFactory    : Pattern "[/api-gateway/**]" does not match against value "/api/customers/2/with-status"
2026-02-10T22:24:10.970+05:30 TRACE 28868 --- [api-gateway] [parallel-4] o.s.c.g.h.p.PathRoutePredicateFactory    : Pattern "[/customer-status-service/**]" does not match against value "/api/customers/2/with-status"
2026-02-10T22:24:10.970+05:30 TRACE 28868 --- [api-gateway] [parallel-4] o.s.c.g.h.p.PathRoutePredicateFactory    : Pattern "[/customer-api/**]" does not match against value "/api/customers/2/with-status"
2026-02-10T22:24:10.970+05:30 TRACE 28868 --- [api-gateway] [parallel-4] o.s.c.g.h.p.PathRoutePredicateFactory    : Pattern "/api/customers/**" matches against value "/api/customers/2/with-status"
2026-02-10T22:24:10.970+05:30 DEBUG 28868 --- [api-gateway] [parallel-4] o.s.c.g.h.RoutePredicateHandlerMapping   : Route matched: customer-api
2026-02-10T22:24:10.987+05:30 DEBUG 28868 --- [api-gateway] [parallel-4] o.s.c.g.h.RoutePredicateHandlerMapping   : Mapping [Exchange: GET http://localhost:8085/api/customers/2/with-status] to Route{id='customer-api', uri=lb://customer-api, order=0, predicate=Paths: [/api/customers/**], match trailing slash: true, gatewayFilters=[[[RemoveRequestHeader name = 'X-GATEWAY-KEY'], order = 1], [[AddRequestHeader X-GATEWAY-KEY = '9f3a7c1d-very-secret-value'], order = 2]], metadata={}}
2026-02-10T22:24:10.987+05:30 DEBUG 28868 --- [api-gateway] [parallel-4] o.s.c.g.h.RoutePredicateHandlerMapping   : [8888f222-4] Mapped to org.springframework.cloud.gateway.handler.FilteringWebHandler@4acbc23d
2026-02-10T22:24:10.987+05:30 DEBUG 28868 --- [api-gateway] [parallel-4] o.s.c.g.handler.FilteringWebHandler      : Sorted gatewayFilterFactories: [[GatewayFilterAdapter{delegate=com.example.gateway.filter.CorrelationIdFilter@37fef327}, order = -2147483648], [GatewayFilterAdapter{delegate=org.springframework.cloud.gateway.filter.RemoveCachedBodyFilter@3ba3f40d}, order = -2147483648], [GatewayFilterAdapter{delegate=org.springframework.cloud.gateway.filter.AdaptCachedBodyGlobalFilter@6658f08a}, order = -2147482648], [GatewayFilterAdapter{delegate=org.springframework.cloud.gateway.filter.NettyWriteResponseFilter@46b5f061}, order = -1], [GatewayFilterAdapter{delegate=org.springframework.cloud.gateway.filter.ForwardPathFilter@2ff498b0}, order = 0], [GatewayFilterAdapter{delegate=org.springframework.cloud.gateway.filter.GatewayMetricsFilter@4300e240}, order = 0], [[RemoveRequestHeader name = 'X-GATEWAY-KEY'], order = 1], [[AddRequestHeader X-GATEWAY-KEY = '9f3a7c1d-very-secret-value'], order = 2], [GatewayFilterAdapter{delegate=org.springframework.cloud.gateway.filter.RouteToRequestUrlFilter@108b121f}, order = 10000], [GatewayFilterAdapter{delegate=org.springframework.cloud.gateway.filter.ReactiveLoadBalancerClientFilter@55951fcd}, order = 10150], [GatewayFilterAdapter{delegate=org.springframework.cloud.gateway.filter.LoadBalancerServiceInstanceCookieFilter@3513d214}, order = 10151], [GatewayFilterAdapter{delegate=org.springframework.cloud.gateway.filter.WebsocketRoutingFilter@b5312df}, order = 2147483646], GatewayFilterAdapter{delegate=com.example.gateway.filter.LoggingFilter$$Lambda/0x00000126d54afd48@2cd3fc29}, [GatewayFilterAdapter{delegate=org.springframework.cloud.gateway.filter.NettyRoutingFilter@7534785a}, order = 2147483647], [GatewayFilterAdapter{delegate=org.springframework.cloud.gateway.filter.ForwardRoutingFilter@46ab4efc}, order = 2147483647]]
2026-02-10T22:24:11.021+05:30 TRACE 28868 --- [api-gateway] [parallel-4] o.s.c.g.filter.RouteToRequestUrlFilter   : RouteToRequestUrlFilter start
2026-02-10T22:24:11.021+05:30 TRACE 28868 --- [api-gateway] [parallel-4] s.c.g.f.ReactiveLoadBalancerClientFilter : ReactiveLoadBalancerClientFilter url before: lb://customer-api/api/customers/2/with-status
2026-02-10T22:24:11.223+05:30 DEBUG 28868 --- [api-gateway] [parallel-4] o.s.c.g.r.RouteDefinitionRouteLocator    : RouteDefinition ReactiveCompositeDiscoveryClient_API-GATEWAY applying {pattern=/api-gateway/**} to Path
2026-02-10T22:24:11.228+05:30 DEBUG 28868 --- [api-gateway] [parallel-4] o.s.c.g.r.RouteDefinitionRouteLocator    : RouteDefinition ReactiveCompositeDiscoveryClient_API-GATEWAY applying filter {regexp=/api-gateway/?(?<remaining>.*), replacement=/${remaining}} to RewritePath
2026-02-10T22:24:11.231+05:30 DEBUG 28868 --- [api-gateway] [parallel-4] o.s.c.g.r.RouteDefinitionRouteLocator    : RouteDefinition matched: ReactiveCompositeDiscoveryClient_API-GATEWAY
2026-02-10T22:24:11.231+05:30 DEBUG 28868 --- [api-gateway] [parallel-4] o.s.c.g.r.RouteDefinitionRouteLocator    : RouteDefinition ReactiveCompositeDiscoveryClient_CUSTOMER-STATUS-SERVICE applying {pattern=/customer-status-service/**} to Path
2026-02-10T22:24:11.236+05:30 DEBUG 28868 --- [api-gateway] [parallel-4] o.s.c.g.r.RouteDefinitionRouteLocator    : RouteDefinition ReactiveCompositeDiscoveryClient_CUSTOMER-STATUS-SERVICE applying filter {regexp=/customer-status-service/?(?<remaining>.*), replacement=/${remaining}} to RewritePath
2026-02-10T22:24:11.239+05:30 DEBUG 28868 --- [api-gateway] [parallel-4] o.s.c.g.r.RouteDefinitionRouteLocator    : RouteDefinition matched: ReactiveCompositeDiscoveryClient_CUSTOMER-STATUS-SERVICE
2026-02-10T22:24:11.241+05:30 DEBUG 28868 --- [api-gateway] [parallel-4] o.s.c.g.r.RouteDefinitionRouteLocator    : RouteDefinition ReactiveCompositeDiscoveryClient_CUSTOMER-API applying {pattern=/customer-api/**} to Path
2026-02-10T22:24:11.241+05:30 DEBUG 28868 --- [api-gateway] [parallel-4] o.s.c.g.r.RouteDefinitionRouteLocator    : RouteDefinition ReactiveCompositeDiscoveryClient_CUSTOMER-API applying filter {regexp=/customer-api/?(?<remaining>.*), replacement=/${remaining}} to RewritePath
2026-02-10T22:24:11.247+05:30 DEBUG 28868 --- [api-gateway] [parallel-4] o.s.c.g.r.RouteDefinitionRouteLocator    : RouteDefinition matched: ReactiveCompositeDiscoveryClient_CUSTOMER-API
2026-02-10T22:24:11.247+05:30 DEBUG 28868 --- [api-gateway] [parallel-4] o.s.c.g.r.RouteDefinitionRouteLocator    : RouteDefinition customer-api applying {_genkey_0=/api/customers/**} to Path
2026-02-10T22:24:11.252+05:30 DEBUG 28868 --- [api-gateway] [parallel-4] o.s.c.g.r.RouteDefinitionRouteLocator    : RouteDefinition customer-api applying filter {_genkey_0=X-GATEWAY-KEY} to RemoveRequestHeader
2026-02-10T22:24:11.252+05:30 DEBUG 28868 --- [api-gateway] [parallel-4] o.s.c.g.r.RouteDefinitionRouteLocator    : RouteDefinition customer-api applying filter {_genkey_0=X-GATEWAY-KEY, _genkey_1=9f3a7c1d-very-secret-value} to AddRequestHeader
2026-02-10T22:24:11.259+05:30 DEBUG 28868 --- [api-gateway] [parallel-4] o.s.c.g.r.RouteDefinitionRouteLocator    : RouteDefinition matched: customer-api
2026-02-10T22:24:11.259+05:30 DEBUG 28868 --- [api-gateway] [parallel-4] o.s.c.g.r.RouteDefinitionRouteLocator    : RouteDefinition customer-status-service applying {_genkey_0=/status/**} to Path
2026-02-10T22:24:11.263+05:30 DEBUG 28868 --- [api-gateway] [parallel-4] o.s.c.g.r.RouteDefinitionRouteLocator    : RouteDefinition customer-status-service applying filter {_genkey_0=X-GATEWAY-KEY} to RemoveRequestHeader
2026-02-10T22:24:11.265+05:30 DEBUG 28868 --- [api-gateway] [parallel-4] o.s.c.g.r.RouteDefinitionRouteLocator    : RouteDefinition customer-status-service applying filter {_genkey_0=X-GATEWAY-KEY, _genkey_1=9f3a7c1d-very-secret-value} to AddRequestHeader
2026-02-10T22:24:11.268+05:30 DEBUG 28868 --- [api-gateway] [parallel-4] o.s.c.g.r.RouteDefinitionRouteLocator    : RouteDefinition matched: customer-status-service
2026-02-10T22:24:11.274+05:30 DEBUG 28868 --- [api-gateway] [parallel-4] o.s.c.g.filter.GatewayMetricsFilter      : New routes count: 5
2026-02-10T22:24:11.316+05:30 TRACE 28868 --- [api-gateway] [parallel-4] s.c.g.f.ReactiveLoadBalancerClientFilter : LoadBalancerClientFilter url chosen: http://192.168.1.9:8088/api/customers/2/with-status
2026-02-10T22:24:11.318+05:30  INFO 28868 --- [api-gateway] [parallel-4] c.example.gateway.filter.LoggingFilter   : Request: GET http://localhost:8085/api/customers/2/with-status
2026-02-10T22:24:11.338+05:30 DEBUG 28868 --- [api-gateway] [parallel-4] g.f.h.o.ObservedRequestHttpHeadersFilter : Will instrument the HTTP request headers [Host:"localhost:8085", Cache-Control:"max-age=0", Authorization:"Basic YWRtaW46YWRtaW4xMjM=", sec-ch-ua:""Not(A:Brand";v="8", "Chromium";v="144", "Google Chrome";v="144"", sec-ch-ua-mobile:"?0", sec-ch-ua-platform:""Windows"", Upgrade-Insecure-Requests:"1", User-Agent:"Mozilla/5.0 (Windows NT 10.0; Win64; x64) AppleWebKit/537.36 (KHTML, like Gecko) Chrome/144.0.0.0 Safari/537.36", Accept:"text/html,application/xhtml+xml,application/xml;q=0.9,image/avif,image/webp,image/apng,*/*;q=0.8,application/signed-exchange;v=b3;q=0.7", Sec-Fetch-Site:"none", Sec-Fetch-Mode:"navigate", Sec-Fetch-User:"?1", Sec-Fetch-Dest:"document", Accept-Encoding:"gzip, deflate, br, zstd", Accept-Language:"en-GB,en-US;q=0.9,en;q=0.8,te;q=0.7", X-Correlation-Id:"7ce269d2-2fa5-4c65-84ff-2ce468d70a89", X-GATEWAY-KEY:"9f3a7c1d-very-secret-value", Forwarded:"proto=http;host="localhost:8085";for="[0:0:0:0:0:0:0:1]:55706"", X-Forwarded-For:"0:0:0:0:0:0:0:1", X-Forwarded-Proto:"http", X-Forwarded-Port:"8085", X-Forwarded-Host:"localhost:8085"]
2026-02-10T22:24:11.359+05:30 DEBUG 28868 --- [api-gateway] [parallel-4] g.f.h.o.ObservedRequestHttpHeadersFilter : Client observation  {name=http.client.requests(null), error=null, context=name='http.client.requests', contextualName='null', error='null', lowCardinalityKeyValues=[http.method='GET', http.status_code='UNKNOWN', spring.cloud.gateway.route.id='customer-api', spring.cloud.gateway.route.uri='lb://customer-api'], highCardinalityKeyValues=[http.uri='http://localhost:8085/api/customers/2/with-status'], map=[class io.micrometer.core.instrument.LongTaskTimer$Sample='SampleImpl{duration(seconds)=0.005687, duration(nanos)=5687000.0, startTimeNanos=886716507104100}', class io.micrometer.core.instrument.Timer$Sample='io.micrometer.core.instrument.Timer$Sample@394a9142'], parentObservation=org.springframework.security.web.server.ObservationWebFilterChainDecorator$PhasedObservation@7b0fd42c} created for the request. New headers are [Host:"localhost:8085", Cache-Control:"max-age=0", Authorization:"Basic YWRtaW46YWRtaW4xMjM=", sec-ch-ua:""Not(A:Brand";v="8", "Chromium";v="144", "Google Chrome";v="144"", sec-ch-ua-mobile:"?0", sec-ch-ua-platform:""Windows"", Upgrade-Insecure-Requests:"1", User-Agent:"Mozilla/5.0 (Windows NT 10.0; Win64; x64) AppleWebKit/537.36 (KHTML, like Gecko) Chrome/144.0.0.0 Safari/537.36", Accept:"text/html,application/xhtml+xml,application/xml;q=0.9,image/avif,image/webp,image/apng,*/*;q=0.8,application/signed-exchange;v=b3;q=0.7", Sec-Fetch-Site:"none", Sec-Fetch-Mode:"navigate", Sec-Fetch-User:"?1", Sec-Fetch-Dest:"document", Accept-Encoding:"gzip, deflate, br, zstd", Accept-Language:"en-GB,en-US;q=0.9,en;q=0.8,te;q=0.7", X-Correlation-Id:"7ce269d2-2fa5-4c65-84ff-2ce468d70a89", X-GATEWAY-KEY:"9f3a7c1d-very-secret-value", Forwarded:"proto=http;host="localhost:8085";for="[0:0:0:0:0:0:0:1]:55706"", X-Forwarded-For:"0:0:0:0:0:0:0:1", X-Forwarded-Proto:"http", X-Forwarded-Port:"8085", X-Forwarded-Host:"localhost:8085"]
2026-02-10T22:24:11.811+05:30 DEBUG 28868 --- [api-gateway] [reactor-http-nio-4] r.netty.http.client.HttpClientConnect    : [c1f68bb9-1, L:/192.168.1.9:60800 - R:/192.168.1.9:8088] Handler is being applied: {uri=http://192.168.1.9:8088/api/customers/2/with-status, method=GET}
2026-02-10T22:24:11.817+05:30 TRACE 28868 --- [api-gateway] [reactor-http-nio-4] o.s.c.gateway.filter.NettyRoutingFilter  : outbound route: c1f68bb9, inbound: [8888f222-4] 
2026-02-10T22:24:12.374+05:30 DEBUG 28868 --- [api-gateway] [reactor-http-nio-4] r.n.http.client.HttpClientOperations     : [c1f68bb9-1, L:/192.168.1.9:60800 - R:/192.168.1.9:8088] Received response (auto-read:false) : RESPONSE(decodeResult: success, version: HTTP/1.1)
HTTP/1.1 404 
Content-Length: <filtered>
Date: <filtered>
2026-02-10T22:24:12.376+05:30 DEBUG 28868 --- [api-gateway] [reactor-http-nio-4] .f.h.o.ObservedResponseHttpHeadersFilter : Will instrument the response
2026-02-10T22:24:12.378+05:30 DEBUG 28868 --- [api-gateway] [reactor-http-nio-4] .f.h.o.ObservedResponseHttpHeadersFilter : The response was handled for observation {name=http.client.requests(null), error=null, context=name='http.client.requests', contextualName='null', error='null', lowCardinalityKeyValues=[http.method='GET', http.status_code='UNKNOWN', spring.cloud.gateway.route.id='customer-api', spring.cloud.gateway.route.uri='lb://customer-api'], highCardinalityKeyValues=[http.uri='http://localhost:8085/api/customers/2/with-status'], map=[class io.micrometer.core.instrument.LongTaskTimer$Sample='SampleImpl{duration(seconds)=1.021462, duration(nanos)=1.021462E9, startTimeNanos=886716507104100}', class io.micrometer.core.instrument.Timer$Sample='io.micrometer.core.instrument.Timer$Sample@394a9142'], parentObservation=org.springframework.security.web.server.ObservationWebFilterChainDecorator$PhasedObservation@7b0fd42c}
2026-02-10T22:24:12.378+05:30  INFO 28868 --- [api-gateway] [reactor-http-nio-4] c.example.gateway.filter.LoggingFilter   : Response Status: 404 NOT_FOUND
2026-02-10T22:24:12.382+05:30 TRACE 28868 --- [api-gateway] [reactor-http-nio-4] o.s.c.g.filter.NettyWriteResponseFilter  : NettyWriteResponseFilter start inbound: c1f68bb9, outbound: [8888f222-4] 
2026-02-10T22:24:12.390+05:30 DEBUG 28868 --- [api-gateway] [reactor-http-nio-4] r.n.http.client.HttpClientOperations     : [c1f68bb9-1, L:/192.168.1.9:60800 - R:/192.168.1.9:8088] Received last HTTP packet
2026-02-10T22:24:12.404+05:30 TRACE 28868 --- [api-gateway] [reactor-http-nio-4] o.s.c.g.filter.GatewayMetricsFilter      : spring.cloud.gateway.requests tags: [tag(httpMethod=GET),tag(httpStatusCode=404),tag(outcome=CLIENT_ERROR),tag(routeId=customer-api),tag(routeUri=lb://customer-api),tag(status=NOT_FOUND)]
2026-02-10T22:24:12.415+05:30  INFO 28868 --- [api-gateway] [reactor-http-nio-2] c.e.gateway.filter.CorrelationIdFilter   : Gateway completed | method=GET path=/api/customers/2/with-status status=404 durationMs=1428
2026-02-10T22:24:25.003+05:30 DEBUG 28868 --- [api-gateway] [DiscoveryClient-CacheRefreshExecutor-0] o.s.c.g.r.RouteDefinitionRouteLocator    : RouteDefinition ReactiveCompositeDiscoveryClient_API-GATEWAY applying {pattern=/api-gateway/**} to Path
2026-02-10T22:24:25.007+05:30 DEBUG 28868 --- [api-gateway] [DiscoveryClient-CacheRefreshExecutor-0] o.s.c.g.r.RouteDefinitionRouteLocator    : RouteDefinition ReactiveCompositeDiscoveryClient_API-GATEWAY applying filter {regexp=/api-gateway/?(?<remaining>.*), replacement=/${remaining}} to RewritePath
2026-02-10T22:24:25.011+05:30 DEBUG 28868 --- [api-gateway] [DiscoveryClient-CacheRefreshExecutor-0] o.s.c.g.r.RouteDefinitionRouteLocator    : RouteDefinition matched: ReactiveCompositeDiscoveryClient_API-GATEWAY
2026-02-10T22:24:25.013+05:30 DEBUG 28868 --- [api-gateway] [DiscoveryClient-CacheRefreshExecutor-0] o.s.c.g.r.RouteDefinitionRouteLocator    : RouteDefinition ReactiveCompositeDiscoveryClient_CUSTOMER-STATUS-SERVICE applying {pattern=/customer-status-service/**} to Path
2026-02-10T22:24:25.013+05:30 DEBUG 28868 --- [api-gateway] [DiscoveryClient-CacheRefreshExecutor-0] o.s.c.g.r.RouteDefinitionRouteLocator    : RouteDefinition ReactiveCompositeDiscoveryClient_CUSTOMER-STATUS-SERVICE applying filter {regexp=/customer-status-service/?(?<remaining>.*), replacement=/${remaining}} to RewritePath
2026-02-10T22:24:25.016+05:30 DEBUG 28868 --- [api-gateway] [DiscoveryClient-CacheRefreshExecutor-0] o.s.c.g.r.RouteDefinitionRouteLocator    : RouteDefinition matched: ReactiveCompositeDiscoveryClient_CUSTOMER-STATUS-SERVICE
2026-02-10T22:24:25.018+05:30 DEBUG 28868 --- [api-gateway] [DiscoveryClient-CacheRefreshExecutor-0] o.s.c.g.r.RouteDefinitionRouteLocator    : RouteDefinition ReactiveCompositeDiscoveryClient_CUSTOMER-API applying {pattern=/customer-api/**} to Path
2026-02-10T22:24:25.021+05:30 DEBUG 28868 --- [api-gateway] [DiscoveryClient-CacheRefreshExecutor-0] o.s.c.g.r.RouteDefinitionRouteLocator    : RouteDefinition ReactiveCompositeDiscoveryClient_CUSTOMER-API applying filter {regexp=/customer-api/?(?<remaining>.*), replacement=/${remaining}} to RewritePath
2026-02-10T22:24:25.023+05:30 DEBUG 28868 --- [api-gateway] [DiscoveryClient-CacheRefreshExecutor-0] o.s.c.g.r.RouteDefinitionRouteLocator    : RouteDefinition matched: ReactiveCompositeDiscoveryClient_CUSTOMER-API
2026-02-10T22:24:25.023+05:30 DEBUG 28868 --- [api-gateway] [DiscoveryClient-CacheRefreshExecutor-0] o.s.c.g.r.RouteDefinitionRouteLocator    : RouteDefinition customer-api applying {_genkey_0=/api/customers/**} to Path
2026-02-10T22:24:25.027+05:30 DEBUG 28868 --- [api-gateway] [DiscoveryClient-CacheRefreshExecutor-0] o.s.c.g.r.RouteDefinitionRouteLocator    : RouteDefinition customer-api applying filter {_genkey_0=X-GATEWAY-KEY} to RemoveRequestHeader
2026-02-10T22:24:25.027+05:30 DEBUG 28868 --- [api-gateway] [DiscoveryClient-CacheRefreshExecutor-0] o.s.c.g.r.RouteDefinitionRouteLocator    : RouteDefinition customer-api applying filter {_genkey_0=X-GATEWAY-KEY, _genkey_1=9f3a7c1d-very-secret-value} to AddRequestHeader
2026-02-10T22:24:25.029+05:30 DEBUG 28868 --- [api-gateway] [DiscoveryClient-CacheRefreshExecutor-0] o.s.c.g.r.RouteDefinitionRouteLocator    : RouteDefinition matched: customer-api
2026-02-10T22:24:25.029+05:30 DEBUG 28868 --- [api-gateway] [DiscoveryClient-CacheRefreshExecutor-0] o.s.c.g.r.RouteDefinitionRouteLocator    : RouteDefinition customer-status-service applying {_genkey_0=/status/**} to Path
2026-02-10T22:24:25.031+05:30 DEBUG 28868 --- [api-gateway] [DiscoveryClient-CacheRefreshExecutor-0] o.s.c.g.r.RouteDefinitionRouteLocator    : RouteDefinition customer-status-service applying filter {_genkey_0=X-GATEWAY-KEY} to RemoveRequestHeader
2026-02-10T22:24:25.033+05:30 DEBUG 28868 --- [api-gateway] [DiscoveryClient-CacheRefreshExecutor-0] o.s.c.g.r.RouteDefinitionRouteLocator    : RouteDefinition customer-status-service applying filter {_genkey_0=X-GATEWAY-KEY, _genkey_1=9f3a7c1d-very-secret-value} to AddRequestHeader
2026-02-10T22:24:25.037+05:30 DEBUG 28868 --- [api-gateway] [DiscoveryClient-CacheRefreshExecutor-0] o.s.c.g.r.RouteDefinitionRouteLocator    : RouteDefinition matched: customer-status-service
2026-02-10T22:24:25.043+05:30 DEBUG 28868 --- [api-gateway] [DiscoveryClient-CacheRefreshExecutor-0] o.s.c.g.filter.GatewayMetricsFilter      : New routes count: 5
2026-02-10T22:24:29.471+05:30 TRACE 28868 --- [api-gateway] [parallel-7] o.s.c.g.f.WeightCalculatorWebFilter      : Weights attr: {}
2026-02-10T22:24:29.473+05:30 TRACE 28868 --- [api-gateway] [parallel-7] o.s.c.g.h.p.PathRoutePredicateFactory    : Pattern "[/api-gateway/**]" does not match against value "/api/customers/1/with-status"
2026-02-10T22:24:29.473+05:30 TRACE 28868 --- [api-gateway] [parallel-7] o.s.c.g.h.p.PathRoutePredicateFactory    : Pattern "[/customer-status-service/**]" does not match against value "/api/customers/1/with-status"
2026-02-10T22:24:29.473+05:30 TRACE 28868 --- [api-gateway] [parallel-7] o.s.c.g.h.p.PathRoutePredicateFactory    : Pattern "[/customer-api/**]" does not match against value "/api/customers/1/with-status"
2026-02-10T22:24:29.473+05:30 TRACE 28868 --- [api-gateway] [parallel-7] o.s.c.g.h.p.PathRoutePredicateFactory    : Pattern "/api/customers/**" matches against value "/api/customers/1/with-status"
2026-02-10T22:24:29.475+05:30 DEBUG 28868 --- [api-gateway] [parallel-7] o.s.c.g.h.RoutePredicateHandlerMapping   : Route matched: customer-api
2026-02-10T22:24:29.475+05:30 DEBUG 28868 --- [api-gateway] [parallel-7] o.s.c.g.h.RoutePredicateHandlerMapping   : Mapping [Exchange: GET http://localhost:8085/api/customers/1/with-status] to Route{id='customer-api', uri=lb://customer-api, order=0, predicate=Paths: [/api/customers/**], match trailing slash: true, gatewayFilters=[[[RemoveRequestHeader name = 'X-GATEWAY-KEY'], order = 1], [[AddRequestHeader X-GATEWAY-KEY = '9f3a7c1d-very-secret-value'], order = 2]], metadata={}}
2026-02-10T22:24:29.475+05:30 DEBUG 28868 --- [api-gateway] [parallel-7] o.s.c.g.h.RoutePredicateHandlerMapping   : [8888f222-6] Mapped to org.springframework.cloud.gateway.handler.FilteringWebHandler@4acbc23d
2026-02-10T22:24:29.475+05:30 DEBUG 28868 --- [api-gateway] [parallel-7] o.s.c.g.handler.FilteringWebHandler      : Sorted gatewayFilterFactories: [[GatewayFilterAdapter{delegate=com.example.gateway.filter.CorrelationIdFilter@37fef327}, order = -2147483648], [GatewayFilterAdapter{delegate=org.springframework.cloud.gateway.filter.RemoveCachedBodyFilter@3ba3f40d}, order = -2147483648], [GatewayFilterAdapter{delegate=org.springframework.cloud.gateway.filter.AdaptCachedBodyGlobalFilter@6658f08a}, order = -2147482648], [GatewayFilterAdapter{delegate=org.springframework.cloud.gateway.filter.NettyWriteResponseFilter@46b5f061}, order = -1], [GatewayFilterAdapter{delegate=org.springframework.cloud.gateway.filter.ForwardPathFilter@2ff498b0}, order = 0], [GatewayFilterAdapter{delegate=org.springframework.cloud.gateway.filter.GatewayMetricsFilter@4300e240}, order = 0], [[RemoveRequestHeader name = 'X-GATEWAY-KEY'], order = 1], [[AddRequestHeader X-GATEWAY-KEY = '9f3a7c1d-very-secret-value'], order = 2], [GatewayFilterAdapter{delegate=org.springframework.cloud.gateway.filter.RouteToRequestUrlFilter@108b121f}, order = 10000], [GatewayFilterAdapter{delegate=org.springframework.cloud.gateway.filter.ReactiveLoadBalancerClientFilter@55951fcd}, order = 10150], [GatewayFilterAdapter{delegate=org.springframework.cloud.gateway.filter.LoadBalancerServiceInstanceCookieFilter@3513d214}, order = 10151], [GatewayFilterAdapter{delegate=org.springframework.cloud.gateway.filter.WebsocketRoutingFilter@b5312df}, order = 2147483646], GatewayFilterAdapter{delegate=com.example.gateway.filter.LoggingFilter$$Lambda/0x00000126d54afd48@2cd3fc29}, [GatewayFilterAdapter{delegate=org.springframework.cloud.gateway.filter.NettyRoutingFilter@7534785a}, order = 2147483647], [GatewayFilterAdapter{delegate=org.springframework.cloud.gateway.filter.ForwardRoutingFilter@46ab4efc}, order = 2147483647]]
2026-02-10T22:24:29.477+05:30 TRACE 28868 --- [api-gateway] [parallel-7] o.s.c.g.filter.RouteToRequestUrlFilter   : RouteToRequestUrlFilter start
2026-02-10T22:24:29.477+05:30 TRACE 28868 --- [api-gateway] [parallel-7] s.c.g.f.ReactiveLoadBalancerClientFilter : ReactiveLoadBalancerClientFilter url before: lb://customer-api/api/customers/1/with-status
2026-02-10T22:24:29.477+05:30 TRACE 28868 --- [api-gateway] [parallel-7] s.c.g.f.ReactiveLoadBalancerClientFilter : LoadBalancerClientFilter url chosen: http://192.168.1.9:8088/api/customers/1/with-status
2026-02-10T22:24:29.479+05:30  INFO 28868 --- [api-gateway] [parallel-7] c.example.gateway.filter.LoggingFilter   : Request: GET http://localhost:8085/api/customers/1/with-status
2026-02-10T22:24:29.479+05:30 DEBUG 28868 --- [api-gateway] [parallel-7] g.f.h.o.ObservedRequestHttpHeadersFilter : Will instrument the HTTP request headers [Host:"localhost:8085", Authorization:"Basic YWRtaW46YWRtaW4xMjM=", sec-ch-ua:""Not(A:Brand";v="8", "Chromium";v="144", "Google Chrome";v="144"", sec-ch-ua-mobile:"?0", sec-ch-ua-platform:""Windows"", Upgrade-Insecure-Requests:"1", User-Agent:"Mozilla/5.0 (Windows NT 10.0; Win64; x64) AppleWebKit/537.36 (KHTML, like Gecko) Chrome/144.0.0.0 Safari/537.36", Accept:"text/html,application/xhtml+xml,application/xml;q=0.9,image/avif,image/webp,image/apng,*/*;q=0.8,application/signed-exchange;v=b3;q=0.7", Sec-Fetch-Site:"none", Sec-Fetch-Mode:"navigate", Sec-Fetch-User:"?1", Sec-Fetch-Dest:"document", Accept-Encoding:"gzip, deflate, br, zstd", Accept-Language:"en-GB,en-US;q=0.9,en;q=0.8,te;q=0.7", X-Correlation-Id:"e026b20f-a34f-4ada-b1b0-ca3a6257b6b5", X-GATEWAY-KEY:"9f3a7c1d-very-secret-value", Forwarded:"proto=http;host="localhost:8085";for="[0:0:0:0:0:0:0:1]:55706"", X-Forwarded-For:"0:0:0:0:0:0:0:1", X-Forwarded-Proto:"http", X-Forwarded-Port:"8085", X-Forwarded-Host:"localhost:8085"]
2026-02-10T22:24:29.483+05:30 DEBUG 28868 --- [api-gateway] [parallel-7] g.f.h.o.ObservedRequestHttpHeadersFilter : Client observation  {name=http.client.requests(null), error=null, context=name='http.client.requests', contextualName='null', error='null', lowCardinalityKeyValues=[http.method='GET', http.status_code='UNKNOWN', spring.cloud.gateway.route.id='customer-api', spring.cloud.gateway.route.uri='lb://customer-api'], highCardinalityKeyValues=[http.uri='http://localhost:8085/api/customers/1/with-status'], map=[class io.micrometer.core.instrument.LongTaskTimer$Sample='SampleImpl{duration(seconds)=3.865E-4, duration(nanos)=386500.0, startTimeNanos=886734632543000}', class io.micrometer.core.instrument.Timer$Sample='io.micrometer.core.instrument.Timer$Sample@2428fbc0'], parentObservation=org.springframework.security.web.server.ObservationWebFilterChainDecorator$PhasedObservation@2aef0135} created for the request. New headers are [Host:"localhost:8085", Authorization:"Basic YWRtaW46YWRtaW4xMjM=", sec-ch-ua:""Not(A:Brand";v="8", "Chromium";v="144", "Google Chrome";v="144"", sec-ch-ua-mobile:"?0", sec-ch-ua-platform:""Windows"", Upgrade-Insecure-Requests:"1", User-Agent:"Mozilla/5.0 (Windows NT 10.0; Win64; x64) AppleWebKit/537.36 (KHTML, like Gecko) Chrome/144.0.0.0 Safari/537.36", Accept:"text/html,application/xhtml+xml,application/xml;q=0.9,image/avif,image/webp,image/apng,*/*;q=0.8,application/signed-exchange;v=b3;q=0.7", Sec-Fetch-Site:"none", Sec-Fetch-Mode:"navigate", Sec-Fetch-User:"?1", Sec-Fetch-Dest:"document", Accept-Encoding:"gzip, deflate, br, zstd", Accept-Language:"en-GB,en-US;q=0.9,en;q=0.8,te;q=0.7", X-Correlation-Id:"e026b20f-a34f-4ada-b1b0-ca3a6257b6b5", X-GATEWAY-KEY:"9f3a7c1d-very-secret-value", Forwarded:"proto=http;host="localhost:8085";for="[0:0:0:0:0:0:0:1]:55706"", X-Forwarded-For:"0:0:0:0:0:0:0:1", X-Forwarded-Proto:"http", X-Forwarded-Port:"8085", X-Forwarded-Host:"localhost:8085"]
2026-02-10T22:24:29.487+05:30 DEBUG 28868 --- [api-gateway] [reactor-http-nio-4] r.netty.http.client.HttpClientConnect    : [c1f68bb9-2, L:/192.168.1.9:60800 - R:/192.168.1.9:8088] Handler is being applied: {uri=http://192.168.1.9:8088/api/customers/1/with-status, method=GET}
2026-02-10T22:24:29.487+05:30 TRACE 28868 --- [api-gateway] [reactor-http-nio-4] o.s.c.gateway.filter.NettyRoutingFilter  : outbound route: c1f68bb9, inbound: [8888f222-6] 
2026-02-10T22:24:30.488+05:30 DEBUG 28868 --- [api-gateway] [reactor-http-nio-4] r.n.http.client.HttpClientOperations     : [c1f68bb9-2, L:/192.168.1.9:60800 - R:/192.168.1.9:8088] Received response (auto-read:false) : RESPONSE(decodeResult: success, version: HTTP/1.1)
HTTP/1.1 200 
Content-Type: <filtered>
Transfer-Encoding: <filtered>
Date: <filtered>
2026-02-10T22:24:30.493+05:30 DEBUG 28868 --- [api-gateway] [reactor-http-nio-4] .f.h.o.ObservedResponseHttpHeadersFilter : Will instrument the response
2026-02-10T22:24:30.493+05:30 DEBUG 28868 --- [api-gateway] [reactor-http-nio-4] .f.h.o.ObservedResponseHttpHeadersFilter : The response was handled for observation {name=http.client.requests(null), error=null, context=name='http.client.requests', contextualName='null', error='null', lowCardinalityKeyValues=[http.method='GET', http.status_code='UNKNOWN', spring.cloud.gateway.route.id='customer-api', spring.cloud.gateway.route.uri='lb://customer-api'], highCardinalityKeyValues=[http.uri='http://localhost:8085/api/customers/1/with-status'], map=[class io.micrometer.core.instrument.LongTaskTimer$Sample='SampleImpl{duration(seconds)=1.0110108, duration(nanos)=1.0110108E9, startTimeNanos=886734632543000}', class io.micrometer.core.instrument.Timer$Sample='io.micrometer.core.instrument.Timer$Sample@2428fbc0'], parentObservation=org.springframework.security.web.server.ObservationWebFilterChainDecorator$PhasedObservation@2aef0135}
2026-02-10T22:24:30.495+05:30  INFO 28868 --- [api-gateway] [reactor-http-nio-4] c.example.gateway.filter.LoggingFilter   : Response Status: 200 OK
2026-02-10T22:24:30.495+05:30 TRACE 28868 --- [api-gateway] [reactor-http-nio-4] o.s.c.g.filter.NettyWriteResponseFilter  : NettyWriteResponseFilter start inbound: c1f68bb9, outbound: [8888f222-6] 
2026-02-10T22:24:30.530+05:30 TRACE 28868 --- [api-gateway] [reactor-http-nio-4] o.s.c.g.filter.GatewayMetricsFilter      : spring.cloud.gateway.requests tags: [tag(httpMethod=GET),tag(httpStatusCode=200),tag(outcome=SUCCESSFUL),tag(routeId=customer-api),tag(routeUri=lb://customer-api),tag(status=OK)]
2026-02-10T22:24:30.535+05:30 DEBUG 28868 --- [api-gateway] [reactor-http-nio-4] r.n.http.client.HttpClientOperations     : [c1f68bb9-2, L:/192.168.1.9:60800 - R:/192.168.1.9:8088] Received last HTTP packet
2026-02-10T22:24:30.543+05:30  INFO 28868 --- [api-gateway] [reactor-http-nio-2] c.e.gateway.filter.CorrelationIdFilter   : Gateway completed | method=GET path=/api/customers/1/with-status status=200 durationMs=1067
2026-02-10T22:24:55.057+05:30 DEBUG 28868 --- [api-gateway] [DiscoveryClient-CacheRefreshExecutor-0] o.s.c.g.r.RouteDefinitionRouteLocator    : RouteDefinition ReactiveCompositeDiscoveryClient_API-GATEWAY applying {pattern=/api-gateway/**} to Path
2026-02-10T22:24:55.062+05:30 DEBUG 28868 --- [api-gateway] [DiscoveryClient-CacheRefreshExecutor-0] o.s.c.g.r.RouteDefinitionRouteLocator    : RouteDefinition ReactiveCompositeDiscoveryClient_API-GATEWAY applying filter {regexp=/api-gateway/?(?<remaining>.*), replacement=/${remaining}} to RewritePath
2026-02-10T22:24:55.063+05:30 DEBUG 28868 --- [api-gateway] [DiscoveryClient-CacheRefreshExecutor-0] o.s.c.g.r.RouteDefinitionRouteLocator    : RouteDefinition matched: ReactiveCompositeDiscoveryClient_API-GATEWAY
2026-02-10T22:24:55.064+05:30 DEBUG 28868 --- [api-gateway] [DiscoveryClient-CacheRefreshExecutor-0] o.s.c.g.r.RouteDefinitionRouteLocator    : RouteDefinition ReactiveCompositeDiscoveryClient_CUSTOMER-STATUS-SERVICE applying {pattern=/customer-status-service/**} to Path
2026-02-10T22:24:55.065+05:30 DEBUG 28868 --- [api-gateway] [DiscoveryClient-CacheRefreshExecutor-0] o.s.c.g.r.RouteDefinitionRouteLocator    : RouteDefinition ReactiveCompositeDiscoveryClient_CUSTOMER-STATUS-SERVICE applying filter {regexp=/customer-status-service/?(?<remaining>.*), replacement=/${remaining}} to RewritePath
2026-02-10T22:24:55.066+05:30 DEBUG 28868 --- [api-gateway] [DiscoveryClient-CacheRefreshExecutor-0] o.s.c.g.r.RouteDefinitionRouteLocator    : RouteDefinition matched: ReactiveCompositeDiscoveryClient_CUSTOMER-STATUS-SERVICE
2026-02-10T22:24:55.067+05:30 DEBUG 28868 --- [api-gateway] [DiscoveryClient-CacheRefreshExecutor-0] o.s.c.g.r.RouteDefinitionRouteLocator    : RouteDefinition ReactiveCompositeDiscoveryClient_CUSTOMER-API applying {pattern=/customer-api/**} to Path
2026-02-10T22:24:55.070+05:30 DEBUG 28868 --- [api-gateway] [DiscoveryClient-CacheRefreshExecutor-0] o.s.c.g.r.RouteDefinitionRouteLocator    : RouteDefinition ReactiveCompositeDiscoveryClient_CUSTOMER-API applying filter {regexp=/customer-api/?(?<remaining>.*), replacement=/${remaining}} to RewritePath
2026-02-10T22:24:55.072+05:30 DEBUG 28868 --- [api-gateway] [DiscoveryClient-CacheRefreshExecutor-0] o.s.c.g.r.RouteDefinitionRouteLocator    : RouteDefinition matched: ReactiveCompositeDiscoveryClient_CUSTOMER-API
2026-02-10T22:24:55.073+05:30 DEBUG 28868 --- [api-gateway] [DiscoveryClient-CacheRefreshExecutor-0] o.s.c.g.r.RouteDefinitionRouteLocator    : RouteDefinition customer-api applying {_genkey_0=/api/customers/**} to Path
2026-02-10T22:24:55.075+05:30 DEBUG 28868 --- [api-gateway] [DiscoveryClient-CacheRefreshExecutor-0] o.s.c.g.r.RouteDefinitionRouteLocator    : RouteDefinition customer-api applying filter {_genkey_0=X-GATEWAY-KEY} to RemoveRequestHeader
2026-02-10T22:24:55.077+05:30 DEBUG 28868 --- [api-gateway] [DiscoveryClient-CacheRefreshExecutor-0] o.s.c.g.r.RouteDefinitionRouteLocator    : RouteDefinition customer-api applying filter {_genkey_0=X-GATEWAY-KEY, _genkey_1=9f3a7c1d-very-secret-value} to AddRequestHeader
2026-02-10T22:24:55.079+05:30 DEBUG 28868 --- [api-gateway] [DiscoveryClient-CacheRefreshExecutor-0] o.s.c.g.r.RouteDefinitionRouteLocator    : RouteDefinition matched: customer-api
2026-02-10T22:24:55.079+05:30 DEBUG 28868 --- [api-gateway] [DiscoveryClient-CacheRefreshExecutor-0] o.s.c.g.r.RouteDefinitionRouteLocator    : RouteDefinition customer-status-service applying {_genkey_0=/status/**} to Path
2026-02-10T22:24:55.080+05:30 DEBUG 28868 --- [api-gateway] [DiscoveryClient-CacheRefreshExecutor-0] o.s.c.g.r.RouteDefinitionRouteLocator    : RouteDefinition customer-status-service applying filter {_genkey_0=X-GATEWAY-KEY} to RemoveRequestHeader
2026-02-10T22:24:55.081+05:30 DEBUG 28868 --- [api-gateway] [DiscoveryClient-CacheRefreshExecutor-0] o.s.c.g.r.RouteDefinitionRouteLocator    : RouteDefinition customer-status-service applying filter {_genkey_0=X-GATEWAY-KEY, _genkey_1=9f3a7c1d-very-secret-value} to AddRequestHeader
2026-02-10T22:24:55.082+05:30 DEBUG 28868 --- [api-gateway] [DiscoveryClient-CacheRefreshExecutor-0] o.s.c.g.r.RouteDefinitionRouteLocator    : RouteDefinition matched: customer-status-service
2026-02-10T22:24:55.090+05:30 DEBUG 28868 --- [api-gateway] [DiscoveryClient-CacheRefreshExecutor-0] o.s.c.g.filter.GatewayMetricsFilter      : New routes count: 5
